ARM GAS  C:\Users\maraz\AppData\Local\Temp\ccyEBQ4t.s 			page 1


   1              		.cpu cortex-m4
   2              		.arch armv7e-m
   3              		.fpu fpv4-sp-d16
   4              		.eabi_attribute 27, 1
   5              		.eabi_attribute 28, 1
   6              		.eabi_attribute 20, 1
   7              		.eabi_attribute 21, 1
   8              		.eabi_attribute 23, 3
   9              		.eabi_attribute 24, 1
  10              		.eabi_attribute 25, 1
  11              		.eabi_attribute 26, 1
  12              		.eabi_attribute 30, 1
  13              		.eabi_attribute 34, 1
  14              		.eabi_attribute 18, 4
  15              		.file	"main.c"
  16              		.text
  17              	.Ltext0:
  18              		.cfi_sections	.debug_frame
  19              		.file 1 "Core/Src/main.c"
  20              		.section	.text.MX_GPIO_Init,"ax",%progbits
  21              		.align	1
  22              		.syntax unified
  23              		.thumb
  24              		.thumb_func
  26              	MX_GPIO_Init:
  27              	.LFB142:
   1:Core/Src/main.c **** /* USER CODE BEGIN Header */
   2:Core/Src/main.c **** /**
   3:Core/Src/main.c ****   ******************************************************************************
   4:Core/Src/main.c ****   * @file           : main.c
   5:Core/Src/main.c ****   * @brief          : Main program body
   6:Core/Src/main.c ****   ******************************************************************************
   7:Core/Src/main.c ****   * @attention
   8:Core/Src/main.c ****   *
   9:Core/Src/main.c ****   * Copyright (c) 2025 STMicroelectronics.
  10:Core/Src/main.c ****   * All rights reserved.
  11:Core/Src/main.c ****   *
  12:Core/Src/main.c ****   * This software is licensed under terms that can be found in the LICENSE file
  13:Core/Src/main.c ****   * in the root directory of this software component.
  14:Core/Src/main.c ****   * If no LICENSE file comes with this software, it is provided AS-IS.
  15:Core/Src/main.c ****   *
  16:Core/Src/main.c ****   ******************************************************************************
  17:Core/Src/main.c ****   */
  18:Core/Src/main.c **** /* USER CODE END Header */
  19:Core/Src/main.c **** /* Includes ------------------------------------------------------------------*/
  20:Core/Src/main.c **** #include "main.h"
  21:Core/Src/main.c **** 
  22:Core/Src/main.c **** /* Private includes ----------------------------------------------------------*/
  23:Core/Src/main.c **** /* USER CODE BEGIN Includes */
  24:Core/Src/main.c **** #include <stdio.h>
  25:Core/Src/main.c **** #include <math.h>
  26:Core/Src/main.c **** #include "stm32f4xx.h"
  27:Core/Src/main.c **** #include "lcd_stm32f4.h"
  28:Core/Src/main.c **** /* USER CODE END Includes */
  29:Core/Src/main.c **** 
  30:Core/Src/main.c **** /* Private typedef -----------------------------------------------------------*/
  31:Core/Src/main.c **** /* USER CODE BEGIN PTD */
ARM GAS  C:\Users\maraz\AppData\Local\Temp\ccyEBQ4t.s 			page 2


  32:Core/Src/main.c **** 
  33:Core/Src/main.c **** /*   USER CODE END PTD */
  34:Core/Src/main.c **** 
  35:Core/Src/main.c **** /* Private define ------------------------------------------------------------*/
  36:Core/Src/main.c **** /* USER CODE BEGIN PD */
  37:Core/Src/main.c **** // TODO: Add values for below variables
  38:Core/Src/main.c **** #define NS    4095    // Number of samples in LUT
  39:Core/Src/main.c **** #define TIM2CLK  16000000 // STM Clock frequency: Hint You might want to check the ioc file
  40:Core/Src/main.c **** #define F_SIGNAL  0.07	// Frequency of output analog signal, was 125000
  41:Core/Src/main.c **** #define DEBOUNCE_DELAY_MS 200
  42:Core/Src/main.c **** #define NUM_OF_WAVEFORM 6
  43:Core/Src/main.c **** #define TIM2_Ticks (TIM2CLK / (NS * F_SIGNAL))
  44:Core/Src/main.c **** #define PWM_MAX     399
  45:Core/Src/main.c **** 
  46:Core/Src/main.c **** uint16_t *selectedLUT;
  47:Core/Src/main.c **** 
  48:Core/Src/main.c **** 
  49:Core/Src/main.c **** 
  50:Core/Src/main.c **** // F_signal to be changed experimentally, starting at theoretical max, (TIM2CLK / NS)
  51:Core/Src/main.c **** 
  52:Core/Src/main.c **** /* USER CODE END PD */
  53:Core/Src/main.c **** 
  54:Core/Src/main.c **** /* Private macro -------------------------------------------------------------*/
  55:Core/Src/main.c **** /* USER CODE BEGIN PM */
  56:Core/Src/main.c **** 
  57:Core/Src/main.c **** /* USER CODE END PM */
  58:Core/Src/main.c **** 
  59:Core/Src/main.c **** /* Private variables ---------------------------------------------------------*/
  60:Core/Src/main.c **** TIM_HandleTypeDef htim2;
  61:Core/Src/main.c **** TIM_HandleTypeDef htim3;
  62:Core/Src/main.c **** DMA_HandleTypeDef hdma_tim2_ch1;
  63:Core/Src/main.c **** 
  64:Core/Src/main.c **** /* USER CODE BEGIN PV */
  65:Core/Src/main.c **** // TODO: Add code for global variables, including LUTs
  66:Core/Src/main.c **** volatile uint32_t last_debounce_time = 0;
  67:Core/Src/main.c **** volatile uint32_t current_waveform_index = 0;
  68:Core/Src/main.c **** const char* WaveformNames[] = {"Sine", "Sawtooth", "Triangular", "Piano", "Guitar", "Drum"};
  69:Core/Src/main.c **** 
  70:Core/Src/main.c **** uint16_t sineLUT[NS] = { 2048, 2051, 2054, 2057, 2060, 2063, 2066, 2069, 2073, 2076, 2079, 2082, 20
  71:Core/Src/main.c **** 
  72:Core/Src/main.c **** uint16_t sawLUT[NS] = { 0, 1, 2, 3, 4, 5, 6, 7, 8, 9, 10, 11, 12, 13, 14, 15, 16, 17, 18, 19, 20, 2
  73:Core/Src/main.c **** 
  74:Core/Src/main.c **** uint16_t triangleLUT[NS] = { 0, 2, 4, 6, 8, 10, 12, 14, 16, 18, 20, 22, 24, 26, 28, 30, 32, 34, 36,
  75:Core/Src/main.c **** 
  76:Core/Src/main.c **** 
  77:Core/Src/main.c **** uint16_t Piano_LUT[NS] = { 2048, 2048, 2048, 2047, 2048, 2046, 1223, 2931, 1476, 2491, 1862, 1738, 
  78:Core/Src/main.c **** 
  79:Core/Src/main.c **** uint16_t Guitar_LUT[NS] = { 2048, 2048, 2048, 2048, 2048, 2048, 2048, 2048, 2048, 2048, 2048, 2139,
  80:Core/Src/main.c **** 
  81:Core/Src/main.c **** uint16_t Drum_LUT[NS] = { 2048, 2048, 2047, 2046, 2049, 2046, 2050, 2040, 2042, 2048, 1778, 2386, 6
  82:Core/Src/main.c **** 
  83:Core/Src/main.c **** // TODO: Equation to calculate TIM2_Ticks
  84:Core/Src/main.c **** //uint32_t TIM2_Ticks = 0; // How often to write new LUT value
  85:Core/Src/main.c **** //TIM2_Ticks = TIM2CLK/(NS)*(F_SIGNAL); // The TIM2_Ticks equation (mj coded).
  86:Core/Src/main.c **** uint32_t DestAddress = (uint32_t) &(TIM3->CCR3); // Write LUT TO TIM3->CCR3 to modify PWM duty cycl
  87:Core/Src/main.c **** 
  88:Core/Src/main.c **** 
ARM GAS  C:\Users\maraz\AppData\Local\Temp\ccyEBQ4t.s 			page 3


  89:Core/Src/main.c **** 
  90:Core/Src/main.c **** /* USER CODE END PV */
  91:Core/Src/main.c **** 
  92:Core/Src/main.c **** /* Private function prototypes -----------------------------------------------*/
  93:Core/Src/main.c **** void SystemClock_Config(void);
  94:Core/Src/main.c **** static void MX_GPIO_Init(void);
  95:Core/Src/main.c **** static void MX_DMA_Init(void);
  96:Core/Src/main.c **** static void MX_TIM2_Init(void);
  97:Core/Src/main.c **** static void MX_TIM3_Init(void);
  98:Core/Src/main.c **** /* USER CODE BEGIN PFP */
  99:Core/Src/main.c **** void EXTI0_IRQHandler(void);
 100:Core/Src/main.c **** /* USER CODE END PFP */
 101:Core/Src/main.c **** 
 102:Core/Src/main.c **** /* Private user code ---------------------------------------------------------*/
 103:Core/Src/main.c **** /* USER CODE BEGIN 0 */
 104:Core/Src/main.c **** 
 105:Core/Src/main.c **** /* USER CODE END 0 */
 106:Core/Src/main.c **** 
 107:Core/Src/main.c **** /**
 108:Core/Src/main.c ****   * @brief  The application entry point.
 109:Core/Src/main.c ****   * @retval int
 110:Core/Src/main.c ****   */
 111:Core/Src/main.c **** int main(void)
 112:Core/Src/main.c **** {
 113:Core/Src/main.c **** 
 114:Core/Src/main.c ****   /* USER CODE BEGIN 1 */
 115:Core/Src/main.c **** 
 116:Core/Src/main.c ****   /* USER CODE END 1 */
 117:Core/Src/main.c **** 
 118:Core/Src/main.c ****   /* MCU Configuration--------------------------------------------------------*/
 119:Core/Src/main.c **** 
 120:Core/Src/main.c ****   /* Reset of all peripherals, Initializes the Flash interface and the Systick. */
 121:Core/Src/main.c ****   HAL_Init();
 122:Core/Src/main.c **** 
 123:Core/Src/main.c ****   /* USER CODE BEGIN Init */
 124:Core/Src/main.c **** 
 125:Core/Src/main.c ****   /* USER CODE END Init */
 126:Core/Src/main.c **** 
 127:Core/Src/main.c ****   /* Configure the system clock */
 128:Core/Src/main.c ****   SystemClock_Config();
 129:Core/Src/main.c **** 
 130:Core/Src/main.c ****   /* USER CODE BEGIN SysInit */
 131:Core/Src/main.c **** 
 132:Core/Src/main.c ****   /* USER CODE END SysInit */
 133:Core/Src/main.c **** 
 134:Core/Src/main.c ****   /* Initialize all configured peripherals */
 135:Core/Src/main.c ****   MX_GPIO_Init();
 136:Core/Src/main.c ****   MX_DMA_Init();
 137:Core/Src/main.c ****   MX_TIM2_Init();
 138:Core/Src/main.c ****   MX_TIM3_Init();
 139:Core/Src/main.c ****   init_LCD();
 140:Core/Src/main.c ****   /* USER CODE BEGIN 2 */
 141:Core/Src/main.c ****   // TODO: Start TIM3 in PWM mode on channel 3
 142:Core/Src/main.c ****   //mj starting here:
 143:Core/Src/main.c **** //idk about this one:
 144:Core/Src/main.c ****  //__HAL_TIM_SET_COMPARE(&htim2, TIM_CHANNEL_1, TIM2_Ticks);
 145:Core/Src/main.c **** 
ARM GAS  C:\Users\maraz\AppData\Local\Temp\ccyEBQ4t.s 			page 4


 146:Core/Src/main.c ****   HAL_TIM_PWM_Start(&htim3, TIM_CHANNEL_3);
 147:Core/Src/main.c **** 
 148:Core/Src/main.c ****   // TODO: Start TIM2 in Output Compare (OC) mode on channel 1
 149:Core/Src/main.c ****   HAL_TIM_OC_Start(&htim2, TIM_CHANNEL_1);
 150:Core/Src/main.c **** 
 151:Core/Src/main.c ****   // TODO: Start DMA in IT mode on TIM2->CH1. Source is LUT and Dest is TIM3->CCR3; start with Sine
 152:Core/Src/main.c ****   HAL_DMA_Start_IT(&hdma_tim2_ch1, (uint16_t)sineLUT, DestAddress, NS);
 153:Core/Src/main.c **** 
 154:Core/Src/main.c ****   // TODO: Write current waveform to LCD(Sine is the first waveform)
 155:Core/Src/main.c ****   lcd_putstring("Sine");
 156:Core/Src/main.c **** 
 157:Core/Src/main.c ****   // TODO: Enable DMA (start transfer from LUT to CCR)
 158:Core/Src/main.c ****   __HAL_TIM_ENABLE_DMA(&htim2, TIM_DMA_CC1);
 159:Core/Src/main.c ****   /* USER CODE END 2 */
 160:Core/Src/main.c **** 
 161:Core/Src/main.c ****   /* Infinite loop */
 162:Core/Src/main.c ****   /* USER CODE BEGIN WHILE */
 163:Core/Src/main.c ****   while (1)
 164:Core/Src/main.c ****   {
 165:Core/Src/main.c ****     /* USER CODE END WHILE */
 166:Core/Src/main.c **** 
 167:Core/Src/main.c ****     /* USER CODE BEGIN 3 */
 168:Core/Src/main.c ****   }
 169:Core/Src/main.c ****   /* USER CODE END 3 */
 170:Core/Src/main.c **** }
 171:Core/Src/main.c **** 
 172:Core/Src/main.c **** /**
 173:Core/Src/main.c ****   * @brief System Clock Configuration
 174:Core/Src/main.c ****   * @retval None
 175:Core/Src/main.c ****   */
 176:Core/Src/main.c **** void SystemClock_Config(void)
 177:Core/Src/main.c **** {
 178:Core/Src/main.c ****   RCC_OscInitTypeDef RCC_OscInitStruct = {0};
 179:Core/Src/main.c ****   RCC_ClkInitTypeDef RCC_ClkInitStruct = {0};
 180:Core/Src/main.c **** 
 181:Core/Src/main.c ****   /** Configure the main internal regulator output voltage
 182:Core/Src/main.c ****   */
 183:Core/Src/main.c ****   __HAL_RCC_PWR_CLK_ENABLE();
 184:Core/Src/main.c ****   __HAL_PWR_VOLTAGESCALING_CONFIG(PWR_REGULATOR_VOLTAGE_SCALE3);
 185:Core/Src/main.c **** 
 186:Core/Src/main.c ****   /** Initializes the RCC Oscillators according to the specified parameters
 187:Core/Src/main.c ****   * in the RCC_OscInitTypeDef structure.
 188:Core/Src/main.c ****   */
 189:Core/Src/main.c ****   RCC_OscInitStruct.OscillatorType = RCC_OSCILLATORTYPE_HSI;
 190:Core/Src/main.c ****   RCC_OscInitStruct.HSIState = RCC_HSI_ON;
 191:Core/Src/main.c ****   RCC_OscInitStruct.HSICalibrationValue = RCC_HSICALIBRATION_DEFAULT;
 192:Core/Src/main.c ****   RCC_OscInitStruct.PLL.PLLState = RCC_PLL_NONE;
 193:Core/Src/main.c ****   if (HAL_RCC_OscConfig(&RCC_OscInitStruct) != HAL_OK)
 194:Core/Src/main.c ****   {
 195:Core/Src/main.c ****     Error_Handler();
 196:Core/Src/main.c ****   }
 197:Core/Src/main.c **** 
 198:Core/Src/main.c ****   /** Initializes the CPU, AHB and APB buses clocks
 199:Core/Src/main.c ****   */
 200:Core/Src/main.c ****   RCC_ClkInitStruct.ClockType = RCC_CLOCKTYPE_HCLK|RCC_CLOCKTYPE_SYSCLK
 201:Core/Src/main.c ****                               |RCC_CLOCKTYPE_PCLK1|RCC_CLOCKTYPE_PCLK2;
 202:Core/Src/main.c ****   RCC_ClkInitStruct.SYSCLKSource = RCC_SYSCLKSOURCE_HSI;
ARM GAS  C:\Users\maraz\AppData\Local\Temp\ccyEBQ4t.s 			page 5


 203:Core/Src/main.c ****   RCC_ClkInitStruct.AHBCLKDivider = RCC_SYSCLK_DIV1;
 204:Core/Src/main.c ****   RCC_ClkInitStruct.APB1CLKDivider = RCC_HCLK_DIV1;
 205:Core/Src/main.c ****   RCC_ClkInitStruct.APB2CLKDivider = RCC_HCLK_DIV1;
 206:Core/Src/main.c **** 
 207:Core/Src/main.c ****   if (HAL_RCC_ClockConfig(&RCC_ClkInitStruct, FLASH_LATENCY_0) != HAL_OK)
 208:Core/Src/main.c ****   {
 209:Core/Src/main.c ****     Error_Handler();
 210:Core/Src/main.c ****   }
 211:Core/Src/main.c **** }
 212:Core/Src/main.c **** 
 213:Core/Src/main.c **** /**
 214:Core/Src/main.c ****   * @brief TIM2 Initialization Function
 215:Core/Src/main.c ****   * @param None
 216:Core/Src/main.c ****   * @retval None
 217:Core/Src/main.c ****   */
 218:Core/Src/main.c **** static void MX_TIM2_Init(void)
 219:Core/Src/main.c **** {
 220:Core/Src/main.c **** 
 221:Core/Src/main.c ****   /* USER CODE BEGIN TIM2_Init 0 */
 222:Core/Src/main.c **** 
 223:Core/Src/main.c ****   /* USER CODE END TIM2_Init 0 */
 224:Core/Src/main.c **** 
 225:Core/Src/main.c ****   TIM_ClockConfigTypeDef sClockSourceConfig = {0};
 226:Core/Src/main.c ****   TIM_MasterConfigTypeDef sMasterConfig = {0};
 227:Core/Src/main.c ****   TIM_OC_InitTypeDef sConfigOC = {0};
 228:Core/Src/main.c **** 
 229:Core/Src/main.c ****   /* USER CODE BEGIN TIM2_Init 1 */
 230:Core/Src/main.c **** 
 231:Core/Src/main.c ****   /* USER CODE END TIM2_Init 1 */
 232:Core/Src/main.c ****   htim2.Instance = TIM2;
 233:Core/Src/main.c ****   htim2.Init.Prescaler = 0;
 234:Core/Src/main.c ****   htim2.Init.CounterMode = TIM_COUNTERMODE_UP;
 235:Core/Src/main.c ****   //htim2.Init.Period = 4294967295;
 236:Core/Src/main.c ****   htim2.Init.Period = TIM2_Ticks - 1;
 237:Core/Src/main.c ****   htim2.Init.ClockDivision = TIM_CLOCKDIVISION_DIV1;
 238:Core/Src/main.c ****   htim2.Init.AutoReloadPreload = TIM_AUTORELOAD_PRELOAD_DISABLE;
 239:Core/Src/main.c ****   if (HAL_TIM_Base_Init(&htim2) != HAL_OK)
 240:Core/Src/main.c ****   {
 241:Core/Src/main.c ****     Error_Handler();
 242:Core/Src/main.c ****   }
 243:Core/Src/main.c ****   sClockSourceConfig.ClockSource = TIM_CLOCKSOURCE_INTERNAL;
 244:Core/Src/main.c ****   if (HAL_TIM_ConfigClockSource(&htim2, &sClockSourceConfig) != HAL_OK)
 245:Core/Src/main.c ****   {
 246:Core/Src/main.c ****     Error_Handler();
 247:Core/Src/main.c ****   }
 248:Core/Src/main.c ****   if (HAL_TIM_OC_Init(&htim2) != HAL_OK)
 249:Core/Src/main.c ****   {
 250:Core/Src/main.c ****     Error_Handler();
 251:Core/Src/main.c ****   }
 252:Core/Src/main.c ****   sMasterConfig.MasterOutputTrigger = TIM_TRGO_RESET;
 253:Core/Src/main.c ****   sMasterConfig.MasterSlaveMode = TIM_MASTERSLAVEMODE_DISABLE;
 254:Core/Src/main.c ****   if (HAL_TIMEx_MasterConfigSynchronization(&htim2, &sMasterConfig) != HAL_OK)
 255:Core/Src/main.c ****   {
 256:Core/Src/main.c ****     Error_Handler();
 257:Core/Src/main.c ****   }
 258:Core/Src/main.c ****   sConfigOC.OCMode = TIM_OCMODE_TIMING;
 259:Core/Src/main.c ****   sConfigOC.Pulse = 0;
ARM GAS  C:\Users\maraz\AppData\Local\Temp\ccyEBQ4t.s 			page 6


 260:Core/Src/main.c ****   sConfigOC.OCPolarity = TIM_OCPOLARITY_HIGH;
 261:Core/Src/main.c ****   sConfigOC.OCFastMode = TIM_OCFAST_DISABLE;
 262:Core/Src/main.c ****   if (HAL_TIM_OC_ConfigChannel(&htim2, &sConfigOC, TIM_CHANNEL_1) != HAL_OK)
 263:Core/Src/main.c ****   {
 264:Core/Src/main.c ****     Error_Handler();
 265:Core/Src/main.c ****   }
 266:Core/Src/main.c ****   /* USER CODE BEGIN TIM2_Init 2 */
 267:Core/Src/main.c ****   /* TIM2_CH1 DMA Init */
 268:Core/Src/main.c ****   __HAL_RCC_DMA1_CLK_ENABLE();
 269:Core/Src/main.c **** 
 270:Core/Src/main.c ****   hdma_tim2_ch1.Instance = DMA1_Stream5;
 271:Core/Src/main.c ****   hdma_tim2_ch1.Init.Channel = DMA_CHANNEL_3;         // TIM2_CH1 is on channel 3
 272:Core/Src/main.c ****   hdma_tim2_ch1.Init.Direction = DMA_MEMORY_TO_PERIPH; // Memory -> TIM3->CCR3
 273:Core/Src/main.c ****   hdma_tim2_ch1.Init.PeriphInc = DMA_PINC_DISABLE;    // Peripheral address fixed
 274:Core/Src/main.c ****   hdma_tim2_ch1.Init.MemInc = DMA_MINC_ENABLE;        // Memory address increments
 275:Core/Src/main.c ****   hdma_tim2_ch1.Init.PeriphDataAlignment = DMA_PDATAALIGN_WORD;
 276:Core/Src/main.c ****   hdma_tim2_ch1.Init.MemDataAlignment = DMA_MDATAALIGN_WORD;
 277:Core/Src/main.c ****   hdma_tim2_ch1.Init.Mode = DMA_CIRCULAR;            // Repeat LUT automatically
 278:Core/Src/main.c ****   hdma_tim2_ch1.Init.Priority = DMA_PRIORITY_HIGH;
 279:Core/Src/main.c ****   hdma_tim2_ch1.Init.FIFOMode = DMA_FIFOMODE_DISABLE;
 280:Core/Src/main.c **** 
 281:Core/Src/main.c ****   if (HAL_DMA_Init(&hdma_tim2_ch1) != HAL_OK)
 282:Core/Src/main.c ****   {
 283:Core/Src/main.c ****       Error_Handler();
 284:Core/Src/main.c ****   }
 285:Core/Src/main.c **** 
 286:Core/Src/main.c ****   /* Link DMA handle to TIM2 handle */
 287:Core/Src/main.c ****   __HAL_LINKDMA(&htim2, hdma[TIM_DMA_ID_CC1], hdma_tim2_ch1);
 288:Core/Src/main.c ****   /* USER CODE END TIM2_Init 2 */
 289:Core/Src/main.c **** 
 290:Core/Src/main.c **** }
 291:Core/Src/main.c **** 
 292:Core/Src/main.c **** /**
 293:Core/Src/main.c ****   * @brief TIM3 Initialization Function
 294:Core/Src/main.c ****   * @param None
 295:Core/Src/main.c ****   * @retval None
 296:Core/Src/main.c ****   */
 297:Core/Src/main.c **** static void MX_TIM3_Init(void)
 298:Core/Src/main.c **** {
 299:Core/Src/main.c **** 
 300:Core/Src/main.c ****   /* USER CODE BEGIN TIM3_Init 0 */
 301:Core/Src/main.c **** 
 302:Core/Src/main.c ****   /* USER CODE END TIM3_Init 0 */
 303:Core/Src/main.c **** 
 304:Core/Src/main.c ****   TIM_ClockConfigTypeDef sClockSourceConfig = {0};
 305:Core/Src/main.c ****   TIM_MasterConfigTypeDef sMasterConfig = {0};
 306:Core/Src/main.c ****   TIM_OC_InitTypeDef sConfigOC = {0};
 307:Core/Src/main.c **** 
 308:Core/Src/main.c ****   /* USER CODE BEGIN TIM3_Init 1 */
 309:Core/Src/main.c **** 
 310:Core/Src/main.c ****   /* USER CODE END TIM3_Init 1 */
 311:Core/Src/main.c ****   htim3.Instance = TIM3;
 312:Core/Src/main.c ****   htim3.Init.Prescaler = 0;
 313:Core/Src/main.c ****   htim3.Init.CounterMode = TIM_COUNTERMODE_UP;
 314:Core/Src/main.c ****   //RISKY CHANGE - mj:
 315:Core/Src/main.c ****   // prev code:   htim3.Init.Period = 65535;
 316:Core/Src/main.c ****   htim3.Init.Period = 4095;
ARM GAS  C:\Users\maraz\AppData\Local\Temp\ccyEBQ4t.s 			page 7


 317:Core/Src/main.c ****   htim3.Init.ClockDivision = TIM_CLOCKDIVISION_DIV1;
 318:Core/Src/main.c ****   htim3.Init.AutoReloadPreload = TIM_AUTORELOAD_PRELOAD_DISABLE;
 319:Core/Src/main.c ****   if (HAL_TIM_Base_Init(&htim3) != HAL_OK)
 320:Core/Src/main.c ****   {
 321:Core/Src/main.c ****     Error_Handler();
 322:Core/Src/main.c ****   }
 323:Core/Src/main.c ****   sClockSourceConfig.ClockSource = TIM_CLOCKSOURCE_INTERNAL;
 324:Core/Src/main.c ****   if (HAL_TIM_ConfigClockSource(&htim3, &sClockSourceConfig) != HAL_OK)
 325:Core/Src/main.c ****   {
 326:Core/Src/main.c ****     Error_Handler();
 327:Core/Src/main.c ****   }
 328:Core/Src/main.c ****   if (HAL_TIM_PWM_Init(&htim3) != HAL_OK)
 329:Core/Src/main.c ****   {
 330:Core/Src/main.c ****     Error_Handler();
 331:Core/Src/main.c ****   }
 332:Core/Src/main.c ****   sMasterConfig.MasterOutputTrigger = TIM_TRGO_RESET;
 333:Core/Src/main.c ****   sMasterConfig.MasterSlaveMode = TIM_MASTERSLAVEMODE_DISABLE;
 334:Core/Src/main.c ****   if (HAL_TIMEx_MasterConfigSynchronization(&htim3, &sMasterConfig) != HAL_OK)
 335:Core/Src/main.c ****   {
 336:Core/Src/main.c ****     Error_Handler();
 337:Core/Src/main.c ****   }
 338:Core/Src/main.c ****   sConfigOC.OCMode = TIM_OCMODE_PWM1;
 339:Core/Src/main.c ****   sConfigOC.Pulse = 0;
 340:Core/Src/main.c ****   sConfigOC.OCPolarity = TIM_OCPOLARITY_HIGH;
 341:Core/Src/main.c ****   sConfigOC.OCFastMode = TIM_OCFAST_DISABLE;
 342:Core/Src/main.c ****   if (HAL_TIM_PWM_ConfigChannel(&htim3, &sConfigOC, TIM_CHANNEL_3) != HAL_OK)
 343:Core/Src/main.c ****   {
 344:Core/Src/main.c ****     Error_Handler();
 345:Core/Src/main.c ****   }
 346:Core/Src/main.c ****   /* USER CODE BEGIN TIM3_Init 2 */
 347:Core/Src/main.c **** 
 348:Core/Src/main.c ****   /* USER CODE END TIM3_Init 2 */
 349:Core/Src/main.c ****   HAL_TIM_MspPostInit(&htim3);
 350:Core/Src/main.c **** 
 351:Core/Src/main.c **** }
 352:Core/Src/main.c **** 
 353:Core/Src/main.c **** /**
 354:Core/Src/main.c ****   * Enable DMA controller clock
 355:Core/Src/main.c ****   */
 356:Core/Src/main.c **** static void MX_DMA_Init(void)
 357:Core/Src/main.c **** {
 358:Core/Src/main.c **** 
 359:Core/Src/main.c ****   /* DMA controller clock enable */
 360:Core/Src/main.c ****   __HAL_RCC_DMA1_CLK_ENABLE();
 361:Core/Src/main.c **** 
 362:Core/Src/main.c ****   /* DMA interrupt init */
 363:Core/Src/main.c ****   /* DMA1_Stream5_IRQn interrupt configuration */
 364:Core/Src/main.c ****   HAL_NVIC_SetPriority(DMA1_Stream5_IRQn, 0, 0);
 365:Core/Src/main.c ****   HAL_NVIC_EnableIRQ(DMA1_Stream5_IRQn);
 366:Core/Src/main.c **** 
 367:Core/Src/main.c **** }
 368:Core/Src/main.c **** 
 369:Core/Src/main.c **** /**
 370:Core/Src/main.c ****   * @brief GPIO Initialization Function
 371:Core/Src/main.c ****   * @param None
 372:Core/Src/main.c ****   * @retval None
 373:Core/Src/main.c ****   */
ARM GAS  C:\Users\maraz\AppData\Local\Temp\ccyEBQ4t.s 			page 8


 374:Core/Src/main.c **** static void MX_GPIO_Init(void)
 375:Core/Src/main.c **** {
  28              		.loc 1 375 1 view -0
  29              		.cfi_startproc
  30              		@ args = 0, pretend = 0, frame = 32
  31              		@ frame_needed = 0, uses_anonymous_args = 0
  32 0000 2DE9F04F 		push	{r4, r5, r6, r7, r8, r9, r10, fp, lr}
  33              	.LCFI0:
  34              		.cfi_def_cfa_offset 36
  35              		.cfi_offset 4, -36
  36              		.cfi_offset 5, -32
  37              		.cfi_offset 6, -28
  38              		.cfi_offset 7, -24
  39              		.cfi_offset 8, -20
  40              		.cfi_offset 9, -16
  41              		.cfi_offset 10, -12
  42              		.cfi_offset 11, -8
  43              		.cfi_offset 14, -4
  44 0004 89B0     		sub	sp, sp, #36
  45              	.LCFI1:
  46              		.cfi_def_cfa_offset 72
 376:Core/Src/main.c ****   GPIO_InitTypeDef GPIO_InitStruct = {0};
  47              		.loc 1 376 3 view .LVU1
  48              		.loc 1 376 20 is_stmt 0 view .LVU2
  49 0006 0024     		movs	r4, #0
  50 0008 0394     		str	r4, [sp, #12]
  51 000a 0494     		str	r4, [sp, #16]
  52 000c 0594     		str	r4, [sp, #20]
  53 000e 0694     		str	r4, [sp, #24]
  54 0010 0794     		str	r4, [sp, #28]
 377:Core/Src/main.c ****   /* USER CODE BEGIN MX_GPIO_Init_1 */
 378:Core/Src/main.c **** 
 379:Core/Src/main.c ****   /* USER CODE END MX_GPIO_Init_1 */
 380:Core/Src/main.c **** 
 381:Core/Src/main.c ****   /* GPIO Ports Clock Enable */
 382:Core/Src/main.c ****   __HAL_RCC_GPIOH_CLK_ENABLE();
  55              		.loc 1 382 3 is_stmt 1 view .LVU3
  56              	.LBB4:
  57              		.loc 1 382 3 view .LVU4
  58 0012 0094     		str	r4, [sp]
  59              		.loc 1 382 3 view .LVU5
  60 0014 2F4B     		ldr	r3, .L3
  61 0016 1A6B     		ldr	r2, [r3, #48]
  62 0018 42F08002 		orr	r2, r2, #128
  63 001c 1A63     		str	r2, [r3, #48]
  64              		.loc 1 382 3 view .LVU6
  65 001e 1A6B     		ldr	r2, [r3, #48]
  66 0020 02F08002 		and	r2, r2, #128
  67 0024 0092     		str	r2, [sp]
  68              		.loc 1 382 3 view .LVU7
  69 0026 009A     		ldr	r2, [sp]
  70              	.LBE4:
  71              		.loc 1 382 3 view .LVU8
 383:Core/Src/main.c ****   __HAL_RCC_GPIOA_CLK_ENABLE();
  72              		.loc 1 383 3 view .LVU9
  73              	.LBB5:
  74              		.loc 1 383 3 view .LVU10
ARM GAS  C:\Users\maraz\AppData\Local\Temp\ccyEBQ4t.s 			page 9


  75 0028 0194     		str	r4, [sp, #4]
  76              		.loc 1 383 3 view .LVU11
  77 002a 1A6B     		ldr	r2, [r3, #48]
  78 002c 42F00102 		orr	r2, r2, #1
  79 0030 1A63     		str	r2, [r3, #48]
  80              		.loc 1 383 3 view .LVU12
  81 0032 1A6B     		ldr	r2, [r3, #48]
  82 0034 02F00102 		and	r2, r2, #1
  83 0038 0192     		str	r2, [sp, #4]
  84              		.loc 1 383 3 view .LVU13
  85 003a 019A     		ldr	r2, [sp, #4]
  86              	.LBE5:
  87              		.loc 1 383 3 view .LVU14
 384:Core/Src/main.c ****   __HAL_RCC_GPIOB_CLK_ENABLE();
  88              		.loc 1 384 3 view .LVU15
  89              	.LBB6:
  90              		.loc 1 384 3 view .LVU16
  91 003c 0294     		str	r4, [sp, #8]
  92              		.loc 1 384 3 view .LVU17
  93 003e 1A6B     		ldr	r2, [r3, #48]
  94 0040 42F00202 		orr	r2, r2, #2
  95 0044 1A63     		str	r2, [r3, #48]
  96              		.loc 1 384 3 view .LVU18
  97 0046 1B6B     		ldr	r3, [r3, #48]
  98 0048 03F00203 		and	r3, r3, #2
  99 004c 0293     		str	r3, [sp, #8]
 100              		.loc 1 384 3 view .LVU19
 101 004e 029B     		ldr	r3, [sp, #8]
 102              	.LBE6:
 103              		.loc 1 384 3 view .LVU20
 385:Core/Src/main.c **** 
 386:Core/Src/main.c ****   // -------------------------------
 387:Core/Src/main.c ****   // LCD pins configuration
 388:Core/Src/main.c ****   // -------------------------------
 389:Core/Src/main.c ****   // Configure PC14 (RS) and PC15 (E) as output push-pull
 390:Core/Src/main.c ****   GPIO_InitStruct.Pin = GPIO_PIN_14 | GPIO_PIN_15;
 104              		.loc 1 390 3 view .LVU21
 105              		.loc 1 390 23 is_stmt 0 view .LVU22
 106 0050 4FF4404B 		mov	fp, #49152
 107 0054 CDF80CB0 		str	fp, [sp, #12]
 391:Core/Src/main.c ****   GPIO_InitStruct.Mode = GPIO_MODE_OUTPUT_PP;
 108              		.loc 1 391 3 is_stmt 1 view .LVU23
 109              		.loc 1 391 24 is_stmt 0 view .LVU24
 110 0058 0126     		movs	r6, #1
 111 005a 0496     		str	r6, [sp, #16]
 392:Core/Src/main.c ****   GPIO_InitStruct.Pull = GPIO_NOPULL;
 112              		.loc 1 392 3 is_stmt 1 view .LVU25
 393:Core/Src/main.c ****   GPIO_InitStruct.Speed = GPIO_SPEED_FREQ_LOW;
 113              		.loc 1 393 3 view .LVU26
 394:Core/Src/main.c ****   HAL_GPIO_Init(GPIOC, &GPIO_InitStruct);
 114              		.loc 1 394 3 view .LVU27
 115 005c DFF87CA0 		ldr	r10, .L3+8
 116 0060 03A9     		add	r1, sp, #12
 117 0062 5046     		mov	r0, r10
 118 0064 FFF7FEFF 		bl	HAL_GPIO_Init
 119              	.LVL0:
 395:Core/Src/main.c **** 
ARM GAS  C:\Users\maraz\AppData\Local\Temp\ccyEBQ4t.s 			page 10


 396:Core/Src/main.c ****   // Configure PB8 (D4) and PB9 (D5) as output push-pull
 397:Core/Src/main.c ****   GPIO_InitStruct.Pin = GPIO_PIN_8 | GPIO_PIN_9;
 120              		.loc 1 397 3 view .LVU28
 121              		.loc 1 397 23 is_stmt 0 view .LVU29
 122 0068 4FF44079 		mov	r9, #768
 123 006c CDF80C90 		str	r9, [sp, #12]
 398:Core/Src/main.c ****   HAL_GPIO_Init(GPIOB, &GPIO_InitStruct);
 124              		.loc 1 398 3 is_stmt 1 view .LVU30
 125 0070 DFF86C80 		ldr	r8, .L3+12
 126 0074 03A9     		add	r1, sp, #12
 127 0076 4046     		mov	r0, r8
 128 0078 FFF7FEFF 		bl	HAL_GPIO_Init
 129              	.LVL1:
 399:Core/Src/main.c **** 
 400:Core/Src/main.c ****   // Configure PA12 (D6) and PA15 (D7) as output push-pull
 401:Core/Src/main.c ****   GPIO_InitStruct.Pin = GPIO_PIN_12 | GPIO_PIN_15;
 130              		.loc 1 401 3 view .LVU31
 131              		.loc 1 401 23 is_stmt 0 view .LVU32
 132 007c 4FF41047 		mov	r7, #36864
 133 0080 0397     		str	r7, [sp, #12]
 402:Core/Src/main.c ****   HAL_GPIO_Init(GPIOA, &GPIO_InitStruct);
 134              		.loc 1 402 3 is_stmt 1 view .LVU33
 135 0082 154D     		ldr	r5, .L3+4
 136 0084 03A9     		add	r1, sp, #12
 137 0086 2846     		mov	r0, r5
 138 0088 FFF7FEFF 		bl	HAL_GPIO_Init
 139              	.LVL2:
 403:Core/Src/main.c **** 
 404:Core/Src/main.c ****   // Set all LCD pins LOW initially
 405:Core/Src/main.c ****   HAL_GPIO_WritePin(GPIOC, GPIO_PIN_14 | GPIO_PIN_15, GPIO_PIN_RESET);
 140              		.loc 1 405 3 view .LVU34
 141 008c 2246     		mov	r2, r4
 142 008e 5946     		mov	r1, fp
 143 0090 5046     		mov	r0, r10
 144 0092 FFF7FEFF 		bl	HAL_GPIO_WritePin
 145              	.LVL3:
 406:Core/Src/main.c ****   HAL_GPIO_WritePin(GPIOB, GPIO_PIN_8 | GPIO_PIN_9, GPIO_PIN_RESET);
 146              		.loc 1 406 3 view .LVU35
 147 0096 2246     		mov	r2, r4
 148 0098 4946     		mov	r1, r9
 149 009a 4046     		mov	r0, r8
 150 009c FFF7FEFF 		bl	HAL_GPIO_WritePin
 151              	.LVL4:
 407:Core/Src/main.c ****   HAL_GPIO_WritePin(GPIOA, GPIO_PIN_12 | GPIO_PIN_15, GPIO_PIN_RESET);
 152              		.loc 1 407 3 view .LVU36
 153 00a0 2246     		mov	r2, r4
 154 00a2 3946     		mov	r1, r7
 155 00a4 2846     		mov	r0, r5
 156 00a6 FFF7FEFF 		bl	HAL_GPIO_WritePin
 157              	.LVL5:
 408:Core/Src/main.c **** 
 409:Core/Src/main.c **** 
 410:Core/Src/main.c ****   // -------------------------------
 411:Core/Src/main.c ****   // Button0 configuration (PA0)
 412:Core/Src/main.c ****   // -------------------------------
 413:Core/Src/main.c ****   GPIO_InitStruct.Pin = Button0_Pin;
 158              		.loc 1 413 3 view .LVU37
ARM GAS  C:\Users\maraz\AppData\Local\Temp\ccyEBQ4t.s 			page 11


 159              		.loc 1 413 23 is_stmt 0 view .LVU38
 160 00aa 0396     		str	r6, [sp, #12]
 414:Core/Src/main.c ****   GPIO_InitStruct.Mode = GPIO_MODE_IT_RISING; // Interrupt on rising edge
 161              		.loc 1 414 3 is_stmt 1 view .LVU39
 162              		.loc 1 414 24 is_stmt 0 view .LVU40
 163 00ac 4FF48813 		mov	r3, #1114112
 164 00b0 0493     		str	r3, [sp, #16]
 415:Core/Src/main.c ****   GPIO_InitStruct.Pull = GPIO_PULLUP;         // Use pull-up resistor
 165              		.loc 1 415 3 is_stmt 1 view .LVU41
 166              		.loc 1 415 24 is_stmt 0 view .LVU42
 167 00b2 0596     		str	r6, [sp, #20]
 416:Core/Src/main.c ****   HAL_GPIO_Init(GPIOA, &GPIO_InitStruct);
 168              		.loc 1 416 3 is_stmt 1 view .LVU43
 169 00b4 03A9     		add	r1, sp, #12
 170 00b6 2846     		mov	r0, r5
 171 00b8 FFF7FEFF 		bl	HAL_GPIO_Init
 172              	.LVL6:
 417:Core/Src/main.c **** 
 418:Core/Src/main.c ****   // Enable and set EXTI line 0 interrupt priority
 419:Core/Src/main.c ****   HAL_NVIC_SetPriority(EXTI0_IRQn, 2, 0);
 173              		.loc 1 419 3 view .LVU44
 174 00bc 2246     		mov	r2, r4
 175 00be 0221     		movs	r1, #2
 176 00c0 0620     		movs	r0, #6
 177 00c2 FFF7FEFF 		bl	HAL_NVIC_SetPriority
 178              	.LVL7:
 420:Core/Src/main.c ****   HAL_NVIC_EnableIRQ(EXTI0_IRQn);
 179              		.loc 1 420 3 view .LVU45
 180 00c6 0620     		movs	r0, #6
 181 00c8 FFF7FEFF 		bl	HAL_NVIC_EnableIRQ
 182              	.LVL8:
 421:Core/Src/main.c **** 
 422:Core/Src/main.c ****   /* USER CODE END MX_GPIO_Init_2 */
 423:Core/Src/main.c **** }
 183              		.loc 1 423 1 is_stmt 0 view .LVU46
 184 00cc 09B0     		add	sp, sp, #36
 185              	.LCFI2:
 186              		.cfi_def_cfa_offset 36
 187              		@ sp needed
 188 00ce BDE8F08F 		pop	{r4, r5, r6, r7, r8, r9, r10, fp, pc}
 189              	.L4:
 190 00d2 00BF     		.align	2
 191              	.L3:
 192 00d4 00380240 		.word	1073887232
 193 00d8 00000240 		.word	1073872896
 194 00dc 00080240 		.word	1073874944
 195 00e0 00040240 		.word	1073873920
 196              		.cfi_endproc
 197              	.LFE142:
 199              		.section	.text.MX_DMA_Init,"ax",%progbits
 200              		.align	1
 201              		.syntax unified
 202              		.thumb
 203              		.thumb_func
 205              	MX_DMA_Init:
 206              	.LFB141:
 357:Core/Src/main.c **** 
ARM GAS  C:\Users\maraz\AppData\Local\Temp\ccyEBQ4t.s 			page 12


 207              		.loc 1 357 1 is_stmt 1 view -0
 208              		.cfi_startproc
 209              		@ args = 0, pretend = 0, frame = 8
 210              		@ frame_needed = 0, uses_anonymous_args = 0
 211 0000 00B5     		push	{lr}
 212              	.LCFI3:
 213              		.cfi_def_cfa_offset 4
 214              		.cfi_offset 14, -4
 215 0002 83B0     		sub	sp, sp, #12
 216              	.LCFI4:
 217              		.cfi_def_cfa_offset 16
 360:Core/Src/main.c **** 
 218              		.loc 1 360 3 view .LVU48
 219              	.LBB7:
 360:Core/Src/main.c **** 
 220              		.loc 1 360 3 view .LVU49
 221 0004 0021     		movs	r1, #0
 222 0006 0191     		str	r1, [sp, #4]
 360:Core/Src/main.c **** 
 223              		.loc 1 360 3 view .LVU50
 224 0008 094B     		ldr	r3, .L7
 225 000a 1A6B     		ldr	r2, [r3, #48]
 226 000c 42F40012 		orr	r2, r2, #2097152
 227 0010 1A63     		str	r2, [r3, #48]
 360:Core/Src/main.c **** 
 228              		.loc 1 360 3 view .LVU51
 229 0012 1B6B     		ldr	r3, [r3, #48]
 230 0014 03F40013 		and	r3, r3, #2097152
 231 0018 0193     		str	r3, [sp, #4]
 360:Core/Src/main.c **** 
 232              		.loc 1 360 3 view .LVU52
 233 001a 019B     		ldr	r3, [sp, #4]
 234              	.LBE7:
 360:Core/Src/main.c **** 
 235              		.loc 1 360 3 view .LVU53
 364:Core/Src/main.c ****   HAL_NVIC_EnableIRQ(DMA1_Stream5_IRQn);
 236              		.loc 1 364 3 view .LVU54
 237 001c 0A46     		mov	r2, r1
 238 001e 1020     		movs	r0, #16
 239 0020 FFF7FEFF 		bl	HAL_NVIC_SetPriority
 240              	.LVL9:
 365:Core/Src/main.c **** 
 241              		.loc 1 365 3 view .LVU55
 242 0024 1020     		movs	r0, #16
 243 0026 FFF7FEFF 		bl	HAL_NVIC_EnableIRQ
 244              	.LVL10:
 367:Core/Src/main.c **** 
 245              		.loc 1 367 1 is_stmt 0 view .LVU56
 246 002a 03B0     		add	sp, sp, #12
 247              	.LCFI5:
 248              		.cfi_def_cfa_offset 4
 249              		@ sp needed
 250 002c 5DF804FB 		ldr	pc, [sp], #4
 251              	.L8:
 252              		.align	2
 253              	.L7:
 254 0030 00380240 		.word	1073887232
ARM GAS  C:\Users\maraz\AppData\Local\Temp\ccyEBQ4t.s 			page 13


 255              		.cfi_endproc
 256              	.LFE141:
 258              		.section	.text.EXTI0_IRQHandler,"ax",%progbits
 259              		.align	1
 260              		.global	EXTI0_IRQHandler
 261              		.syntax unified
 262              		.thumb
 263              		.thumb_func
 265              	EXTI0_IRQHandler:
 266              	.LFB143:
 424:Core/Src/main.c **** 
 425:Core/Src/main.c **** /* USER CODE BEGIN 4 */
 426:Core/Src/main.c **** void EXTI0_IRQHandler(void)
 427:Core/Src/main.c **** {
 267              		.loc 1 427 1 is_stmt 1 view -0
 268              		.cfi_startproc
 269              		@ args = 0, pretend = 0, frame = 0
 270              		@ frame_needed = 0, uses_anonymous_args = 0
 271 0000 08B5     		push	{r3, lr}
 272              	.LCFI6:
 273              		.cfi_def_cfa_offset 8
 274              		.cfi_offset 3, -8
 275              		.cfi_offset 14, -4
 428:Core/Src/main.c **** 
 429:Core/Src/main.c **** 	// TODO: Debounce using HAL_GetTick()
 430:Core/Src/main.c **** 	uint32_t currentTime = HAL_GetTick();
 276              		.loc 1 430 2 view .LVU58
 277              		.loc 1 430 25 is_stmt 0 view .LVU59
 278 0002 FFF7FEFF 		bl	HAL_GetTick
 279              	.LVL11:
 431:Core/Src/main.c **** 	if((currentTime - last_debounce_time) < DEBOUNCE_DELAY_MS )
 280              		.loc 1 431 2 is_stmt 1 view .LVU60
 281              		.loc 1 431 18 is_stmt 0 view .LVU61
 282 0006 2C4B     		ldr	r3, .L22
 283 0008 1B68     		ldr	r3, [r3]
 284 000a C31A     		subs	r3, r0, r3
 285              		.loc 1 431 4 view .LVU62
 286 000c C72B     		cmp	r3, #199
 287 000e 00D8     		bhi	.L21
 288              	.LVL12:
 289              	.L9:
 432:Core/Src/main.c **** 	{
 433:Core/Src/main.c **** 		return; //ignore if within debounce window
 434:Core/Src/main.c **** 	}
 435:Core/Src/main.c **** 
 436:Core/Src/main.c **** 	last_debounce_time = currentTime;
 437:Core/Src/main.c **** 
 438:Core/Src/main.c **** 
 439:Core/Src/main.c **** 	// TODO: Disable DMA transfer and abort IT, then start DMA in IT mode with new LUT and re-enable t
 440:Core/Src/main.c **** 
 441:Core/Src/main.c ****     __HAL_TIM_DISABLE_DMA(&htim2, TIM_DMA_CC1);
 442:Core/Src/main.c **** 
 443:Core/Src/main.c **** 	 HAL_DMA_Abort_IT(&hdma_tim2_ch1);
 444:Core/Src/main.c **** 
 445:Core/Src/main.c **** 	// HINT: Consider using C's "switch" function to handle LUT changes
 446:Core/Src/main.c **** 
 447:Core/Src/main.c **** 	 //cycling the different waveforms:
ARM GAS  C:\Users\maraz\AppData\Local\Temp\ccyEBQ4t.s 			page 14


 448:Core/Src/main.c **** 	 current_waveform_index = (current_waveform_index + 1) % NUM_OF_WAVEFORM;
 449:Core/Src/main.c **** 
 450:Core/Src/main.c **** 
 451:Core/Src/main.c **** 	 // uint16_t *selectedLUT;
 452:Core/Src/main.c **** 
 453:Core/Src/main.c **** 	 switch(current_waveform_index)
 454:Core/Src/main.c **** 	 {
 455:Core/Src/main.c **** 	 	 case 0: selectedLUT = sineLUT; break;
 456:Core/Src/main.c **** 	 	 case 1: selectedLUT = sawLUT; break;
 457:Core/Src/main.c **** 	 	 case 2: selectedLUT = triangleLUT; break;
 458:Core/Src/main.c **** 	 	 case 3: selectedLUT = Piano_LUT; break;
 459:Core/Src/main.c **** 	 	 case 4: selectedLUT = Guitar_LUT; break;
 460:Core/Src/main.c **** 	 	 case 5: selectedLUT = Drum_LUT; break;
 461:Core/Src/main.c **** 	 }
 462:Core/Src/main.c **** 
 463:Core/Src/main.c **** 	 HAL_DMA_Start_IT(&hdma_tim2_ch1, (uint16_t)selectedLUT, DestAddress, NS);
 464:Core/Src/main.c **** 	 __HAL_TIM_ENABLE_DMA(&htim2, TIM_DMA_CC1);
 465:Core/Src/main.c **** 
 466:Core/Src/main.c **** 	 // Update LCD
 467:Core/Src/main.c **** 	 lcd_command(CLEAR);
 468:Core/Src/main.c **** 	 lcd_putstring((char*)WaveformNames[current_waveform_index]);
 469:Core/Src/main.c **** 
 470:Core/Src/main.c **** 
 471:Core/Src/main.c **** 
 472:Core/Src/main.c **** 
 473:Core/Src/main.c **** 	HAL_GPIO_EXTI_IRQHandler(Button0_Pin); // Clear interrupt flags
 474:Core/Src/main.c **** }
 290              		.loc 1 474 1 view .LVU63
 291 0010 08BD     		pop	{r3, pc}
 292              	.LVL13:
 293              	.L21:
 436:Core/Src/main.c **** 
 294              		.loc 1 436 2 is_stmt 1 view .LVU64
 436:Core/Src/main.c **** 
 295              		.loc 1 436 21 is_stmt 0 view .LVU65
 296 0012 294B     		ldr	r3, .L22
 297 0014 1860     		str	r0, [r3]
 441:Core/Src/main.c **** 
 298              		.loc 1 441 5 is_stmt 1 view .LVU66
 299 0016 294B     		ldr	r3, .L22+4
 300 0018 1A68     		ldr	r2, [r3]
 301 001a D368     		ldr	r3, [r2, #12]
 302 001c 23F40073 		bic	r3, r3, #512
 303 0020 D360     		str	r3, [r2, #12]
 443:Core/Src/main.c **** 
 304              		.loc 1 443 3 view .LVU67
 305 0022 2748     		ldr	r0, .L22+8
 306              	.LVL14:
 443:Core/Src/main.c **** 
 307              		.loc 1 443 3 is_stmt 0 view .LVU68
 308 0024 FFF7FEFF 		bl	HAL_DMA_Abort_IT
 309              	.LVL15:
 448:Core/Src/main.c **** 
 310              		.loc 1 448 3 is_stmt 1 view .LVU69
 448:Core/Src/main.c **** 
 311              		.loc 1 448 52 is_stmt 0 view .LVU70
 312 0028 2649     		ldr	r1, .L22+12
ARM GAS  C:\Users\maraz\AppData\Local\Temp\ccyEBQ4t.s 			page 15


 313 002a 0A68     		ldr	r2, [r1]
 314 002c 0132     		adds	r2, r2, #1
 448:Core/Src/main.c **** 
 315              		.loc 1 448 57 view .LVU71
 316 002e 264B     		ldr	r3, .L22+16
 317 0030 A3FB0203 		umull	r0, r3, r3, r2
 318 0034 9B08     		lsrs	r3, r3, #2
 319 0036 03EB4303 		add	r3, r3, r3, lsl #1
 320 003a A2EB4303 		sub	r3, r2, r3, lsl #1
 448:Core/Src/main.c **** 
 321              		.loc 1 448 26 view .LVU72
 322 003e 0B60     		str	r3, [r1]
 453:Core/Src/main.c **** 	 {
 323              		.loc 1 453 3 is_stmt 1 view .LVU73
 324 0040 0B68     		ldr	r3, [r1]
 325 0042 052B     		cmp	r3, #5
 326 0044 07D8     		bhi	.L11
 327 0046 DFE803F0 		tbb	[pc, r3]
 328              	.L13:
 329 004a 03       		.byte	(.L18-.L13)/2
 330 004b 23       		.byte	(.L17-.L13)/2
 331 004c 27       		.byte	(.L16-.L13)/2
 332 004d 2B       		.byte	(.L15-.L13)/2
 333 004e 2F       		.byte	(.L14-.L13)/2
 334 004f 33       		.byte	(.L12-.L13)/2
 335              		.p2align 1
 336              	.L18:
 455:Core/Src/main.c **** 	 	 case 1: selectedLUT = sawLUT; break;
 337              		.loc 1 455 13 view .LVU74
 455:Core/Src/main.c **** 	 	 case 1: selectedLUT = sawLUT; break;
 338              		.loc 1 455 25 is_stmt 0 view .LVU75
 339 0050 1E4B     		ldr	r3, .L22+20
 340 0052 1F4A     		ldr	r2, .L22+24
 341 0054 1A60     		str	r2, [r3]
 455:Core/Src/main.c **** 	 	 case 1: selectedLUT = sawLUT; break;
 342              		.loc 1 455 36 is_stmt 1 view .LVU76
 343              	.L11:
 463:Core/Src/main.c **** 	 __HAL_TIM_ENABLE_DMA(&htim2, TIM_DMA_CC1);
 344              		.loc 1 463 3 view .LVU77
 345 0056 40F6FF73 		movw	r3, #4095
 346 005a 1E4A     		ldr	r2, .L22+28
 347 005c 1268     		ldr	r2, [r2]
 348 005e 1B49     		ldr	r1, .L22+20
 349 0060 0988     		ldrh	r1, [r1]
 350 0062 1748     		ldr	r0, .L22+8
 351 0064 FFF7FEFF 		bl	HAL_DMA_Start_IT
 352              	.LVL16:
 464:Core/Src/main.c **** 
 353              		.loc 1 464 3 view .LVU78
 354 0068 144B     		ldr	r3, .L22+4
 355 006a 1A68     		ldr	r2, [r3]
 356 006c D368     		ldr	r3, [r2, #12]
 357 006e 43F40073 		orr	r3, r3, #512
 358 0072 D360     		str	r3, [r2, #12]
 467:Core/Src/main.c **** 	 lcd_putstring((char*)WaveformNames[current_waveform_index]);
 359              		.loc 1 467 3 view .LVU79
 360 0074 0120     		movs	r0, #1
ARM GAS  C:\Users\maraz\AppData\Local\Temp\ccyEBQ4t.s 			page 16


 361 0076 FFF7FEFF 		bl	lcd_command
 362              	.LVL17:
 468:Core/Src/main.c **** 
 363              		.loc 1 468 3 view .LVU80
 364 007a 124B     		ldr	r3, .L22+12
 365 007c 1A68     		ldr	r2, [r3]
 366 007e 164B     		ldr	r3, .L22+32
 367 0080 53F82200 		ldr	r0, [r3, r2, lsl #2]
 368 0084 FFF7FEFF 		bl	lcd_putstring
 369              	.LVL18:
 473:Core/Src/main.c **** }
 370              		.loc 1 473 2 view .LVU81
 371 0088 0120     		movs	r0, #1
 372 008a FFF7FEFF 		bl	HAL_GPIO_EXTI_IRQHandler
 373              	.LVL19:
 374 008e BFE7     		b	.L9
 375              	.L17:
 456:Core/Src/main.c **** 	 	 case 2: selectedLUT = triangleLUT; break;
 376              		.loc 1 456 13 view .LVU82
 456:Core/Src/main.c **** 	 	 case 2: selectedLUT = triangleLUT; break;
 377              		.loc 1 456 25 is_stmt 0 view .LVU83
 378 0090 0E4B     		ldr	r3, .L22+20
 379 0092 124A     		ldr	r2, .L22+36
 380 0094 1A60     		str	r2, [r3]
 456:Core/Src/main.c **** 	 	 case 2: selectedLUT = triangleLUT; break;
 381              		.loc 1 456 35 is_stmt 1 view .LVU84
 382 0096 DEE7     		b	.L11
 383              	.L16:
 457:Core/Src/main.c **** 	 	 case 3: selectedLUT = Piano_LUT; break;
 384              		.loc 1 457 13 view .LVU85
 457:Core/Src/main.c **** 	 	 case 3: selectedLUT = Piano_LUT; break;
 385              		.loc 1 457 25 is_stmt 0 view .LVU86
 386 0098 0C4B     		ldr	r3, .L22+20
 387 009a 114A     		ldr	r2, .L22+40
 388 009c 1A60     		str	r2, [r3]
 457:Core/Src/main.c **** 	 	 case 3: selectedLUT = Piano_LUT; break;
 389              		.loc 1 457 40 is_stmt 1 view .LVU87
 390 009e DAE7     		b	.L11
 391              	.L15:
 458:Core/Src/main.c **** 	 	 case 4: selectedLUT = Guitar_LUT; break;
 392              		.loc 1 458 13 view .LVU88
 458:Core/Src/main.c **** 	 	 case 4: selectedLUT = Guitar_LUT; break;
 393              		.loc 1 458 25 is_stmt 0 view .LVU89
 394 00a0 0A4B     		ldr	r3, .L22+20
 395 00a2 104A     		ldr	r2, .L22+44
 396 00a4 1A60     		str	r2, [r3]
 458:Core/Src/main.c **** 	 	 case 4: selectedLUT = Guitar_LUT; break;
 397              		.loc 1 458 38 is_stmt 1 view .LVU90
 398 00a6 D6E7     		b	.L11
 399              	.L14:
 459:Core/Src/main.c **** 	 	 case 5: selectedLUT = Drum_LUT; break;
 400              		.loc 1 459 13 view .LVU91
 459:Core/Src/main.c **** 	 	 case 5: selectedLUT = Drum_LUT; break;
 401              		.loc 1 459 25 is_stmt 0 view .LVU92
 402 00a8 084B     		ldr	r3, .L22+20
 403 00aa 0F4A     		ldr	r2, .L22+48
 404 00ac 1A60     		str	r2, [r3]
ARM GAS  C:\Users\maraz\AppData\Local\Temp\ccyEBQ4t.s 			page 17


 459:Core/Src/main.c **** 	 	 case 5: selectedLUT = Drum_LUT; break;
 405              		.loc 1 459 39 is_stmt 1 view .LVU93
 406 00ae D2E7     		b	.L11
 407              	.L12:
 460:Core/Src/main.c **** 	 }
 408              		.loc 1 460 13 view .LVU94
 460:Core/Src/main.c **** 	 }
 409              		.loc 1 460 25 is_stmt 0 view .LVU95
 410 00b0 064B     		ldr	r3, .L22+20
 411 00b2 0E4A     		ldr	r2, .L22+52
 412 00b4 1A60     		str	r2, [r3]
 460:Core/Src/main.c **** 	 }
 413              		.loc 1 460 37 is_stmt 1 view .LVU96
 414 00b6 CEE7     		b	.L11
 415              	.L23:
 416              		.align	2
 417              	.L22:
 418 00b8 00000000 		.word	last_debounce_time
 419 00bc 00000000 		.word	htim2
 420 00c0 00000000 		.word	hdma_tim2_ch1
 421 00c4 00000000 		.word	current_waveform_index
 422 00c8 ABAAAAAA 		.word	-1431655765
 423 00cc 00000000 		.word	selectedLUT
 424 00d0 00000000 		.word	sineLUT
 425 00d4 00000000 		.word	DestAddress
 426 00d8 00000000 		.word	WaveformNames
 427 00dc 00000000 		.word	sawLUT
 428 00e0 00000000 		.word	triangleLUT
 429 00e4 00000000 		.word	Piano_LUT
 430 00e8 00000000 		.word	Guitar_LUT
 431 00ec 00000000 		.word	Drum_LUT
 432              		.cfi_endproc
 433              	.LFE143:
 435              		.section	.text.Error_Handler,"ax",%progbits
 436              		.align	1
 437              		.global	Error_Handler
 438              		.syntax unified
 439              		.thumb
 440              		.thumb_func
 442              	Error_Handler:
 443              	.LFB144:
 475:Core/Src/main.c **** 
 476:Core/Src/main.c **** 
 477:Core/Src/main.c **** /* USER CODE END 4 */
 478:Core/Src/main.c **** 
 479:Core/Src/main.c **** /**
 480:Core/Src/main.c ****   * @brief  This function is executed in case of error occurrence.
 481:Core/Src/main.c ****   * @retval None
 482:Core/Src/main.c ****   */
 483:Core/Src/main.c **** void Error_Handler(void)
 484:Core/Src/main.c **** {
 444              		.loc 1 484 1 view -0
 445              		.cfi_startproc
 446              		@ Volatile: function does not return.
 447              		@ args = 0, pretend = 0, frame = 0
 448              		@ frame_needed = 0, uses_anonymous_args = 0
 449              		@ link register save eliminated.
ARM GAS  C:\Users\maraz\AppData\Local\Temp\ccyEBQ4t.s 			page 18


 485:Core/Src/main.c ****   /* USER CODE BEGIN Error_Handler_Debug */
 486:Core/Src/main.c ****   /* User can add his own implementation to report the HAL error return state */
 487:Core/Src/main.c ****   __disable_irq();
 450              		.loc 1 487 3 view .LVU98
 451              	.LBB8:
 452              	.LBI8:
 453              		.file 2 "Drivers/CMSIS/Include/cmsis_gcc.h"
   1:Drivers/CMSIS/Include/cmsis_gcc.h **** /**************************************************************************//**
   2:Drivers/CMSIS/Include/cmsis_gcc.h ****  * @file     cmsis_gcc.h
   3:Drivers/CMSIS/Include/cmsis_gcc.h ****  * @brief    CMSIS compiler GCC header file
   4:Drivers/CMSIS/Include/cmsis_gcc.h ****  * @version  V5.4.1
   5:Drivers/CMSIS/Include/cmsis_gcc.h ****  * @date     27. May 2021
   6:Drivers/CMSIS/Include/cmsis_gcc.h ****  ******************************************************************************/
   7:Drivers/CMSIS/Include/cmsis_gcc.h **** /*
   8:Drivers/CMSIS/Include/cmsis_gcc.h ****  * Copyright (c) 2009-2021 Arm Limited. All rights reserved.
   9:Drivers/CMSIS/Include/cmsis_gcc.h ****  *
  10:Drivers/CMSIS/Include/cmsis_gcc.h ****  * SPDX-License-Identifier: Apache-2.0
  11:Drivers/CMSIS/Include/cmsis_gcc.h ****  *
  12:Drivers/CMSIS/Include/cmsis_gcc.h ****  * Licensed under the Apache License, Version 2.0 (the License); you may
  13:Drivers/CMSIS/Include/cmsis_gcc.h ****  * not use this file except in compliance with the License.
  14:Drivers/CMSIS/Include/cmsis_gcc.h ****  * You may obtain a copy of the License at
  15:Drivers/CMSIS/Include/cmsis_gcc.h ****  *
  16:Drivers/CMSIS/Include/cmsis_gcc.h ****  * www.apache.org/licenses/LICENSE-2.0
  17:Drivers/CMSIS/Include/cmsis_gcc.h ****  *
  18:Drivers/CMSIS/Include/cmsis_gcc.h ****  * Unless required by applicable law or agreed to in writing, software
  19:Drivers/CMSIS/Include/cmsis_gcc.h ****  * distributed under the License is distributed on an AS IS BASIS, WITHOUT
  20:Drivers/CMSIS/Include/cmsis_gcc.h ****  * WARRANTIES OR CONDITIONS OF ANY KIND, either express or implied.
  21:Drivers/CMSIS/Include/cmsis_gcc.h ****  * See the License for the specific language governing permissions and
  22:Drivers/CMSIS/Include/cmsis_gcc.h ****  * limitations under the License.
  23:Drivers/CMSIS/Include/cmsis_gcc.h ****  */
  24:Drivers/CMSIS/Include/cmsis_gcc.h **** 
  25:Drivers/CMSIS/Include/cmsis_gcc.h **** #ifndef __CMSIS_GCC_H
  26:Drivers/CMSIS/Include/cmsis_gcc.h **** #define __CMSIS_GCC_H
  27:Drivers/CMSIS/Include/cmsis_gcc.h **** 
  28:Drivers/CMSIS/Include/cmsis_gcc.h **** /* ignore some GCC warnings */
  29:Drivers/CMSIS/Include/cmsis_gcc.h **** #pragma GCC diagnostic push
  30:Drivers/CMSIS/Include/cmsis_gcc.h **** #pragma GCC diagnostic ignored "-Wsign-conversion"
  31:Drivers/CMSIS/Include/cmsis_gcc.h **** #pragma GCC diagnostic ignored "-Wconversion"
  32:Drivers/CMSIS/Include/cmsis_gcc.h **** #pragma GCC diagnostic ignored "-Wunused-parameter"
  33:Drivers/CMSIS/Include/cmsis_gcc.h **** 
  34:Drivers/CMSIS/Include/cmsis_gcc.h **** /* Fallback for __has_builtin */
  35:Drivers/CMSIS/Include/cmsis_gcc.h **** #ifndef __has_builtin
  36:Drivers/CMSIS/Include/cmsis_gcc.h ****   #define __has_builtin(x) (0)
  37:Drivers/CMSIS/Include/cmsis_gcc.h **** #endif
  38:Drivers/CMSIS/Include/cmsis_gcc.h **** 
  39:Drivers/CMSIS/Include/cmsis_gcc.h **** /* CMSIS compiler specific defines */
  40:Drivers/CMSIS/Include/cmsis_gcc.h **** #ifndef   __ASM
  41:Drivers/CMSIS/Include/cmsis_gcc.h ****   #define __ASM                                  __asm
  42:Drivers/CMSIS/Include/cmsis_gcc.h **** #endif
  43:Drivers/CMSIS/Include/cmsis_gcc.h **** #ifndef   __INLINE
  44:Drivers/CMSIS/Include/cmsis_gcc.h ****   #define __INLINE                               inline
  45:Drivers/CMSIS/Include/cmsis_gcc.h **** #endif
  46:Drivers/CMSIS/Include/cmsis_gcc.h **** #ifndef   __STATIC_INLINE
  47:Drivers/CMSIS/Include/cmsis_gcc.h ****   #define __STATIC_INLINE                        static inline
  48:Drivers/CMSIS/Include/cmsis_gcc.h **** #endif
  49:Drivers/CMSIS/Include/cmsis_gcc.h **** #ifndef   __STATIC_FORCEINLINE
  50:Drivers/CMSIS/Include/cmsis_gcc.h ****   #define __STATIC_FORCEINLINE                   __attribute__((always_inline)) static inline
ARM GAS  C:\Users\maraz\AppData\Local\Temp\ccyEBQ4t.s 			page 19


  51:Drivers/CMSIS/Include/cmsis_gcc.h **** #endif
  52:Drivers/CMSIS/Include/cmsis_gcc.h **** #ifndef   __NO_RETURN
  53:Drivers/CMSIS/Include/cmsis_gcc.h ****   #define __NO_RETURN                            __attribute__((__noreturn__))
  54:Drivers/CMSIS/Include/cmsis_gcc.h **** #endif
  55:Drivers/CMSIS/Include/cmsis_gcc.h **** #ifndef   __USED
  56:Drivers/CMSIS/Include/cmsis_gcc.h ****   #define __USED                                 __attribute__((used))
  57:Drivers/CMSIS/Include/cmsis_gcc.h **** #endif
  58:Drivers/CMSIS/Include/cmsis_gcc.h **** #ifndef   __WEAK
  59:Drivers/CMSIS/Include/cmsis_gcc.h ****   #define __WEAK                                 __attribute__((weak))
  60:Drivers/CMSIS/Include/cmsis_gcc.h **** #endif
  61:Drivers/CMSIS/Include/cmsis_gcc.h **** #ifndef   __PACKED
  62:Drivers/CMSIS/Include/cmsis_gcc.h ****   #define __PACKED                               __attribute__((packed, aligned(1)))
  63:Drivers/CMSIS/Include/cmsis_gcc.h **** #endif
  64:Drivers/CMSIS/Include/cmsis_gcc.h **** #ifndef   __PACKED_STRUCT
  65:Drivers/CMSIS/Include/cmsis_gcc.h ****   #define __PACKED_STRUCT                        struct __attribute__((packed, aligned(1)))
  66:Drivers/CMSIS/Include/cmsis_gcc.h **** #endif
  67:Drivers/CMSIS/Include/cmsis_gcc.h **** #ifndef   __PACKED_UNION
  68:Drivers/CMSIS/Include/cmsis_gcc.h ****   #define __PACKED_UNION                         union __attribute__((packed, aligned(1)))
  69:Drivers/CMSIS/Include/cmsis_gcc.h **** #endif
  70:Drivers/CMSIS/Include/cmsis_gcc.h **** #ifndef   __UNALIGNED_UINT32        /* deprecated */
  71:Drivers/CMSIS/Include/cmsis_gcc.h ****   #pragma GCC diagnostic push
  72:Drivers/CMSIS/Include/cmsis_gcc.h ****   #pragma GCC diagnostic ignored "-Wpacked"
  73:Drivers/CMSIS/Include/cmsis_gcc.h ****   #pragma GCC diagnostic ignored "-Wattributes"
  74:Drivers/CMSIS/Include/cmsis_gcc.h ****   struct __attribute__((packed)) T_UINT32 { uint32_t v; };
  75:Drivers/CMSIS/Include/cmsis_gcc.h ****   #pragma GCC diagnostic pop
  76:Drivers/CMSIS/Include/cmsis_gcc.h ****   #define __UNALIGNED_UINT32(x)                  (((struct T_UINT32 *)(x))->v)
  77:Drivers/CMSIS/Include/cmsis_gcc.h **** #endif
  78:Drivers/CMSIS/Include/cmsis_gcc.h **** #ifndef   __UNALIGNED_UINT16_WRITE
  79:Drivers/CMSIS/Include/cmsis_gcc.h ****   #pragma GCC diagnostic push
  80:Drivers/CMSIS/Include/cmsis_gcc.h ****   #pragma GCC diagnostic ignored "-Wpacked"
  81:Drivers/CMSIS/Include/cmsis_gcc.h ****   #pragma GCC diagnostic ignored "-Wattributes"
  82:Drivers/CMSIS/Include/cmsis_gcc.h ****   __PACKED_STRUCT T_UINT16_WRITE { uint16_t v; };
  83:Drivers/CMSIS/Include/cmsis_gcc.h ****   #pragma GCC diagnostic pop
  84:Drivers/CMSIS/Include/cmsis_gcc.h ****   #define __UNALIGNED_UINT16_WRITE(addr, val)    (void)((((struct T_UINT16_WRITE *)(void *)(addr))-
  85:Drivers/CMSIS/Include/cmsis_gcc.h **** #endif
  86:Drivers/CMSIS/Include/cmsis_gcc.h **** #ifndef   __UNALIGNED_UINT16_READ
  87:Drivers/CMSIS/Include/cmsis_gcc.h ****   #pragma GCC diagnostic push
  88:Drivers/CMSIS/Include/cmsis_gcc.h ****   #pragma GCC diagnostic ignored "-Wpacked"
  89:Drivers/CMSIS/Include/cmsis_gcc.h ****   #pragma GCC diagnostic ignored "-Wattributes"
  90:Drivers/CMSIS/Include/cmsis_gcc.h ****   __PACKED_STRUCT T_UINT16_READ { uint16_t v; };
  91:Drivers/CMSIS/Include/cmsis_gcc.h ****   #pragma GCC diagnostic pop
  92:Drivers/CMSIS/Include/cmsis_gcc.h ****   #define __UNALIGNED_UINT16_READ(addr)          (((const struct T_UINT16_READ *)(const void *)(add
  93:Drivers/CMSIS/Include/cmsis_gcc.h **** #endif
  94:Drivers/CMSIS/Include/cmsis_gcc.h **** #ifndef   __UNALIGNED_UINT32_WRITE
  95:Drivers/CMSIS/Include/cmsis_gcc.h ****   #pragma GCC diagnostic push
  96:Drivers/CMSIS/Include/cmsis_gcc.h ****   #pragma GCC diagnostic ignored "-Wpacked"
  97:Drivers/CMSIS/Include/cmsis_gcc.h ****   #pragma GCC diagnostic ignored "-Wattributes"
  98:Drivers/CMSIS/Include/cmsis_gcc.h ****   __PACKED_STRUCT T_UINT32_WRITE { uint32_t v; };
  99:Drivers/CMSIS/Include/cmsis_gcc.h ****   #pragma GCC diagnostic pop
 100:Drivers/CMSIS/Include/cmsis_gcc.h ****   #define __UNALIGNED_UINT32_WRITE(addr, val)    (void)((((struct T_UINT32_WRITE *)(void *)(addr))-
 101:Drivers/CMSIS/Include/cmsis_gcc.h **** #endif
 102:Drivers/CMSIS/Include/cmsis_gcc.h **** #ifndef   __UNALIGNED_UINT32_READ
 103:Drivers/CMSIS/Include/cmsis_gcc.h ****   #pragma GCC diagnostic push
 104:Drivers/CMSIS/Include/cmsis_gcc.h ****   #pragma GCC diagnostic ignored "-Wpacked"
 105:Drivers/CMSIS/Include/cmsis_gcc.h ****   #pragma GCC diagnostic ignored "-Wattributes"
 106:Drivers/CMSIS/Include/cmsis_gcc.h ****   __PACKED_STRUCT T_UINT32_READ { uint32_t v; };
 107:Drivers/CMSIS/Include/cmsis_gcc.h ****   #pragma GCC diagnostic pop
ARM GAS  C:\Users\maraz\AppData\Local\Temp\ccyEBQ4t.s 			page 20


 108:Drivers/CMSIS/Include/cmsis_gcc.h ****   #define __UNALIGNED_UINT32_READ(addr)          (((const struct T_UINT32_READ *)(const void *)(add
 109:Drivers/CMSIS/Include/cmsis_gcc.h **** #endif
 110:Drivers/CMSIS/Include/cmsis_gcc.h **** #ifndef   __ALIGNED
 111:Drivers/CMSIS/Include/cmsis_gcc.h ****   #define __ALIGNED(x)                           __attribute__((aligned(x)))
 112:Drivers/CMSIS/Include/cmsis_gcc.h **** #endif
 113:Drivers/CMSIS/Include/cmsis_gcc.h **** #ifndef   __RESTRICT
 114:Drivers/CMSIS/Include/cmsis_gcc.h ****   #define __RESTRICT                             __restrict
 115:Drivers/CMSIS/Include/cmsis_gcc.h **** #endif
 116:Drivers/CMSIS/Include/cmsis_gcc.h **** #ifndef   __COMPILER_BARRIER
 117:Drivers/CMSIS/Include/cmsis_gcc.h ****   #define __COMPILER_BARRIER()                   __ASM volatile("":::"memory")
 118:Drivers/CMSIS/Include/cmsis_gcc.h **** #endif
 119:Drivers/CMSIS/Include/cmsis_gcc.h **** 
 120:Drivers/CMSIS/Include/cmsis_gcc.h **** /* #########################  Startup and Lowlevel Init  ######################## */
 121:Drivers/CMSIS/Include/cmsis_gcc.h **** 
 122:Drivers/CMSIS/Include/cmsis_gcc.h **** #ifndef __PROGRAM_START
 123:Drivers/CMSIS/Include/cmsis_gcc.h **** 
 124:Drivers/CMSIS/Include/cmsis_gcc.h **** /**
 125:Drivers/CMSIS/Include/cmsis_gcc.h ****   \brief   Initializes data and bss sections
 126:Drivers/CMSIS/Include/cmsis_gcc.h ****   \details This default implementations initialized all data and additional bss
 127:Drivers/CMSIS/Include/cmsis_gcc.h ****            sections relying on .copy.table and .zero.table specified properly
 128:Drivers/CMSIS/Include/cmsis_gcc.h ****            in the used linker script.
 129:Drivers/CMSIS/Include/cmsis_gcc.h **** 
 130:Drivers/CMSIS/Include/cmsis_gcc.h ****  */
 131:Drivers/CMSIS/Include/cmsis_gcc.h **** __STATIC_FORCEINLINE __NO_RETURN void __cmsis_start(void)
 132:Drivers/CMSIS/Include/cmsis_gcc.h **** {
 133:Drivers/CMSIS/Include/cmsis_gcc.h ****   extern void _start(void) __NO_RETURN;
 134:Drivers/CMSIS/Include/cmsis_gcc.h **** 
 135:Drivers/CMSIS/Include/cmsis_gcc.h ****   typedef struct {
 136:Drivers/CMSIS/Include/cmsis_gcc.h ****     uint32_t const* src;
 137:Drivers/CMSIS/Include/cmsis_gcc.h ****     uint32_t* dest;
 138:Drivers/CMSIS/Include/cmsis_gcc.h ****     uint32_t  wlen;
 139:Drivers/CMSIS/Include/cmsis_gcc.h ****   } __copy_table_t;
 140:Drivers/CMSIS/Include/cmsis_gcc.h **** 
 141:Drivers/CMSIS/Include/cmsis_gcc.h ****   typedef struct {
 142:Drivers/CMSIS/Include/cmsis_gcc.h ****     uint32_t* dest;
 143:Drivers/CMSIS/Include/cmsis_gcc.h ****     uint32_t  wlen;
 144:Drivers/CMSIS/Include/cmsis_gcc.h ****   } __zero_table_t;
 145:Drivers/CMSIS/Include/cmsis_gcc.h **** 
 146:Drivers/CMSIS/Include/cmsis_gcc.h ****   extern const __copy_table_t __copy_table_start__;
 147:Drivers/CMSIS/Include/cmsis_gcc.h ****   extern const __copy_table_t __copy_table_end__;
 148:Drivers/CMSIS/Include/cmsis_gcc.h ****   extern const __zero_table_t __zero_table_start__;
 149:Drivers/CMSIS/Include/cmsis_gcc.h ****   extern const __zero_table_t __zero_table_end__;
 150:Drivers/CMSIS/Include/cmsis_gcc.h **** 
 151:Drivers/CMSIS/Include/cmsis_gcc.h ****   for (__copy_table_t const* pTable = &__copy_table_start__; pTable < &__copy_table_end__; ++pTable
 152:Drivers/CMSIS/Include/cmsis_gcc.h ****     for(uint32_t i=0u; i<pTable->wlen; ++i) {
 153:Drivers/CMSIS/Include/cmsis_gcc.h ****       pTable->dest[i] = pTable->src[i];
 154:Drivers/CMSIS/Include/cmsis_gcc.h ****     }
 155:Drivers/CMSIS/Include/cmsis_gcc.h ****   }
 156:Drivers/CMSIS/Include/cmsis_gcc.h **** 
 157:Drivers/CMSIS/Include/cmsis_gcc.h ****   for (__zero_table_t const* pTable = &__zero_table_start__; pTable < &__zero_table_end__; ++pTable
 158:Drivers/CMSIS/Include/cmsis_gcc.h ****     for(uint32_t i=0u; i<pTable->wlen; ++i) {
 159:Drivers/CMSIS/Include/cmsis_gcc.h ****       pTable->dest[i] = 0u;
 160:Drivers/CMSIS/Include/cmsis_gcc.h ****     }
 161:Drivers/CMSIS/Include/cmsis_gcc.h ****   }
 162:Drivers/CMSIS/Include/cmsis_gcc.h **** 
 163:Drivers/CMSIS/Include/cmsis_gcc.h ****   _start();
 164:Drivers/CMSIS/Include/cmsis_gcc.h **** }
ARM GAS  C:\Users\maraz\AppData\Local\Temp\ccyEBQ4t.s 			page 21


 165:Drivers/CMSIS/Include/cmsis_gcc.h **** 
 166:Drivers/CMSIS/Include/cmsis_gcc.h **** #define __PROGRAM_START           __cmsis_start
 167:Drivers/CMSIS/Include/cmsis_gcc.h **** #endif
 168:Drivers/CMSIS/Include/cmsis_gcc.h **** 
 169:Drivers/CMSIS/Include/cmsis_gcc.h **** #ifndef __INITIAL_SP
 170:Drivers/CMSIS/Include/cmsis_gcc.h **** #define __INITIAL_SP              __StackTop
 171:Drivers/CMSIS/Include/cmsis_gcc.h **** #endif
 172:Drivers/CMSIS/Include/cmsis_gcc.h **** 
 173:Drivers/CMSIS/Include/cmsis_gcc.h **** #ifndef __STACK_LIMIT
 174:Drivers/CMSIS/Include/cmsis_gcc.h **** #define __STACK_LIMIT             __StackLimit
 175:Drivers/CMSIS/Include/cmsis_gcc.h **** #endif
 176:Drivers/CMSIS/Include/cmsis_gcc.h **** 
 177:Drivers/CMSIS/Include/cmsis_gcc.h **** #ifndef __VECTOR_TABLE
 178:Drivers/CMSIS/Include/cmsis_gcc.h **** #define __VECTOR_TABLE            __Vectors
 179:Drivers/CMSIS/Include/cmsis_gcc.h **** #endif
 180:Drivers/CMSIS/Include/cmsis_gcc.h **** 
 181:Drivers/CMSIS/Include/cmsis_gcc.h **** #ifndef __VECTOR_TABLE_ATTRIBUTE
 182:Drivers/CMSIS/Include/cmsis_gcc.h **** #define __VECTOR_TABLE_ATTRIBUTE  __attribute__((used, section(".vectors")))
 183:Drivers/CMSIS/Include/cmsis_gcc.h **** #endif
 184:Drivers/CMSIS/Include/cmsis_gcc.h **** 
 185:Drivers/CMSIS/Include/cmsis_gcc.h **** #if defined (__ARM_FEATURE_CMSE) && (__ARM_FEATURE_CMSE == 3U)
 186:Drivers/CMSIS/Include/cmsis_gcc.h **** #ifndef __STACK_SEAL
 187:Drivers/CMSIS/Include/cmsis_gcc.h **** #define __STACK_SEAL              __StackSeal
 188:Drivers/CMSIS/Include/cmsis_gcc.h **** #endif
 189:Drivers/CMSIS/Include/cmsis_gcc.h **** 
 190:Drivers/CMSIS/Include/cmsis_gcc.h **** #ifndef __TZ_STACK_SEAL_SIZE
 191:Drivers/CMSIS/Include/cmsis_gcc.h **** #define __TZ_STACK_SEAL_SIZE      8U
 192:Drivers/CMSIS/Include/cmsis_gcc.h **** #endif
 193:Drivers/CMSIS/Include/cmsis_gcc.h **** 
 194:Drivers/CMSIS/Include/cmsis_gcc.h **** #ifndef __TZ_STACK_SEAL_VALUE
 195:Drivers/CMSIS/Include/cmsis_gcc.h **** #define __TZ_STACK_SEAL_VALUE     0xFEF5EDA5FEF5EDA5ULL
 196:Drivers/CMSIS/Include/cmsis_gcc.h **** #endif
 197:Drivers/CMSIS/Include/cmsis_gcc.h **** 
 198:Drivers/CMSIS/Include/cmsis_gcc.h **** 
 199:Drivers/CMSIS/Include/cmsis_gcc.h **** __STATIC_FORCEINLINE void __TZ_set_STACKSEAL_S (uint32_t* stackTop) {
 200:Drivers/CMSIS/Include/cmsis_gcc.h ****   *((uint64_t *)stackTop) = __TZ_STACK_SEAL_VALUE;
 201:Drivers/CMSIS/Include/cmsis_gcc.h **** }
 202:Drivers/CMSIS/Include/cmsis_gcc.h **** #endif
 203:Drivers/CMSIS/Include/cmsis_gcc.h **** 
 204:Drivers/CMSIS/Include/cmsis_gcc.h **** 
 205:Drivers/CMSIS/Include/cmsis_gcc.h **** /* ##########################  Core Instruction Access  ######################### */
 206:Drivers/CMSIS/Include/cmsis_gcc.h **** /** \defgroup CMSIS_Core_InstructionInterface CMSIS Core Instruction Interface
 207:Drivers/CMSIS/Include/cmsis_gcc.h ****   Access to dedicated instructions
 208:Drivers/CMSIS/Include/cmsis_gcc.h ****   @{
 209:Drivers/CMSIS/Include/cmsis_gcc.h **** */
 210:Drivers/CMSIS/Include/cmsis_gcc.h **** 
 211:Drivers/CMSIS/Include/cmsis_gcc.h **** /* Define macros for porting to both thumb1 and thumb2.
 212:Drivers/CMSIS/Include/cmsis_gcc.h ****  * For thumb1, use low register (r0-r7), specified by constraint "l"
 213:Drivers/CMSIS/Include/cmsis_gcc.h ****  * Otherwise, use general registers, specified by constraint "r" */
 214:Drivers/CMSIS/Include/cmsis_gcc.h **** #if defined (__thumb__) && !defined (__thumb2__)
 215:Drivers/CMSIS/Include/cmsis_gcc.h **** #define __CMSIS_GCC_OUT_REG(r) "=l" (r)
 216:Drivers/CMSIS/Include/cmsis_gcc.h **** #define __CMSIS_GCC_RW_REG(r) "+l" (r)
 217:Drivers/CMSIS/Include/cmsis_gcc.h **** #define __CMSIS_GCC_USE_REG(r) "l" (r)
 218:Drivers/CMSIS/Include/cmsis_gcc.h **** #else
 219:Drivers/CMSIS/Include/cmsis_gcc.h **** #define __CMSIS_GCC_OUT_REG(r) "=r" (r)
 220:Drivers/CMSIS/Include/cmsis_gcc.h **** #define __CMSIS_GCC_RW_REG(r) "+r" (r)
 221:Drivers/CMSIS/Include/cmsis_gcc.h **** #define __CMSIS_GCC_USE_REG(r) "r" (r)
ARM GAS  C:\Users\maraz\AppData\Local\Temp\ccyEBQ4t.s 			page 22


 222:Drivers/CMSIS/Include/cmsis_gcc.h **** #endif
 223:Drivers/CMSIS/Include/cmsis_gcc.h **** 
 224:Drivers/CMSIS/Include/cmsis_gcc.h **** /**
 225:Drivers/CMSIS/Include/cmsis_gcc.h ****   \brief   No Operation
 226:Drivers/CMSIS/Include/cmsis_gcc.h ****   \details No Operation does nothing. This instruction can be used for code alignment purposes.
 227:Drivers/CMSIS/Include/cmsis_gcc.h ****  */
 228:Drivers/CMSIS/Include/cmsis_gcc.h **** #define __NOP()                             __ASM volatile ("nop")
 229:Drivers/CMSIS/Include/cmsis_gcc.h **** 
 230:Drivers/CMSIS/Include/cmsis_gcc.h **** /**
 231:Drivers/CMSIS/Include/cmsis_gcc.h ****   \brief   Wait For Interrupt
 232:Drivers/CMSIS/Include/cmsis_gcc.h ****   \details Wait For Interrupt is a hint instruction that suspends execution until one of a number o
 233:Drivers/CMSIS/Include/cmsis_gcc.h ****  */
 234:Drivers/CMSIS/Include/cmsis_gcc.h **** #define __WFI()                             __ASM volatile ("wfi":::"memory")
 235:Drivers/CMSIS/Include/cmsis_gcc.h **** 
 236:Drivers/CMSIS/Include/cmsis_gcc.h **** 
 237:Drivers/CMSIS/Include/cmsis_gcc.h **** /**
 238:Drivers/CMSIS/Include/cmsis_gcc.h ****   \brief   Wait For Event
 239:Drivers/CMSIS/Include/cmsis_gcc.h ****   \details Wait For Event is a hint instruction that permits the processor to enter
 240:Drivers/CMSIS/Include/cmsis_gcc.h ****            a low-power state until one of a number of events occurs.
 241:Drivers/CMSIS/Include/cmsis_gcc.h ****  */
 242:Drivers/CMSIS/Include/cmsis_gcc.h **** #define __WFE()                             __ASM volatile ("wfe":::"memory")
 243:Drivers/CMSIS/Include/cmsis_gcc.h **** 
 244:Drivers/CMSIS/Include/cmsis_gcc.h **** 
 245:Drivers/CMSIS/Include/cmsis_gcc.h **** /**
 246:Drivers/CMSIS/Include/cmsis_gcc.h ****   \brief   Send Event
 247:Drivers/CMSIS/Include/cmsis_gcc.h ****   \details Send Event is a hint instruction. It causes an event to be signaled to the CPU.
 248:Drivers/CMSIS/Include/cmsis_gcc.h ****  */
 249:Drivers/CMSIS/Include/cmsis_gcc.h **** #define __SEV()                             __ASM volatile ("sev")
 250:Drivers/CMSIS/Include/cmsis_gcc.h **** 
 251:Drivers/CMSIS/Include/cmsis_gcc.h **** 
 252:Drivers/CMSIS/Include/cmsis_gcc.h **** /**
 253:Drivers/CMSIS/Include/cmsis_gcc.h ****   \brief   Instruction Synchronization Barrier
 254:Drivers/CMSIS/Include/cmsis_gcc.h ****   \details Instruction Synchronization Barrier flushes the pipeline in the processor,
 255:Drivers/CMSIS/Include/cmsis_gcc.h ****            so that all instructions following the ISB are fetched from cache or memory,
 256:Drivers/CMSIS/Include/cmsis_gcc.h ****            after the instruction has been completed.
 257:Drivers/CMSIS/Include/cmsis_gcc.h ****  */
 258:Drivers/CMSIS/Include/cmsis_gcc.h **** __STATIC_FORCEINLINE void __ISB(void)
 259:Drivers/CMSIS/Include/cmsis_gcc.h **** {
 260:Drivers/CMSIS/Include/cmsis_gcc.h ****   __ASM volatile ("isb 0xF":::"memory");
 261:Drivers/CMSIS/Include/cmsis_gcc.h **** }
 262:Drivers/CMSIS/Include/cmsis_gcc.h **** 
 263:Drivers/CMSIS/Include/cmsis_gcc.h **** 
 264:Drivers/CMSIS/Include/cmsis_gcc.h **** /**
 265:Drivers/CMSIS/Include/cmsis_gcc.h ****   \brief   Data Synchronization Barrier
 266:Drivers/CMSIS/Include/cmsis_gcc.h ****   \details Acts as a special kind of Data Memory Barrier.
 267:Drivers/CMSIS/Include/cmsis_gcc.h ****            It completes when all explicit memory accesses before this instruction complete.
 268:Drivers/CMSIS/Include/cmsis_gcc.h ****  */
 269:Drivers/CMSIS/Include/cmsis_gcc.h **** __STATIC_FORCEINLINE void __DSB(void)
 270:Drivers/CMSIS/Include/cmsis_gcc.h **** {
 271:Drivers/CMSIS/Include/cmsis_gcc.h ****   __ASM volatile ("dsb 0xF":::"memory");
 272:Drivers/CMSIS/Include/cmsis_gcc.h **** }
 273:Drivers/CMSIS/Include/cmsis_gcc.h **** 
 274:Drivers/CMSIS/Include/cmsis_gcc.h **** 
 275:Drivers/CMSIS/Include/cmsis_gcc.h **** /**
 276:Drivers/CMSIS/Include/cmsis_gcc.h ****   \brief   Data Memory Barrier
 277:Drivers/CMSIS/Include/cmsis_gcc.h ****   \details Ensures the apparent order of the explicit memory operations before
 278:Drivers/CMSIS/Include/cmsis_gcc.h ****            and after the instruction, without ensuring their completion.
ARM GAS  C:\Users\maraz\AppData\Local\Temp\ccyEBQ4t.s 			page 23


 279:Drivers/CMSIS/Include/cmsis_gcc.h ****  */
 280:Drivers/CMSIS/Include/cmsis_gcc.h **** __STATIC_FORCEINLINE void __DMB(void)
 281:Drivers/CMSIS/Include/cmsis_gcc.h **** {
 282:Drivers/CMSIS/Include/cmsis_gcc.h ****   __ASM volatile ("dmb 0xF":::"memory");
 283:Drivers/CMSIS/Include/cmsis_gcc.h **** }
 284:Drivers/CMSIS/Include/cmsis_gcc.h **** 
 285:Drivers/CMSIS/Include/cmsis_gcc.h **** 
 286:Drivers/CMSIS/Include/cmsis_gcc.h **** /**
 287:Drivers/CMSIS/Include/cmsis_gcc.h ****   \brief   Reverse byte order (32 bit)
 288:Drivers/CMSIS/Include/cmsis_gcc.h ****   \details Reverses the byte order in unsigned integer value. For example, 0x12345678 becomes 0x785
 289:Drivers/CMSIS/Include/cmsis_gcc.h ****   \param [in]    value  Value to reverse
 290:Drivers/CMSIS/Include/cmsis_gcc.h ****   \return               Reversed value
 291:Drivers/CMSIS/Include/cmsis_gcc.h ****  */
 292:Drivers/CMSIS/Include/cmsis_gcc.h **** __STATIC_FORCEINLINE uint32_t __REV(uint32_t value)
 293:Drivers/CMSIS/Include/cmsis_gcc.h **** {
 294:Drivers/CMSIS/Include/cmsis_gcc.h **** #if (__GNUC__ > 4) || (__GNUC__ == 4 && __GNUC_MINOR__ >= 5)
 295:Drivers/CMSIS/Include/cmsis_gcc.h ****   return __builtin_bswap32(value);
 296:Drivers/CMSIS/Include/cmsis_gcc.h **** #else
 297:Drivers/CMSIS/Include/cmsis_gcc.h ****   uint32_t result;
 298:Drivers/CMSIS/Include/cmsis_gcc.h **** 
 299:Drivers/CMSIS/Include/cmsis_gcc.h ****   __ASM ("rev %0, %1" : __CMSIS_GCC_OUT_REG (result) : __CMSIS_GCC_USE_REG (value) );
 300:Drivers/CMSIS/Include/cmsis_gcc.h ****   return result;
 301:Drivers/CMSIS/Include/cmsis_gcc.h **** #endif
 302:Drivers/CMSIS/Include/cmsis_gcc.h **** }
 303:Drivers/CMSIS/Include/cmsis_gcc.h **** 
 304:Drivers/CMSIS/Include/cmsis_gcc.h **** 
 305:Drivers/CMSIS/Include/cmsis_gcc.h **** /**
 306:Drivers/CMSIS/Include/cmsis_gcc.h ****   \brief   Reverse byte order (16 bit)
 307:Drivers/CMSIS/Include/cmsis_gcc.h ****   \details Reverses the byte order within each halfword of a word. For example, 0x12345678 becomes 
 308:Drivers/CMSIS/Include/cmsis_gcc.h ****   \param [in]    value  Value to reverse
 309:Drivers/CMSIS/Include/cmsis_gcc.h ****   \return               Reversed value
 310:Drivers/CMSIS/Include/cmsis_gcc.h ****  */
 311:Drivers/CMSIS/Include/cmsis_gcc.h **** __STATIC_FORCEINLINE uint32_t __REV16(uint32_t value)
 312:Drivers/CMSIS/Include/cmsis_gcc.h **** {
 313:Drivers/CMSIS/Include/cmsis_gcc.h ****   uint32_t result;
 314:Drivers/CMSIS/Include/cmsis_gcc.h **** 
 315:Drivers/CMSIS/Include/cmsis_gcc.h ****   __ASM ("rev16 %0, %1" : __CMSIS_GCC_OUT_REG (result) : __CMSIS_GCC_USE_REG (value) );
 316:Drivers/CMSIS/Include/cmsis_gcc.h ****   return result;
 317:Drivers/CMSIS/Include/cmsis_gcc.h **** }
 318:Drivers/CMSIS/Include/cmsis_gcc.h **** 
 319:Drivers/CMSIS/Include/cmsis_gcc.h **** 
 320:Drivers/CMSIS/Include/cmsis_gcc.h **** /**
 321:Drivers/CMSIS/Include/cmsis_gcc.h ****   \brief   Reverse byte order (16 bit)
 322:Drivers/CMSIS/Include/cmsis_gcc.h ****   \details Reverses the byte order in a 16-bit value and returns the signed 16-bit result. For exam
 323:Drivers/CMSIS/Include/cmsis_gcc.h ****   \param [in]    value  Value to reverse
 324:Drivers/CMSIS/Include/cmsis_gcc.h ****   \return               Reversed value
 325:Drivers/CMSIS/Include/cmsis_gcc.h ****  */
 326:Drivers/CMSIS/Include/cmsis_gcc.h **** __STATIC_FORCEINLINE int16_t __REVSH(int16_t value)
 327:Drivers/CMSIS/Include/cmsis_gcc.h **** {
 328:Drivers/CMSIS/Include/cmsis_gcc.h **** #if (__GNUC__ > 4) || (__GNUC__ == 4 && __GNUC_MINOR__ >= 8)
 329:Drivers/CMSIS/Include/cmsis_gcc.h ****   return (int16_t)__builtin_bswap16(value);
 330:Drivers/CMSIS/Include/cmsis_gcc.h **** #else
 331:Drivers/CMSIS/Include/cmsis_gcc.h ****   int16_t result;
 332:Drivers/CMSIS/Include/cmsis_gcc.h **** 
 333:Drivers/CMSIS/Include/cmsis_gcc.h ****   __ASM ("revsh %0, %1" : __CMSIS_GCC_OUT_REG (result) : __CMSIS_GCC_USE_REG (value) );
 334:Drivers/CMSIS/Include/cmsis_gcc.h ****   return result;
 335:Drivers/CMSIS/Include/cmsis_gcc.h **** #endif
ARM GAS  C:\Users\maraz\AppData\Local\Temp\ccyEBQ4t.s 			page 24


 336:Drivers/CMSIS/Include/cmsis_gcc.h **** }
 337:Drivers/CMSIS/Include/cmsis_gcc.h **** 
 338:Drivers/CMSIS/Include/cmsis_gcc.h **** 
 339:Drivers/CMSIS/Include/cmsis_gcc.h **** /**
 340:Drivers/CMSIS/Include/cmsis_gcc.h ****   \brief   Rotate Right in unsigned value (32 bit)
 341:Drivers/CMSIS/Include/cmsis_gcc.h ****   \details Rotate Right (immediate) provides the value of the contents of a register rotated by a v
 342:Drivers/CMSIS/Include/cmsis_gcc.h ****   \param [in]    op1  Value to rotate
 343:Drivers/CMSIS/Include/cmsis_gcc.h ****   \param [in]    op2  Number of Bits to rotate
 344:Drivers/CMSIS/Include/cmsis_gcc.h ****   \return               Rotated value
 345:Drivers/CMSIS/Include/cmsis_gcc.h ****  */
 346:Drivers/CMSIS/Include/cmsis_gcc.h **** __STATIC_FORCEINLINE uint32_t __ROR(uint32_t op1, uint32_t op2)
 347:Drivers/CMSIS/Include/cmsis_gcc.h **** {
 348:Drivers/CMSIS/Include/cmsis_gcc.h ****   op2 %= 32U;
 349:Drivers/CMSIS/Include/cmsis_gcc.h ****   if (op2 == 0U)
 350:Drivers/CMSIS/Include/cmsis_gcc.h ****   {
 351:Drivers/CMSIS/Include/cmsis_gcc.h ****     return op1;
 352:Drivers/CMSIS/Include/cmsis_gcc.h ****   }
 353:Drivers/CMSIS/Include/cmsis_gcc.h ****   return (op1 >> op2) | (op1 << (32U - op2));
 354:Drivers/CMSIS/Include/cmsis_gcc.h **** }
 355:Drivers/CMSIS/Include/cmsis_gcc.h **** 
 356:Drivers/CMSIS/Include/cmsis_gcc.h **** 
 357:Drivers/CMSIS/Include/cmsis_gcc.h **** /**
 358:Drivers/CMSIS/Include/cmsis_gcc.h ****   \brief   Breakpoint
 359:Drivers/CMSIS/Include/cmsis_gcc.h ****   \details Causes the processor to enter Debug state.
 360:Drivers/CMSIS/Include/cmsis_gcc.h ****            Debug tools can use this to investigate system state when the instruction at a particula
 361:Drivers/CMSIS/Include/cmsis_gcc.h ****   \param [in]    value  is ignored by the processor.
 362:Drivers/CMSIS/Include/cmsis_gcc.h ****                  If required, a debugger can use it to store additional information about the break
 363:Drivers/CMSIS/Include/cmsis_gcc.h ****  */
 364:Drivers/CMSIS/Include/cmsis_gcc.h **** #define __BKPT(value)                       __ASM volatile ("bkpt "#value)
 365:Drivers/CMSIS/Include/cmsis_gcc.h **** 
 366:Drivers/CMSIS/Include/cmsis_gcc.h **** 
 367:Drivers/CMSIS/Include/cmsis_gcc.h **** /**
 368:Drivers/CMSIS/Include/cmsis_gcc.h ****   \brief   Reverse bit order of value
 369:Drivers/CMSIS/Include/cmsis_gcc.h ****   \details Reverses the bit order of the given value.
 370:Drivers/CMSIS/Include/cmsis_gcc.h ****   \param [in]    value  Value to reverse
 371:Drivers/CMSIS/Include/cmsis_gcc.h ****   \return               Reversed value
 372:Drivers/CMSIS/Include/cmsis_gcc.h ****  */
 373:Drivers/CMSIS/Include/cmsis_gcc.h **** __STATIC_FORCEINLINE uint32_t __RBIT(uint32_t value)
 374:Drivers/CMSIS/Include/cmsis_gcc.h **** {
 375:Drivers/CMSIS/Include/cmsis_gcc.h ****   uint32_t result;
 376:Drivers/CMSIS/Include/cmsis_gcc.h **** 
 377:Drivers/CMSIS/Include/cmsis_gcc.h **** #if ((defined (__ARM_ARCH_7M__      ) && (__ARM_ARCH_7M__      == 1)) || \
 378:Drivers/CMSIS/Include/cmsis_gcc.h ****      (defined (__ARM_ARCH_7EM__     ) && (__ARM_ARCH_7EM__     == 1)) || \
 379:Drivers/CMSIS/Include/cmsis_gcc.h ****      (defined (__ARM_ARCH_8M_MAIN__ ) && (__ARM_ARCH_8M_MAIN__ == 1))    )
 380:Drivers/CMSIS/Include/cmsis_gcc.h ****    __ASM ("rbit %0, %1" : "=r" (result) : "r" (value) );
 381:Drivers/CMSIS/Include/cmsis_gcc.h **** #else
 382:Drivers/CMSIS/Include/cmsis_gcc.h ****   uint32_t s = (4U /*sizeof(v)*/ * 8U) - 1U; /* extra shift needed at end */
 383:Drivers/CMSIS/Include/cmsis_gcc.h **** 
 384:Drivers/CMSIS/Include/cmsis_gcc.h ****   result = value;                      /* r will be reversed bits of v; first get LSB of v */
 385:Drivers/CMSIS/Include/cmsis_gcc.h ****   for (value >>= 1U; value != 0U; value >>= 1U)
 386:Drivers/CMSIS/Include/cmsis_gcc.h ****   {
 387:Drivers/CMSIS/Include/cmsis_gcc.h ****     result <<= 1U;
 388:Drivers/CMSIS/Include/cmsis_gcc.h ****     result |= value & 1U;
 389:Drivers/CMSIS/Include/cmsis_gcc.h ****     s--;
 390:Drivers/CMSIS/Include/cmsis_gcc.h ****   }
 391:Drivers/CMSIS/Include/cmsis_gcc.h ****   result <<= s;                        /* shift when v's highest bits are zero */
 392:Drivers/CMSIS/Include/cmsis_gcc.h **** #endif
ARM GAS  C:\Users\maraz\AppData\Local\Temp\ccyEBQ4t.s 			page 25


 393:Drivers/CMSIS/Include/cmsis_gcc.h ****   return result;
 394:Drivers/CMSIS/Include/cmsis_gcc.h **** }
 395:Drivers/CMSIS/Include/cmsis_gcc.h **** 
 396:Drivers/CMSIS/Include/cmsis_gcc.h **** 
 397:Drivers/CMSIS/Include/cmsis_gcc.h **** /**
 398:Drivers/CMSIS/Include/cmsis_gcc.h ****   \brief   Count leading zeros
 399:Drivers/CMSIS/Include/cmsis_gcc.h ****   \details Counts the number of leading zeros of a data value.
 400:Drivers/CMSIS/Include/cmsis_gcc.h ****   \param [in]  value  Value to count the leading zeros
 401:Drivers/CMSIS/Include/cmsis_gcc.h ****   \return             number of leading zeros in value
 402:Drivers/CMSIS/Include/cmsis_gcc.h ****  */
 403:Drivers/CMSIS/Include/cmsis_gcc.h **** __STATIC_FORCEINLINE uint8_t __CLZ(uint32_t value)
 404:Drivers/CMSIS/Include/cmsis_gcc.h **** {
 405:Drivers/CMSIS/Include/cmsis_gcc.h ****   /* Even though __builtin_clz produces a CLZ instruction on ARM, formally
 406:Drivers/CMSIS/Include/cmsis_gcc.h ****      __builtin_clz(0) is undefined behaviour, so handle this case specially.
 407:Drivers/CMSIS/Include/cmsis_gcc.h ****      This guarantees ARM-compatible results if happening to compile on a non-ARM
 408:Drivers/CMSIS/Include/cmsis_gcc.h ****      target, and ensures the compiler doesn't decide to activate any
 409:Drivers/CMSIS/Include/cmsis_gcc.h ****      optimisations using the logic "value was passed to __builtin_clz, so it
 410:Drivers/CMSIS/Include/cmsis_gcc.h ****      is non-zero".
 411:Drivers/CMSIS/Include/cmsis_gcc.h ****      ARM GCC 7.3 and possibly earlier will optimise this test away, leaving a
 412:Drivers/CMSIS/Include/cmsis_gcc.h ****      single CLZ instruction.
 413:Drivers/CMSIS/Include/cmsis_gcc.h ****    */
 414:Drivers/CMSIS/Include/cmsis_gcc.h ****   if (value == 0U)
 415:Drivers/CMSIS/Include/cmsis_gcc.h ****   {
 416:Drivers/CMSIS/Include/cmsis_gcc.h ****     return 32U;
 417:Drivers/CMSIS/Include/cmsis_gcc.h ****   }
 418:Drivers/CMSIS/Include/cmsis_gcc.h ****   return __builtin_clz(value);
 419:Drivers/CMSIS/Include/cmsis_gcc.h **** }
 420:Drivers/CMSIS/Include/cmsis_gcc.h **** 
 421:Drivers/CMSIS/Include/cmsis_gcc.h **** 
 422:Drivers/CMSIS/Include/cmsis_gcc.h **** #if ((defined (__ARM_ARCH_7M__      ) && (__ARM_ARCH_7M__      == 1)) || \
 423:Drivers/CMSIS/Include/cmsis_gcc.h ****      (defined (__ARM_ARCH_7EM__     ) && (__ARM_ARCH_7EM__     == 1)) || \
 424:Drivers/CMSIS/Include/cmsis_gcc.h ****      (defined (__ARM_ARCH_8M_MAIN__ ) && (__ARM_ARCH_8M_MAIN__ == 1)) || \
 425:Drivers/CMSIS/Include/cmsis_gcc.h ****      (defined (__ARM_ARCH_8M_BASE__ ) && (__ARM_ARCH_8M_BASE__ == 1))    )
 426:Drivers/CMSIS/Include/cmsis_gcc.h **** /**
 427:Drivers/CMSIS/Include/cmsis_gcc.h ****   \brief   LDR Exclusive (8 bit)
 428:Drivers/CMSIS/Include/cmsis_gcc.h ****   \details Executes a exclusive LDR instruction for 8 bit value.
 429:Drivers/CMSIS/Include/cmsis_gcc.h ****   \param [in]    ptr  Pointer to data
 430:Drivers/CMSIS/Include/cmsis_gcc.h ****   \return             value of type uint8_t at (*ptr)
 431:Drivers/CMSIS/Include/cmsis_gcc.h ****  */
 432:Drivers/CMSIS/Include/cmsis_gcc.h **** __STATIC_FORCEINLINE uint8_t __LDREXB(volatile uint8_t *addr)
 433:Drivers/CMSIS/Include/cmsis_gcc.h **** {
 434:Drivers/CMSIS/Include/cmsis_gcc.h ****     uint32_t result;
 435:Drivers/CMSIS/Include/cmsis_gcc.h **** 
 436:Drivers/CMSIS/Include/cmsis_gcc.h **** #if (__GNUC__ > 4) || (__GNUC__ == 4 && __GNUC_MINOR__ >= 8)
 437:Drivers/CMSIS/Include/cmsis_gcc.h ****    __ASM volatile ("ldrexb %0, %1" : "=r" (result) : "Q" (*addr) );
 438:Drivers/CMSIS/Include/cmsis_gcc.h **** #else
 439:Drivers/CMSIS/Include/cmsis_gcc.h ****     /* Prior to GCC 4.8, "Q" will be expanded to [rx, #0] which is not
 440:Drivers/CMSIS/Include/cmsis_gcc.h ****        accepted by assembler. So has to use following less efficient pattern.
 441:Drivers/CMSIS/Include/cmsis_gcc.h ****     */
 442:Drivers/CMSIS/Include/cmsis_gcc.h ****    __ASM volatile ("ldrexb %0, [%1]" : "=r" (result) : "r" (addr) : "memory" );
 443:Drivers/CMSIS/Include/cmsis_gcc.h **** #endif
 444:Drivers/CMSIS/Include/cmsis_gcc.h ****    return ((uint8_t) result);    /* Add explicit type cast here */
 445:Drivers/CMSIS/Include/cmsis_gcc.h **** }
 446:Drivers/CMSIS/Include/cmsis_gcc.h **** 
 447:Drivers/CMSIS/Include/cmsis_gcc.h **** 
 448:Drivers/CMSIS/Include/cmsis_gcc.h **** /**
 449:Drivers/CMSIS/Include/cmsis_gcc.h ****   \brief   LDR Exclusive (16 bit)
ARM GAS  C:\Users\maraz\AppData\Local\Temp\ccyEBQ4t.s 			page 26


 450:Drivers/CMSIS/Include/cmsis_gcc.h ****   \details Executes a exclusive LDR instruction for 16 bit values.
 451:Drivers/CMSIS/Include/cmsis_gcc.h ****   \param [in]    ptr  Pointer to data
 452:Drivers/CMSIS/Include/cmsis_gcc.h ****   \return        value of type uint16_t at (*ptr)
 453:Drivers/CMSIS/Include/cmsis_gcc.h ****  */
 454:Drivers/CMSIS/Include/cmsis_gcc.h **** __STATIC_FORCEINLINE uint16_t __LDREXH(volatile uint16_t *addr)
 455:Drivers/CMSIS/Include/cmsis_gcc.h **** {
 456:Drivers/CMSIS/Include/cmsis_gcc.h ****     uint32_t result;
 457:Drivers/CMSIS/Include/cmsis_gcc.h **** 
 458:Drivers/CMSIS/Include/cmsis_gcc.h **** #if (__GNUC__ > 4) || (__GNUC__ == 4 && __GNUC_MINOR__ >= 8)
 459:Drivers/CMSIS/Include/cmsis_gcc.h ****    __ASM volatile ("ldrexh %0, %1" : "=r" (result) : "Q" (*addr) );
 460:Drivers/CMSIS/Include/cmsis_gcc.h **** #else
 461:Drivers/CMSIS/Include/cmsis_gcc.h ****     /* Prior to GCC 4.8, "Q" will be expanded to [rx, #0] which is not
 462:Drivers/CMSIS/Include/cmsis_gcc.h ****        accepted by assembler. So has to use following less efficient pattern.
 463:Drivers/CMSIS/Include/cmsis_gcc.h ****     */
 464:Drivers/CMSIS/Include/cmsis_gcc.h ****    __ASM volatile ("ldrexh %0, [%1]" : "=r" (result) : "r" (addr) : "memory" );
 465:Drivers/CMSIS/Include/cmsis_gcc.h **** #endif
 466:Drivers/CMSIS/Include/cmsis_gcc.h ****    return ((uint16_t) result);    /* Add explicit type cast here */
 467:Drivers/CMSIS/Include/cmsis_gcc.h **** }
 468:Drivers/CMSIS/Include/cmsis_gcc.h **** 
 469:Drivers/CMSIS/Include/cmsis_gcc.h **** 
 470:Drivers/CMSIS/Include/cmsis_gcc.h **** /**
 471:Drivers/CMSIS/Include/cmsis_gcc.h ****   \brief   LDR Exclusive (32 bit)
 472:Drivers/CMSIS/Include/cmsis_gcc.h ****   \details Executes a exclusive LDR instruction for 32 bit values.
 473:Drivers/CMSIS/Include/cmsis_gcc.h ****   \param [in]    ptr  Pointer to data
 474:Drivers/CMSIS/Include/cmsis_gcc.h ****   \return        value of type uint32_t at (*ptr)
 475:Drivers/CMSIS/Include/cmsis_gcc.h ****  */
 476:Drivers/CMSIS/Include/cmsis_gcc.h **** __STATIC_FORCEINLINE uint32_t __LDREXW(volatile uint32_t *addr)
 477:Drivers/CMSIS/Include/cmsis_gcc.h **** {
 478:Drivers/CMSIS/Include/cmsis_gcc.h ****     uint32_t result;
 479:Drivers/CMSIS/Include/cmsis_gcc.h **** 
 480:Drivers/CMSIS/Include/cmsis_gcc.h ****    __ASM volatile ("ldrex %0, %1" : "=r" (result) : "Q" (*addr) );
 481:Drivers/CMSIS/Include/cmsis_gcc.h ****    return(result);
 482:Drivers/CMSIS/Include/cmsis_gcc.h **** }
 483:Drivers/CMSIS/Include/cmsis_gcc.h **** 
 484:Drivers/CMSIS/Include/cmsis_gcc.h **** 
 485:Drivers/CMSIS/Include/cmsis_gcc.h **** /**
 486:Drivers/CMSIS/Include/cmsis_gcc.h ****   \brief   STR Exclusive (8 bit)
 487:Drivers/CMSIS/Include/cmsis_gcc.h ****   \details Executes a exclusive STR instruction for 8 bit values.
 488:Drivers/CMSIS/Include/cmsis_gcc.h ****   \param [in]  value  Value to store
 489:Drivers/CMSIS/Include/cmsis_gcc.h ****   \param [in]    ptr  Pointer to location
 490:Drivers/CMSIS/Include/cmsis_gcc.h ****   \return          0  Function succeeded
 491:Drivers/CMSIS/Include/cmsis_gcc.h ****   \return          1  Function failed
 492:Drivers/CMSIS/Include/cmsis_gcc.h ****  */
 493:Drivers/CMSIS/Include/cmsis_gcc.h **** __STATIC_FORCEINLINE uint32_t __STREXB(uint8_t value, volatile uint8_t *addr)
 494:Drivers/CMSIS/Include/cmsis_gcc.h **** {
 495:Drivers/CMSIS/Include/cmsis_gcc.h ****    uint32_t result;
 496:Drivers/CMSIS/Include/cmsis_gcc.h **** 
 497:Drivers/CMSIS/Include/cmsis_gcc.h ****    __ASM volatile ("strexb %0, %2, %1" : "=&r" (result), "=Q" (*addr) : "r" ((uint32_t)value) );
 498:Drivers/CMSIS/Include/cmsis_gcc.h ****    return(result);
 499:Drivers/CMSIS/Include/cmsis_gcc.h **** }
 500:Drivers/CMSIS/Include/cmsis_gcc.h **** 
 501:Drivers/CMSIS/Include/cmsis_gcc.h **** 
 502:Drivers/CMSIS/Include/cmsis_gcc.h **** /**
 503:Drivers/CMSIS/Include/cmsis_gcc.h ****   \brief   STR Exclusive (16 bit)
 504:Drivers/CMSIS/Include/cmsis_gcc.h ****   \details Executes a exclusive STR instruction for 16 bit values.
 505:Drivers/CMSIS/Include/cmsis_gcc.h ****   \param [in]  value  Value to store
 506:Drivers/CMSIS/Include/cmsis_gcc.h ****   \param [in]    ptr  Pointer to location
ARM GAS  C:\Users\maraz\AppData\Local\Temp\ccyEBQ4t.s 			page 27


 507:Drivers/CMSIS/Include/cmsis_gcc.h ****   \return          0  Function succeeded
 508:Drivers/CMSIS/Include/cmsis_gcc.h ****   \return          1  Function failed
 509:Drivers/CMSIS/Include/cmsis_gcc.h ****  */
 510:Drivers/CMSIS/Include/cmsis_gcc.h **** __STATIC_FORCEINLINE uint32_t __STREXH(uint16_t value, volatile uint16_t *addr)
 511:Drivers/CMSIS/Include/cmsis_gcc.h **** {
 512:Drivers/CMSIS/Include/cmsis_gcc.h ****    uint32_t result;
 513:Drivers/CMSIS/Include/cmsis_gcc.h **** 
 514:Drivers/CMSIS/Include/cmsis_gcc.h ****    __ASM volatile ("strexh %0, %2, %1" : "=&r" (result), "=Q" (*addr) : "r" ((uint32_t)value) );
 515:Drivers/CMSIS/Include/cmsis_gcc.h ****    return(result);
 516:Drivers/CMSIS/Include/cmsis_gcc.h **** }
 517:Drivers/CMSIS/Include/cmsis_gcc.h **** 
 518:Drivers/CMSIS/Include/cmsis_gcc.h **** 
 519:Drivers/CMSIS/Include/cmsis_gcc.h **** /**
 520:Drivers/CMSIS/Include/cmsis_gcc.h ****   \brief   STR Exclusive (32 bit)
 521:Drivers/CMSIS/Include/cmsis_gcc.h ****   \details Executes a exclusive STR instruction for 32 bit values.
 522:Drivers/CMSIS/Include/cmsis_gcc.h ****   \param [in]  value  Value to store
 523:Drivers/CMSIS/Include/cmsis_gcc.h ****   \param [in]    ptr  Pointer to location
 524:Drivers/CMSIS/Include/cmsis_gcc.h ****   \return          0  Function succeeded
 525:Drivers/CMSIS/Include/cmsis_gcc.h ****   \return          1  Function failed
 526:Drivers/CMSIS/Include/cmsis_gcc.h ****  */
 527:Drivers/CMSIS/Include/cmsis_gcc.h **** __STATIC_FORCEINLINE uint32_t __STREXW(uint32_t value, volatile uint32_t *addr)
 528:Drivers/CMSIS/Include/cmsis_gcc.h **** {
 529:Drivers/CMSIS/Include/cmsis_gcc.h ****    uint32_t result;
 530:Drivers/CMSIS/Include/cmsis_gcc.h **** 
 531:Drivers/CMSIS/Include/cmsis_gcc.h ****    __ASM volatile ("strex %0, %2, %1" : "=&r" (result), "=Q" (*addr) : "r" (value) );
 532:Drivers/CMSIS/Include/cmsis_gcc.h ****    return(result);
 533:Drivers/CMSIS/Include/cmsis_gcc.h **** }
 534:Drivers/CMSIS/Include/cmsis_gcc.h **** 
 535:Drivers/CMSIS/Include/cmsis_gcc.h **** 
 536:Drivers/CMSIS/Include/cmsis_gcc.h **** /**
 537:Drivers/CMSIS/Include/cmsis_gcc.h ****   \brief   Remove the exclusive lock
 538:Drivers/CMSIS/Include/cmsis_gcc.h ****   \details Removes the exclusive lock which is created by LDREX.
 539:Drivers/CMSIS/Include/cmsis_gcc.h ****  */
 540:Drivers/CMSIS/Include/cmsis_gcc.h **** __STATIC_FORCEINLINE void __CLREX(void)
 541:Drivers/CMSIS/Include/cmsis_gcc.h **** {
 542:Drivers/CMSIS/Include/cmsis_gcc.h ****   __ASM volatile ("clrex" ::: "memory");
 543:Drivers/CMSIS/Include/cmsis_gcc.h **** }
 544:Drivers/CMSIS/Include/cmsis_gcc.h **** 
 545:Drivers/CMSIS/Include/cmsis_gcc.h **** #endif /* ((defined (__ARM_ARCH_7M__      ) && (__ARM_ARCH_7M__      == 1)) || \
 546:Drivers/CMSIS/Include/cmsis_gcc.h ****            (defined (__ARM_ARCH_7EM__     ) && (__ARM_ARCH_7EM__     == 1)) || \
 547:Drivers/CMSIS/Include/cmsis_gcc.h ****            (defined (__ARM_ARCH_8M_MAIN__ ) && (__ARM_ARCH_8M_MAIN__ == 1)) || \
 548:Drivers/CMSIS/Include/cmsis_gcc.h ****            (defined (__ARM_ARCH_8M_BASE__ ) && (__ARM_ARCH_8M_BASE__ == 1))    ) */
 549:Drivers/CMSIS/Include/cmsis_gcc.h **** 
 550:Drivers/CMSIS/Include/cmsis_gcc.h **** 
 551:Drivers/CMSIS/Include/cmsis_gcc.h **** #if ((defined (__ARM_ARCH_7M__      ) && (__ARM_ARCH_7M__      == 1)) || \
 552:Drivers/CMSIS/Include/cmsis_gcc.h ****      (defined (__ARM_ARCH_7EM__     ) && (__ARM_ARCH_7EM__     == 1)) || \
 553:Drivers/CMSIS/Include/cmsis_gcc.h ****      (defined (__ARM_ARCH_8M_MAIN__ ) && (__ARM_ARCH_8M_MAIN__ == 1))    )
 554:Drivers/CMSIS/Include/cmsis_gcc.h **** /**
 555:Drivers/CMSIS/Include/cmsis_gcc.h ****   \brief   Signed Saturate
 556:Drivers/CMSIS/Include/cmsis_gcc.h ****   \details Saturates a signed value.
 557:Drivers/CMSIS/Include/cmsis_gcc.h ****   \param [in]  ARG1  Value to be saturated
 558:Drivers/CMSIS/Include/cmsis_gcc.h ****   \param [in]  ARG2  Bit position to saturate to (1..32)
 559:Drivers/CMSIS/Include/cmsis_gcc.h ****   \return             Saturated value
 560:Drivers/CMSIS/Include/cmsis_gcc.h ****  */
 561:Drivers/CMSIS/Include/cmsis_gcc.h **** #define __SSAT(ARG1, ARG2) \
 562:Drivers/CMSIS/Include/cmsis_gcc.h **** __extension__ \
 563:Drivers/CMSIS/Include/cmsis_gcc.h **** ({                          \
ARM GAS  C:\Users\maraz\AppData\Local\Temp\ccyEBQ4t.s 			page 28


 564:Drivers/CMSIS/Include/cmsis_gcc.h ****   int32_t __RES, __ARG1 = (ARG1); \
 565:Drivers/CMSIS/Include/cmsis_gcc.h ****   __ASM volatile ("ssat %0, %1, %2" : "=r" (__RES) :  "I" (ARG2), "r" (__ARG1) : "cc" ); \
 566:Drivers/CMSIS/Include/cmsis_gcc.h ****   __RES; \
 567:Drivers/CMSIS/Include/cmsis_gcc.h ****  })
 568:Drivers/CMSIS/Include/cmsis_gcc.h **** 
 569:Drivers/CMSIS/Include/cmsis_gcc.h **** 
 570:Drivers/CMSIS/Include/cmsis_gcc.h **** /**
 571:Drivers/CMSIS/Include/cmsis_gcc.h ****   \brief   Unsigned Saturate
 572:Drivers/CMSIS/Include/cmsis_gcc.h ****   \details Saturates an unsigned value.
 573:Drivers/CMSIS/Include/cmsis_gcc.h ****   \param [in]  ARG1  Value to be saturated
 574:Drivers/CMSIS/Include/cmsis_gcc.h ****   \param [in]  ARG2  Bit position to saturate to (0..31)
 575:Drivers/CMSIS/Include/cmsis_gcc.h ****   \return             Saturated value
 576:Drivers/CMSIS/Include/cmsis_gcc.h ****  */
 577:Drivers/CMSIS/Include/cmsis_gcc.h **** #define __USAT(ARG1, ARG2) \
 578:Drivers/CMSIS/Include/cmsis_gcc.h **** __extension__ \
 579:Drivers/CMSIS/Include/cmsis_gcc.h **** ({                          \
 580:Drivers/CMSIS/Include/cmsis_gcc.h ****   uint32_t __RES, __ARG1 = (ARG1); \
 581:Drivers/CMSIS/Include/cmsis_gcc.h ****   __ASM volatile ("usat %0, %1, %2" : "=r" (__RES) :  "I" (ARG2), "r" (__ARG1) : "cc" ); \
 582:Drivers/CMSIS/Include/cmsis_gcc.h ****   __RES; \
 583:Drivers/CMSIS/Include/cmsis_gcc.h ****  })
 584:Drivers/CMSIS/Include/cmsis_gcc.h **** 
 585:Drivers/CMSIS/Include/cmsis_gcc.h **** 
 586:Drivers/CMSIS/Include/cmsis_gcc.h **** /**
 587:Drivers/CMSIS/Include/cmsis_gcc.h ****   \brief   Rotate Right with Extend (32 bit)
 588:Drivers/CMSIS/Include/cmsis_gcc.h ****   \details Moves each bit of a bitstring right by one bit.
 589:Drivers/CMSIS/Include/cmsis_gcc.h ****            The carry input is shifted in at the left end of the bitstring.
 590:Drivers/CMSIS/Include/cmsis_gcc.h ****   \param [in]    value  Value to rotate
 591:Drivers/CMSIS/Include/cmsis_gcc.h ****   \return               Rotated value
 592:Drivers/CMSIS/Include/cmsis_gcc.h ****  */
 593:Drivers/CMSIS/Include/cmsis_gcc.h **** __STATIC_FORCEINLINE uint32_t __RRX(uint32_t value)
 594:Drivers/CMSIS/Include/cmsis_gcc.h **** {
 595:Drivers/CMSIS/Include/cmsis_gcc.h ****   uint32_t result;
 596:Drivers/CMSIS/Include/cmsis_gcc.h **** 
 597:Drivers/CMSIS/Include/cmsis_gcc.h ****   __ASM volatile ("rrx %0, %1" : __CMSIS_GCC_OUT_REG (result) : __CMSIS_GCC_USE_REG (value) );
 598:Drivers/CMSIS/Include/cmsis_gcc.h ****   return(result);
 599:Drivers/CMSIS/Include/cmsis_gcc.h **** }
 600:Drivers/CMSIS/Include/cmsis_gcc.h **** 
 601:Drivers/CMSIS/Include/cmsis_gcc.h **** 
 602:Drivers/CMSIS/Include/cmsis_gcc.h **** /**
 603:Drivers/CMSIS/Include/cmsis_gcc.h ****   \brief   LDRT Unprivileged (8 bit)
 604:Drivers/CMSIS/Include/cmsis_gcc.h ****   \details Executes a Unprivileged LDRT instruction for 8 bit value.
 605:Drivers/CMSIS/Include/cmsis_gcc.h ****   \param [in]    ptr  Pointer to data
 606:Drivers/CMSIS/Include/cmsis_gcc.h ****   \return             value of type uint8_t at (*ptr)
 607:Drivers/CMSIS/Include/cmsis_gcc.h ****  */
 608:Drivers/CMSIS/Include/cmsis_gcc.h **** __STATIC_FORCEINLINE uint8_t __LDRBT(volatile uint8_t *ptr)
 609:Drivers/CMSIS/Include/cmsis_gcc.h **** {
 610:Drivers/CMSIS/Include/cmsis_gcc.h ****     uint32_t result;
 611:Drivers/CMSIS/Include/cmsis_gcc.h **** 
 612:Drivers/CMSIS/Include/cmsis_gcc.h **** #if (__GNUC__ > 4) || (__GNUC__ == 4 && __GNUC_MINOR__ >= 8)
 613:Drivers/CMSIS/Include/cmsis_gcc.h ****    __ASM volatile ("ldrbt %0, %1" : "=r" (result) : "Q" (*ptr) );
 614:Drivers/CMSIS/Include/cmsis_gcc.h **** #else
 615:Drivers/CMSIS/Include/cmsis_gcc.h ****     /* Prior to GCC 4.8, "Q" will be expanded to [rx, #0] which is not
 616:Drivers/CMSIS/Include/cmsis_gcc.h ****        accepted by assembler. So has to use following less efficient pattern.
 617:Drivers/CMSIS/Include/cmsis_gcc.h ****     */
 618:Drivers/CMSIS/Include/cmsis_gcc.h ****    __ASM volatile ("ldrbt %0, [%1]" : "=r" (result) : "r" (ptr) : "memory" );
 619:Drivers/CMSIS/Include/cmsis_gcc.h **** #endif
 620:Drivers/CMSIS/Include/cmsis_gcc.h ****    return ((uint8_t) result);    /* Add explicit type cast here */
ARM GAS  C:\Users\maraz\AppData\Local\Temp\ccyEBQ4t.s 			page 29


 621:Drivers/CMSIS/Include/cmsis_gcc.h **** }
 622:Drivers/CMSIS/Include/cmsis_gcc.h **** 
 623:Drivers/CMSIS/Include/cmsis_gcc.h **** 
 624:Drivers/CMSIS/Include/cmsis_gcc.h **** /**
 625:Drivers/CMSIS/Include/cmsis_gcc.h ****   \brief   LDRT Unprivileged (16 bit)
 626:Drivers/CMSIS/Include/cmsis_gcc.h ****   \details Executes a Unprivileged LDRT instruction for 16 bit values.
 627:Drivers/CMSIS/Include/cmsis_gcc.h ****   \param [in]    ptr  Pointer to data
 628:Drivers/CMSIS/Include/cmsis_gcc.h ****   \return        value of type uint16_t at (*ptr)
 629:Drivers/CMSIS/Include/cmsis_gcc.h ****  */
 630:Drivers/CMSIS/Include/cmsis_gcc.h **** __STATIC_FORCEINLINE uint16_t __LDRHT(volatile uint16_t *ptr)
 631:Drivers/CMSIS/Include/cmsis_gcc.h **** {
 632:Drivers/CMSIS/Include/cmsis_gcc.h ****     uint32_t result;
 633:Drivers/CMSIS/Include/cmsis_gcc.h **** 
 634:Drivers/CMSIS/Include/cmsis_gcc.h **** #if (__GNUC__ > 4) || (__GNUC__ == 4 && __GNUC_MINOR__ >= 8)
 635:Drivers/CMSIS/Include/cmsis_gcc.h ****    __ASM volatile ("ldrht %0, %1" : "=r" (result) : "Q" (*ptr) );
 636:Drivers/CMSIS/Include/cmsis_gcc.h **** #else
 637:Drivers/CMSIS/Include/cmsis_gcc.h ****     /* Prior to GCC 4.8, "Q" will be expanded to [rx, #0] which is not
 638:Drivers/CMSIS/Include/cmsis_gcc.h ****        accepted by assembler. So has to use following less efficient pattern.
 639:Drivers/CMSIS/Include/cmsis_gcc.h ****     */
 640:Drivers/CMSIS/Include/cmsis_gcc.h ****    __ASM volatile ("ldrht %0, [%1]" : "=r" (result) : "r" (ptr) : "memory" );
 641:Drivers/CMSIS/Include/cmsis_gcc.h **** #endif
 642:Drivers/CMSIS/Include/cmsis_gcc.h ****    return ((uint16_t) result);    /* Add explicit type cast here */
 643:Drivers/CMSIS/Include/cmsis_gcc.h **** }
 644:Drivers/CMSIS/Include/cmsis_gcc.h **** 
 645:Drivers/CMSIS/Include/cmsis_gcc.h **** 
 646:Drivers/CMSIS/Include/cmsis_gcc.h **** /**
 647:Drivers/CMSIS/Include/cmsis_gcc.h ****   \brief   LDRT Unprivileged (32 bit)
 648:Drivers/CMSIS/Include/cmsis_gcc.h ****   \details Executes a Unprivileged LDRT instruction for 32 bit values.
 649:Drivers/CMSIS/Include/cmsis_gcc.h ****   \param [in]    ptr  Pointer to data
 650:Drivers/CMSIS/Include/cmsis_gcc.h ****   \return        value of type uint32_t at (*ptr)
 651:Drivers/CMSIS/Include/cmsis_gcc.h ****  */
 652:Drivers/CMSIS/Include/cmsis_gcc.h **** __STATIC_FORCEINLINE uint32_t __LDRT(volatile uint32_t *ptr)
 653:Drivers/CMSIS/Include/cmsis_gcc.h **** {
 654:Drivers/CMSIS/Include/cmsis_gcc.h ****     uint32_t result;
 655:Drivers/CMSIS/Include/cmsis_gcc.h **** 
 656:Drivers/CMSIS/Include/cmsis_gcc.h ****    __ASM volatile ("ldrt %0, %1" : "=r" (result) : "Q" (*ptr) );
 657:Drivers/CMSIS/Include/cmsis_gcc.h ****    return(result);
 658:Drivers/CMSIS/Include/cmsis_gcc.h **** }
 659:Drivers/CMSIS/Include/cmsis_gcc.h **** 
 660:Drivers/CMSIS/Include/cmsis_gcc.h **** 
 661:Drivers/CMSIS/Include/cmsis_gcc.h **** /**
 662:Drivers/CMSIS/Include/cmsis_gcc.h ****   \brief   STRT Unprivileged (8 bit)
 663:Drivers/CMSIS/Include/cmsis_gcc.h ****   \details Executes a Unprivileged STRT instruction for 8 bit values.
 664:Drivers/CMSIS/Include/cmsis_gcc.h ****   \param [in]  value  Value to store
 665:Drivers/CMSIS/Include/cmsis_gcc.h ****   \param [in]    ptr  Pointer to location
 666:Drivers/CMSIS/Include/cmsis_gcc.h ****  */
 667:Drivers/CMSIS/Include/cmsis_gcc.h **** __STATIC_FORCEINLINE void __STRBT(uint8_t value, volatile uint8_t *ptr)
 668:Drivers/CMSIS/Include/cmsis_gcc.h **** {
 669:Drivers/CMSIS/Include/cmsis_gcc.h ****    __ASM volatile ("strbt %1, %0" : "=Q" (*ptr) : "r" ((uint32_t)value) );
 670:Drivers/CMSIS/Include/cmsis_gcc.h **** }
 671:Drivers/CMSIS/Include/cmsis_gcc.h **** 
 672:Drivers/CMSIS/Include/cmsis_gcc.h **** 
 673:Drivers/CMSIS/Include/cmsis_gcc.h **** /**
 674:Drivers/CMSIS/Include/cmsis_gcc.h ****   \brief   STRT Unprivileged (16 bit)
 675:Drivers/CMSIS/Include/cmsis_gcc.h ****   \details Executes a Unprivileged STRT instruction for 16 bit values.
 676:Drivers/CMSIS/Include/cmsis_gcc.h ****   \param [in]  value  Value to store
 677:Drivers/CMSIS/Include/cmsis_gcc.h ****   \param [in]    ptr  Pointer to location
ARM GAS  C:\Users\maraz\AppData\Local\Temp\ccyEBQ4t.s 			page 30


 678:Drivers/CMSIS/Include/cmsis_gcc.h ****  */
 679:Drivers/CMSIS/Include/cmsis_gcc.h **** __STATIC_FORCEINLINE void __STRHT(uint16_t value, volatile uint16_t *ptr)
 680:Drivers/CMSIS/Include/cmsis_gcc.h **** {
 681:Drivers/CMSIS/Include/cmsis_gcc.h ****    __ASM volatile ("strht %1, %0" : "=Q" (*ptr) : "r" ((uint32_t)value) );
 682:Drivers/CMSIS/Include/cmsis_gcc.h **** }
 683:Drivers/CMSIS/Include/cmsis_gcc.h **** 
 684:Drivers/CMSIS/Include/cmsis_gcc.h **** 
 685:Drivers/CMSIS/Include/cmsis_gcc.h **** /**
 686:Drivers/CMSIS/Include/cmsis_gcc.h ****   \brief   STRT Unprivileged (32 bit)
 687:Drivers/CMSIS/Include/cmsis_gcc.h ****   \details Executes a Unprivileged STRT instruction for 32 bit values.
 688:Drivers/CMSIS/Include/cmsis_gcc.h ****   \param [in]  value  Value to store
 689:Drivers/CMSIS/Include/cmsis_gcc.h ****   \param [in]    ptr  Pointer to location
 690:Drivers/CMSIS/Include/cmsis_gcc.h ****  */
 691:Drivers/CMSIS/Include/cmsis_gcc.h **** __STATIC_FORCEINLINE void __STRT(uint32_t value, volatile uint32_t *ptr)
 692:Drivers/CMSIS/Include/cmsis_gcc.h **** {
 693:Drivers/CMSIS/Include/cmsis_gcc.h ****    __ASM volatile ("strt %1, %0" : "=Q" (*ptr) : "r" (value) );
 694:Drivers/CMSIS/Include/cmsis_gcc.h **** }
 695:Drivers/CMSIS/Include/cmsis_gcc.h **** 
 696:Drivers/CMSIS/Include/cmsis_gcc.h **** #else  /* ((defined (__ARM_ARCH_7M__      ) && (__ARM_ARCH_7M__      == 1)) || \
 697:Drivers/CMSIS/Include/cmsis_gcc.h ****            (defined (__ARM_ARCH_7EM__     ) && (__ARM_ARCH_7EM__     == 1)) || \
 698:Drivers/CMSIS/Include/cmsis_gcc.h ****            (defined (__ARM_ARCH_8M_MAIN__ ) && (__ARM_ARCH_8M_MAIN__ == 1))    ) */
 699:Drivers/CMSIS/Include/cmsis_gcc.h **** 
 700:Drivers/CMSIS/Include/cmsis_gcc.h **** /**
 701:Drivers/CMSIS/Include/cmsis_gcc.h ****   \brief   Signed Saturate
 702:Drivers/CMSIS/Include/cmsis_gcc.h ****   \details Saturates a signed value.
 703:Drivers/CMSIS/Include/cmsis_gcc.h ****   \param [in]  value  Value to be saturated
 704:Drivers/CMSIS/Include/cmsis_gcc.h ****   \param [in]    sat  Bit position to saturate to (1..32)
 705:Drivers/CMSIS/Include/cmsis_gcc.h ****   \return             Saturated value
 706:Drivers/CMSIS/Include/cmsis_gcc.h ****  */
 707:Drivers/CMSIS/Include/cmsis_gcc.h **** __STATIC_FORCEINLINE int32_t __SSAT(int32_t val, uint32_t sat)
 708:Drivers/CMSIS/Include/cmsis_gcc.h **** {
 709:Drivers/CMSIS/Include/cmsis_gcc.h ****   if ((sat >= 1U) && (sat <= 32U))
 710:Drivers/CMSIS/Include/cmsis_gcc.h ****   {
 711:Drivers/CMSIS/Include/cmsis_gcc.h ****     const int32_t max = (int32_t)((1U << (sat - 1U)) - 1U);
 712:Drivers/CMSIS/Include/cmsis_gcc.h ****     const int32_t min = -1 - max ;
 713:Drivers/CMSIS/Include/cmsis_gcc.h ****     if (val > max)
 714:Drivers/CMSIS/Include/cmsis_gcc.h ****     {
 715:Drivers/CMSIS/Include/cmsis_gcc.h ****       return max;
 716:Drivers/CMSIS/Include/cmsis_gcc.h ****     }
 717:Drivers/CMSIS/Include/cmsis_gcc.h ****     else if (val < min)
 718:Drivers/CMSIS/Include/cmsis_gcc.h ****     {
 719:Drivers/CMSIS/Include/cmsis_gcc.h ****       return min;
 720:Drivers/CMSIS/Include/cmsis_gcc.h ****     }
 721:Drivers/CMSIS/Include/cmsis_gcc.h ****   }
 722:Drivers/CMSIS/Include/cmsis_gcc.h ****   return val;
 723:Drivers/CMSIS/Include/cmsis_gcc.h **** }
 724:Drivers/CMSIS/Include/cmsis_gcc.h **** 
 725:Drivers/CMSIS/Include/cmsis_gcc.h **** /**
 726:Drivers/CMSIS/Include/cmsis_gcc.h ****   \brief   Unsigned Saturate
 727:Drivers/CMSIS/Include/cmsis_gcc.h ****   \details Saturates an unsigned value.
 728:Drivers/CMSIS/Include/cmsis_gcc.h ****   \param [in]  value  Value to be saturated
 729:Drivers/CMSIS/Include/cmsis_gcc.h ****   \param [in]    sat  Bit position to saturate to (0..31)
 730:Drivers/CMSIS/Include/cmsis_gcc.h ****   \return             Saturated value
 731:Drivers/CMSIS/Include/cmsis_gcc.h ****  */
 732:Drivers/CMSIS/Include/cmsis_gcc.h **** __STATIC_FORCEINLINE uint32_t __USAT(int32_t val, uint32_t sat)
 733:Drivers/CMSIS/Include/cmsis_gcc.h **** {
 734:Drivers/CMSIS/Include/cmsis_gcc.h ****   if (sat <= 31U)
ARM GAS  C:\Users\maraz\AppData\Local\Temp\ccyEBQ4t.s 			page 31


 735:Drivers/CMSIS/Include/cmsis_gcc.h ****   {
 736:Drivers/CMSIS/Include/cmsis_gcc.h ****     const uint32_t max = ((1U << sat) - 1U);
 737:Drivers/CMSIS/Include/cmsis_gcc.h ****     if (val > (int32_t)max)
 738:Drivers/CMSIS/Include/cmsis_gcc.h ****     {
 739:Drivers/CMSIS/Include/cmsis_gcc.h ****       return max;
 740:Drivers/CMSIS/Include/cmsis_gcc.h ****     }
 741:Drivers/CMSIS/Include/cmsis_gcc.h ****     else if (val < 0)
 742:Drivers/CMSIS/Include/cmsis_gcc.h ****     {
 743:Drivers/CMSIS/Include/cmsis_gcc.h ****       return 0U;
 744:Drivers/CMSIS/Include/cmsis_gcc.h ****     }
 745:Drivers/CMSIS/Include/cmsis_gcc.h ****   }
 746:Drivers/CMSIS/Include/cmsis_gcc.h ****   return (uint32_t)val;
 747:Drivers/CMSIS/Include/cmsis_gcc.h **** }
 748:Drivers/CMSIS/Include/cmsis_gcc.h **** 
 749:Drivers/CMSIS/Include/cmsis_gcc.h **** #endif /* ((defined (__ARM_ARCH_7M__      ) && (__ARM_ARCH_7M__      == 1)) || \
 750:Drivers/CMSIS/Include/cmsis_gcc.h ****            (defined (__ARM_ARCH_7EM__     ) && (__ARM_ARCH_7EM__     == 1)) || \
 751:Drivers/CMSIS/Include/cmsis_gcc.h ****            (defined (__ARM_ARCH_8M_MAIN__ ) && (__ARM_ARCH_8M_MAIN__ == 1))    ) */
 752:Drivers/CMSIS/Include/cmsis_gcc.h **** 
 753:Drivers/CMSIS/Include/cmsis_gcc.h **** 
 754:Drivers/CMSIS/Include/cmsis_gcc.h **** #if ((defined (__ARM_ARCH_8M_MAIN__ ) && (__ARM_ARCH_8M_MAIN__ == 1)) || \
 755:Drivers/CMSIS/Include/cmsis_gcc.h ****      (defined (__ARM_ARCH_8M_BASE__ ) && (__ARM_ARCH_8M_BASE__ == 1))    )
 756:Drivers/CMSIS/Include/cmsis_gcc.h **** /**
 757:Drivers/CMSIS/Include/cmsis_gcc.h ****   \brief   Load-Acquire (8 bit)
 758:Drivers/CMSIS/Include/cmsis_gcc.h ****   \details Executes a LDAB instruction for 8 bit value.
 759:Drivers/CMSIS/Include/cmsis_gcc.h ****   \param [in]    ptr  Pointer to data
 760:Drivers/CMSIS/Include/cmsis_gcc.h ****   \return             value of type uint8_t at (*ptr)
 761:Drivers/CMSIS/Include/cmsis_gcc.h ****  */
 762:Drivers/CMSIS/Include/cmsis_gcc.h **** __STATIC_FORCEINLINE uint8_t __LDAB(volatile uint8_t *ptr)
 763:Drivers/CMSIS/Include/cmsis_gcc.h **** {
 764:Drivers/CMSIS/Include/cmsis_gcc.h ****     uint32_t result;
 765:Drivers/CMSIS/Include/cmsis_gcc.h **** 
 766:Drivers/CMSIS/Include/cmsis_gcc.h ****    __ASM volatile ("ldab %0, %1" : "=r" (result) : "Q" (*ptr) : "memory" );
 767:Drivers/CMSIS/Include/cmsis_gcc.h ****    return ((uint8_t) result);
 768:Drivers/CMSIS/Include/cmsis_gcc.h **** }
 769:Drivers/CMSIS/Include/cmsis_gcc.h **** 
 770:Drivers/CMSIS/Include/cmsis_gcc.h **** 
 771:Drivers/CMSIS/Include/cmsis_gcc.h **** /**
 772:Drivers/CMSIS/Include/cmsis_gcc.h ****   \brief   Load-Acquire (16 bit)
 773:Drivers/CMSIS/Include/cmsis_gcc.h ****   \details Executes a LDAH instruction for 16 bit values.
 774:Drivers/CMSIS/Include/cmsis_gcc.h ****   \param [in]    ptr  Pointer to data
 775:Drivers/CMSIS/Include/cmsis_gcc.h ****   \return        value of type uint16_t at (*ptr)
 776:Drivers/CMSIS/Include/cmsis_gcc.h ****  */
 777:Drivers/CMSIS/Include/cmsis_gcc.h **** __STATIC_FORCEINLINE uint16_t __LDAH(volatile uint16_t *ptr)
 778:Drivers/CMSIS/Include/cmsis_gcc.h **** {
 779:Drivers/CMSIS/Include/cmsis_gcc.h ****     uint32_t result;
 780:Drivers/CMSIS/Include/cmsis_gcc.h **** 
 781:Drivers/CMSIS/Include/cmsis_gcc.h ****    __ASM volatile ("ldah %0, %1" : "=r" (result) : "Q" (*ptr) : "memory" );
 782:Drivers/CMSIS/Include/cmsis_gcc.h ****    return ((uint16_t) result);
 783:Drivers/CMSIS/Include/cmsis_gcc.h **** }
 784:Drivers/CMSIS/Include/cmsis_gcc.h **** 
 785:Drivers/CMSIS/Include/cmsis_gcc.h **** 
 786:Drivers/CMSIS/Include/cmsis_gcc.h **** /**
 787:Drivers/CMSIS/Include/cmsis_gcc.h ****   \brief   Load-Acquire (32 bit)
 788:Drivers/CMSIS/Include/cmsis_gcc.h ****   \details Executes a LDA instruction for 32 bit values.
 789:Drivers/CMSIS/Include/cmsis_gcc.h ****   \param [in]    ptr  Pointer to data
 790:Drivers/CMSIS/Include/cmsis_gcc.h ****   \return        value of type uint32_t at (*ptr)
 791:Drivers/CMSIS/Include/cmsis_gcc.h ****  */
ARM GAS  C:\Users\maraz\AppData\Local\Temp\ccyEBQ4t.s 			page 32


 792:Drivers/CMSIS/Include/cmsis_gcc.h **** __STATIC_FORCEINLINE uint32_t __LDA(volatile uint32_t *ptr)
 793:Drivers/CMSIS/Include/cmsis_gcc.h **** {
 794:Drivers/CMSIS/Include/cmsis_gcc.h ****     uint32_t result;
 795:Drivers/CMSIS/Include/cmsis_gcc.h **** 
 796:Drivers/CMSIS/Include/cmsis_gcc.h ****    __ASM volatile ("lda %0, %1" : "=r" (result) : "Q" (*ptr) : "memory" );
 797:Drivers/CMSIS/Include/cmsis_gcc.h ****    return(result);
 798:Drivers/CMSIS/Include/cmsis_gcc.h **** }
 799:Drivers/CMSIS/Include/cmsis_gcc.h **** 
 800:Drivers/CMSIS/Include/cmsis_gcc.h **** 
 801:Drivers/CMSIS/Include/cmsis_gcc.h **** /**
 802:Drivers/CMSIS/Include/cmsis_gcc.h ****   \brief   Store-Release (8 bit)
 803:Drivers/CMSIS/Include/cmsis_gcc.h ****   \details Executes a STLB instruction for 8 bit values.
 804:Drivers/CMSIS/Include/cmsis_gcc.h ****   \param [in]  value  Value to store
 805:Drivers/CMSIS/Include/cmsis_gcc.h ****   \param [in]    ptr  Pointer to location
 806:Drivers/CMSIS/Include/cmsis_gcc.h ****  */
 807:Drivers/CMSIS/Include/cmsis_gcc.h **** __STATIC_FORCEINLINE void __STLB(uint8_t value, volatile uint8_t *ptr)
 808:Drivers/CMSIS/Include/cmsis_gcc.h **** {
 809:Drivers/CMSIS/Include/cmsis_gcc.h ****    __ASM volatile ("stlb %1, %0" : "=Q" (*ptr) : "r" ((uint32_t)value) : "memory" );
 810:Drivers/CMSIS/Include/cmsis_gcc.h **** }
 811:Drivers/CMSIS/Include/cmsis_gcc.h **** 
 812:Drivers/CMSIS/Include/cmsis_gcc.h **** 
 813:Drivers/CMSIS/Include/cmsis_gcc.h **** /**
 814:Drivers/CMSIS/Include/cmsis_gcc.h ****   \brief   Store-Release (16 bit)
 815:Drivers/CMSIS/Include/cmsis_gcc.h ****   \details Executes a STLH instruction for 16 bit values.
 816:Drivers/CMSIS/Include/cmsis_gcc.h ****   \param [in]  value  Value to store
 817:Drivers/CMSIS/Include/cmsis_gcc.h ****   \param [in]    ptr  Pointer to location
 818:Drivers/CMSIS/Include/cmsis_gcc.h ****  */
 819:Drivers/CMSIS/Include/cmsis_gcc.h **** __STATIC_FORCEINLINE void __STLH(uint16_t value, volatile uint16_t *ptr)
 820:Drivers/CMSIS/Include/cmsis_gcc.h **** {
 821:Drivers/CMSIS/Include/cmsis_gcc.h ****    __ASM volatile ("stlh %1, %0" : "=Q" (*ptr) : "r" ((uint32_t)value) : "memory" );
 822:Drivers/CMSIS/Include/cmsis_gcc.h **** }
 823:Drivers/CMSIS/Include/cmsis_gcc.h **** 
 824:Drivers/CMSIS/Include/cmsis_gcc.h **** 
 825:Drivers/CMSIS/Include/cmsis_gcc.h **** /**
 826:Drivers/CMSIS/Include/cmsis_gcc.h ****   \brief   Store-Release (32 bit)
 827:Drivers/CMSIS/Include/cmsis_gcc.h ****   \details Executes a STL instruction for 32 bit values.
 828:Drivers/CMSIS/Include/cmsis_gcc.h ****   \param [in]  value  Value to store
 829:Drivers/CMSIS/Include/cmsis_gcc.h ****   \param [in]    ptr  Pointer to location
 830:Drivers/CMSIS/Include/cmsis_gcc.h ****  */
 831:Drivers/CMSIS/Include/cmsis_gcc.h **** __STATIC_FORCEINLINE void __STL(uint32_t value, volatile uint32_t *ptr)
 832:Drivers/CMSIS/Include/cmsis_gcc.h **** {
 833:Drivers/CMSIS/Include/cmsis_gcc.h ****    __ASM volatile ("stl %1, %0" : "=Q" (*ptr) : "r" ((uint32_t)value) : "memory" );
 834:Drivers/CMSIS/Include/cmsis_gcc.h **** }
 835:Drivers/CMSIS/Include/cmsis_gcc.h **** 
 836:Drivers/CMSIS/Include/cmsis_gcc.h **** 
 837:Drivers/CMSIS/Include/cmsis_gcc.h **** /**
 838:Drivers/CMSIS/Include/cmsis_gcc.h ****   \brief   Load-Acquire Exclusive (8 bit)
 839:Drivers/CMSIS/Include/cmsis_gcc.h ****   \details Executes a LDAB exclusive instruction for 8 bit value.
 840:Drivers/CMSIS/Include/cmsis_gcc.h ****   \param [in]    ptr  Pointer to data
 841:Drivers/CMSIS/Include/cmsis_gcc.h ****   \return             value of type uint8_t at (*ptr)
 842:Drivers/CMSIS/Include/cmsis_gcc.h ****  */
 843:Drivers/CMSIS/Include/cmsis_gcc.h **** __STATIC_FORCEINLINE uint8_t __LDAEXB(volatile uint8_t *ptr)
 844:Drivers/CMSIS/Include/cmsis_gcc.h **** {
 845:Drivers/CMSIS/Include/cmsis_gcc.h ****     uint32_t result;
 846:Drivers/CMSIS/Include/cmsis_gcc.h **** 
 847:Drivers/CMSIS/Include/cmsis_gcc.h ****    __ASM volatile ("ldaexb %0, %1" : "=r" (result) : "Q" (*ptr) : "memory" );
 848:Drivers/CMSIS/Include/cmsis_gcc.h ****    return ((uint8_t) result);
ARM GAS  C:\Users\maraz\AppData\Local\Temp\ccyEBQ4t.s 			page 33


 849:Drivers/CMSIS/Include/cmsis_gcc.h **** }
 850:Drivers/CMSIS/Include/cmsis_gcc.h **** 
 851:Drivers/CMSIS/Include/cmsis_gcc.h **** 
 852:Drivers/CMSIS/Include/cmsis_gcc.h **** /**
 853:Drivers/CMSIS/Include/cmsis_gcc.h ****   \brief   Load-Acquire Exclusive (16 bit)
 854:Drivers/CMSIS/Include/cmsis_gcc.h ****   \details Executes a LDAH exclusive instruction for 16 bit values.
 855:Drivers/CMSIS/Include/cmsis_gcc.h ****   \param [in]    ptr  Pointer to data
 856:Drivers/CMSIS/Include/cmsis_gcc.h ****   \return        value of type uint16_t at (*ptr)
 857:Drivers/CMSIS/Include/cmsis_gcc.h ****  */
 858:Drivers/CMSIS/Include/cmsis_gcc.h **** __STATIC_FORCEINLINE uint16_t __LDAEXH(volatile uint16_t *ptr)
 859:Drivers/CMSIS/Include/cmsis_gcc.h **** {
 860:Drivers/CMSIS/Include/cmsis_gcc.h ****     uint32_t result;
 861:Drivers/CMSIS/Include/cmsis_gcc.h **** 
 862:Drivers/CMSIS/Include/cmsis_gcc.h ****    __ASM volatile ("ldaexh %0, %1" : "=r" (result) : "Q" (*ptr) : "memory" );
 863:Drivers/CMSIS/Include/cmsis_gcc.h ****    return ((uint16_t) result);
 864:Drivers/CMSIS/Include/cmsis_gcc.h **** }
 865:Drivers/CMSIS/Include/cmsis_gcc.h **** 
 866:Drivers/CMSIS/Include/cmsis_gcc.h **** 
 867:Drivers/CMSIS/Include/cmsis_gcc.h **** /**
 868:Drivers/CMSIS/Include/cmsis_gcc.h ****   \brief   Load-Acquire Exclusive (32 bit)
 869:Drivers/CMSIS/Include/cmsis_gcc.h ****   \details Executes a LDA exclusive instruction for 32 bit values.
 870:Drivers/CMSIS/Include/cmsis_gcc.h ****   \param [in]    ptr  Pointer to data
 871:Drivers/CMSIS/Include/cmsis_gcc.h ****   \return        value of type uint32_t at (*ptr)
 872:Drivers/CMSIS/Include/cmsis_gcc.h ****  */
 873:Drivers/CMSIS/Include/cmsis_gcc.h **** __STATIC_FORCEINLINE uint32_t __LDAEX(volatile uint32_t *ptr)
 874:Drivers/CMSIS/Include/cmsis_gcc.h **** {
 875:Drivers/CMSIS/Include/cmsis_gcc.h ****     uint32_t result;
 876:Drivers/CMSIS/Include/cmsis_gcc.h **** 
 877:Drivers/CMSIS/Include/cmsis_gcc.h ****    __ASM volatile ("ldaex %0, %1" : "=r" (result) : "Q" (*ptr) : "memory" );
 878:Drivers/CMSIS/Include/cmsis_gcc.h ****    return(result);
 879:Drivers/CMSIS/Include/cmsis_gcc.h **** }
 880:Drivers/CMSIS/Include/cmsis_gcc.h **** 
 881:Drivers/CMSIS/Include/cmsis_gcc.h **** 
 882:Drivers/CMSIS/Include/cmsis_gcc.h **** /**
 883:Drivers/CMSIS/Include/cmsis_gcc.h ****   \brief   Store-Release Exclusive (8 bit)
 884:Drivers/CMSIS/Include/cmsis_gcc.h ****   \details Executes a STLB exclusive instruction for 8 bit values.
 885:Drivers/CMSIS/Include/cmsis_gcc.h ****   \param [in]  value  Value to store
 886:Drivers/CMSIS/Include/cmsis_gcc.h ****   \param [in]    ptr  Pointer to location
 887:Drivers/CMSIS/Include/cmsis_gcc.h ****   \return          0  Function succeeded
 888:Drivers/CMSIS/Include/cmsis_gcc.h ****   \return          1  Function failed
 889:Drivers/CMSIS/Include/cmsis_gcc.h ****  */
 890:Drivers/CMSIS/Include/cmsis_gcc.h **** __STATIC_FORCEINLINE uint32_t __STLEXB(uint8_t value, volatile uint8_t *ptr)
 891:Drivers/CMSIS/Include/cmsis_gcc.h **** {
 892:Drivers/CMSIS/Include/cmsis_gcc.h ****    uint32_t result;
 893:Drivers/CMSIS/Include/cmsis_gcc.h **** 
 894:Drivers/CMSIS/Include/cmsis_gcc.h ****    __ASM volatile ("stlexb %0, %2, %1" : "=&r" (result), "=Q" (*ptr) : "r" ((uint32_t)value) : "mem
 895:Drivers/CMSIS/Include/cmsis_gcc.h ****    return(result);
 896:Drivers/CMSIS/Include/cmsis_gcc.h **** }
 897:Drivers/CMSIS/Include/cmsis_gcc.h **** 
 898:Drivers/CMSIS/Include/cmsis_gcc.h **** 
 899:Drivers/CMSIS/Include/cmsis_gcc.h **** /**
 900:Drivers/CMSIS/Include/cmsis_gcc.h ****   \brief   Store-Release Exclusive (16 bit)
 901:Drivers/CMSIS/Include/cmsis_gcc.h ****   \details Executes a STLH exclusive instruction for 16 bit values.
 902:Drivers/CMSIS/Include/cmsis_gcc.h ****   \param [in]  value  Value to store
 903:Drivers/CMSIS/Include/cmsis_gcc.h ****   \param [in]    ptr  Pointer to location
 904:Drivers/CMSIS/Include/cmsis_gcc.h ****   \return          0  Function succeeded
 905:Drivers/CMSIS/Include/cmsis_gcc.h ****   \return          1  Function failed
ARM GAS  C:\Users\maraz\AppData\Local\Temp\ccyEBQ4t.s 			page 34


 906:Drivers/CMSIS/Include/cmsis_gcc.h ****  */
 907:Drivers/CMSIS/Include/cmsis_gcc.h **** __STATIC_FORCEINLINE uint32_t __STLEXH(uint16_t value, volatile uint16_t *ptr)
 908:Drivers/CMSIS/Include/cmsis_gcc.h **** {
 909:Drivers/CMSIS/Include/cmsis_gcc.h ****    uint32_t result;
 910:Drivers/CMSIS/Include/cmsis_gcc.h **** 
 911:Drivers/CMSIS/Include/cmsis_gcc.h ****    __ASM volatile ("stlexh %0, %2, %1" : "=&r" (result), "=Q" (*ptr) : "r" ((uint32_t)value) : "mem
 912:Drivers/CMSIS/Include/cmsis_gcc.h ****    return(result);
 913:Drivers/CMSIS/Include/cmsis_gcc.h **** }
 914:Drivers/CMSIS/Include/cmsis_gcc.h **** 
 915:Drivers/CMSIS/Include/cmsis_gcc.h **** 
 916:Drivers/CMSIS/Include/cmsis_gcc.h **** /**
 917:Drivers/CMSIS/Include/cmsis_gcc.h ****   \brief   Store-Release Exclusive (32 bit)
 918:Drivers/CMSIS/Include/cmsis_gcc.h ****   \details Executes a STL exclusive instruction for 32 bit values.
 919:Drivers/CMSIS/Include/cmsis_gcc.h ****   \param [in]  value  Value to store
 920:Drivers/CMSIS/Include/cmsis_gcc.h ****   \param [in]    ptr  Pointer to location
 921:Drivers/CMSIS/Include/cmsis_gcc.h ****   \return          0  Function succeeded
 922:Drivers/CMSIS/Include/cmsis_gcc.h ****   \return          1  Function failed
 923:Drivers/CMSIS/Include/cmsis_gcc.h ****  */
 924:Drivers/CMSIS/Include/cmsis_gcc.h **** __STATIC_FORCEINLINE uint32_t __STLEX(uint32_t value, volatile uint32_t *ptr)
 925:Drivers/CMSIS/Include/cmsis_gcc.h **** {
 926:Drivers/CMSIS/Include/cmsis_gcc.h ****    uint32_t result;
 927:Drivers/CMSIS/Include/cmsis_gcc.h **** 
 928:Drivers/CMSIS/Include/cmsis_gcc.h ****    __ASM volatile ("stlex %0, %2, %1" : "=&r" (result), "=Q" (*ptr) : "r" ((uint32_t)value) : "memo
 929:Drivers/CMSIS/Include/cmsis_gcc.h ****    return(result);
 930:Drivers/CMSIS/Include/cmsis_gcc.h **** }
 931:Drivers/CMSIS/Include/cmsis_gcc.h **** 
 932:Drivers/CMSIS/Include/cmsis_gcc.h **** #endif /* ((defined (__ARM_ARCH_8M_MAIN__ ) && (__ARM_ARCH_8M_MAIN__ == 1)) || \
 933:Drivers/CMSIS/Include/cmsis_gcc.h ****            (defined (__ARM_ARCH_8M_BASE__ ) && (__ARM_ARCH_8M_BASE__ == 1))    ) */
 934:Drivers/CMSIS/Include/cmsis_gcc.h **** 
 935:Drivers/CMSIS/Include/cmsis_gcc.h **** /*@}*/ /* end of group CMSIS_Core_InstructionInterface */
 936:Drivers/CMSIS/Include/cmsis_gcc.h **** 
 937:Drivers/CMSIS/Include/cmsis_gcc.h **** 
 938:Drivers/CMSIS/Include/cmsis_gcc.h **** /* ###########################  Core Function Access  ########################### */
 939:Drivers/CMSIS/Include/cmsis_gcc.h **** /** \ingroup  CMSIS_Core_FunctionInterface
 940:Drivers/CMSIS/Include/cmsis_gcc.h ****     \defgroup CMSIS_Core_RegAccFunctions CMSIS Core Register Access Functions
 941:Drivers/CMSIS/Include/cmsis_gcc.h ****   @{
 942:Drivers/CMSIS/Include/cmsis_gcc.h ****  */
 943:Drivers/CMSIS/Include/cmsis_gcc.h **** 
 944:Drivers/CMSIS/Include/cmsis_gcc.h **** /**
 945:Drivers/CMSIS/Include/cmsis_gcc.h ****   \brief   Enable IRQ Interrupts
 946:Drivers/CMSIS/Include/cmsis_gcc.h ****   \details Enables IRQ interrupts by clearing special-purpose register PRIMASK.
 947:Drivers/CMSIS/Include/cmsis_gcc.h ****            Can only be executed in Privileged modes.
 948:Drivers/CMSIS/Include/cmsis_gcc.h ****  */
 949:Drivers/CMSIS/Include/cmsis_gcc.h **** __STATIC_FORCEINLINE void __enable_irq(void)
 950:Drivers/CMSIS/Include/cmsis_gcc.h **** {
 951:Drivers/CMSIS/Include/cmsis_gcc.h ****   __ASM volatile ("cpsie i" : : : "memory");
 952:Drivers/CMSIS/Include/cmsis_gcc.h **** }
 953:Drivers/CMSIS/Include/cmsis_gcc.h **** 
 954:Drivers/CMSIS/Include/cmsis_gcc.h **** 
 955:Drivers/CMSIS/Include/cmsis_gcc.h **** /**
 956:Drivers/CMSIS/Include/cmsis_gcc.h ****   \brief   Disable IRQ Interrupts
 957:Drivers/CMSIS/Include/cmsis_gcc.h ****   \details Disables IRQ interrupts by setting special-purpose register PRIMASK.
 958:Drivers/CMSIS/Include/cmsis_gcc.h ****            Can only be executed in Privileged modes.
 959:Drivers/CMSIS/Include/cmsis_gcc.h ****  */
 960:Drivers/CMSIS/Include/cmsis_gcc.h **** __STATIC_FORCEINLINE void __disable_irq(void)
 454              		.loc 2 960 27 view .LVU99
 455              	.LBB9:
ARM GAS  C:\Users\maraz\AppData\Local\Temp\ccyEBQ4t.s 			page 35


 961:Drivers/CMSIS/Include/cmsis_gcc.h **** {
 962:Drivers/CMSIS/Include/cmsis_gcc.h ****   __ASM volatile ("cpsid i" : : : "memory");
 456              		.loc 2 962 3 view .LVU100
 457              		.syntax unified
 458              	@ 962 "Drivers/CMSIS/Include/cmsis_gcc.h" 1
 459 0000 72B6     		cpsid i
 460              	@ 0 "" 2
 461              		.thumb
 462              		.syntax unified
 463              	.L25:
 464              	.LBE9:
 465              	.LBE8:
 488:Core/Src/main.c ****   while (1)
 466              		.loc 1 488 3 view .LVU101
 489:Core/Src/main.c ****   {
 490:Core/Src/main.c ****   }
 467              		.loc 1 490 3 view .LVU102
 488:Core/Src/main.c ****   while (1)
 468              		.loc 1 488 9 view .LVU103
 469 0002 FEE7     		b	.L25
 470              		.cfi_endproc
 471              	.LFE144:
 473              		.section	.text.MX_TIM2_Init,"ax",%progbits
 474              		.align	1
 475              		.syntax unified
 476              		.thumb
 477              		.thumb_func
 479              	MX_TIM2_Init:
 480              	.LFB139:
 219:Core/Src/main.c **** 
 481              		.loc 1 219 1 view -0
 482              		.cfi_startproc
 483              		@ args = 0, pretend = 0, frame = 56
 484              		@ frame_needed = 0, uses_anonymous_args = 0
 485 0000 00B5     		push	{lr}
 486              	.LCFI7:
 487              		.cfi_def_cfa_offset 4
 488              		.cfi_offset 14, -4
 489 0002 8FB0     		sub	sp, sp, #60
 490              	.LCFI8:
 491              		.cfi_def_cfa_offset 64
 225:Core/Src/main.c ****   TIM_MasterConfigTypeDef sMasterConfig = {0};
 492              		.loc 1 225 3 view .LVU105
 225:Core/Src/main.c ****   TIM_MasterConfigTypeDef sMasterConfig = {0};
 493              		.loc 1 225 26 is_stmt 0 view .LVU106
 494 0004 0023     		movs	r3, #0
 495 0006 0A93     		str	r3, [sp, #40]
 496 0008 0B93     		str	r3, [sp, #44]
 497 000a 0C93     		str	r3, [sp, #48]
 498 000c 0D93     		str	r3, [sp, #52]
 226:Core/Src/main.c ****   TIM_OC_InitTypeDef sConfigOC = {0};
 499              		.loc 1 226 3 is_stmt 1 view .LVU107
 226:Core/Src/main.c ****   TIM_OC_InitTypeDef sConfigOC = {0};
 500              		.loc 1 226 27 is_stmt 0 view .LVU108
 501 000e 0893     		str	r3, [sp, #32]
 502 0010 0993     		str	r3, [sp, #36]
 227:Core/Src/main.c **** 
ARM GAS  C:\Users\maraz\AppData\Local\Temp\ccyEBQ4t.s 			page 36


 503              		.loc 1 227 3 is_stmt 1 view .LVU109
 227:Core/Src/main.c **** 
 504              		.loc 1 227 22 is_stmt 0 view .LVU110
 505 0012 0193     		str	r3, [sp, #4]
 506 0014 0293     		str	r3, [sp, #8]
 507 0016 0393     		str	r3, [sp, #12]
 508 0018 0493     		str	r3, [sp, #16]
 509 001a 0593     		str	r3, [sp, #20]
 510 001c 0693     		str	r3, [sp, #24]
 511 001e 0793     		str	r3, [sp, #28]
 232:Core/Src/main.c ****   htim2.Init.Prescaler = 0;
 512              		.loc 1 232 3 is_stmt 1 view .LVU111
 232:Core/Src/main.c ****   htim2.Init.Prescaler = 0;
 513              		.loc 1 232 18 is_stmt 0 view .LVU112
 514 0020 3548     		ldr	r0, .L40
 515 0022 4FF08042 		mov	r2, #1073741824
 516 0026 0260     		str	r2, [r0]
 233:Core/Src/main.c ****   htim2.Init.CounterMode = TIM_COUNTERMODE_UP;
 517              		.loc 1 233 3 is_stmt 1 view .LVU113
 233:Core/Src/main.c ****   htim2.Init.CounterMode = TIM_COUNTERMODE_UP;
 518              		.loc 1 233 24 is_stmt 0 view .LVU114
 519 0028 4360     		str	r3, [r0, #4]
 234:Core/Src/main.c ****   //htim2.Init.Period = 4294967295;
 520              		.loc 1 234 3 is_stmt 1 view .LVU115
 234:Core/Src/main.c ****   //htim2.Init.Period = 4294967295;
 521              		.loc 1 234 26 is_stmt 0 view .LVU116
 522 002a 8360     		str	r3, [r0, #8]
 236:Core/Src/main.c ****   htim2.Init.ClockDivision = TIM_CLOCKDIVISION_DIV1;
 523              		.loc 1 236 3 is_stmt 1 view .LVU117
 236:Core/Src/main.c ****   htim2.Init.ClockDivision = TIM_CLOCKDIVISION_DIV1;
 524              		.loc 1 236 21 is_stmt 0 view .LVU118
 525 002c 4DF60822 		movw	r2, #55816
 526 0030 C260     		str	r2, [r0, #12]
 237:Core/Src/main.c ****   htim2.Init.AutoReloadPreload = TIM_AUTORELOAD_PRELOAD_DISABLE;
 527              		.loc 1 237 3 is_stmt 1 view .LVU119
 237:Core/Src/main.c ****   htim2.Init.AutoReloadPreload = TIM_AUTORELOAD_PRELOAD_DISABLE;
 528              		.loc 1 237 28 is_stmt 0 view .LVU120
 529 0032 0361     		str	r3, [r0, #16]
 238:Core/Src/main.c ****   if (HAL_TIM_Base_Init(&htim2) != HAL_OK)
 530              		.loc 1 238 3 is_stmt 1 view .LVU121
 238:Core/Src/main.c ****   if (HAL_TIM_Base_Init(&htim2) != HAL_OK)
 531              		.loc 1 238 32 is_stmt 0 view .LVU122
 532 0034 8361     		str	r3, [r0, #24]
 239:Core/Src/main.c ****   {
 533              		.loc 1 239 3 is_stmt 1 view .LVU123
 239:Core/Src/main.c ****   {
 534              		.loc 1 239 7 is_stmt 0 view .LVU124
 535 0036 FFF7FEFF 		bl	HAL_TIM_Base_Init
 536              	.LVL20:
 239:Core/Src/main.c ****   {
 537              		.loc 1 239 6 discriminator 1 view .LVU125
 538 003a 0028     		cmp	r0, #0
 539 003c 50D1     		bne	.L34
 243:Core/Src/main.c ****   if (HAL_TIM_ConfigClockSource(&htim2, &sClockSourceConfig) != HAL_OK)
 540              		.loc 1 243 3 is_stmt 1 view .LVU126
 243:Core/Src/main.c ****   if (HAL_TIM_ConfigClockSource(&htim2, &sClockSourceConfig) != HAL_OK)
 541              		.loc 1 243 34 is_stmt 0 view .LVU127
ARM GAS  C:\Users\maraz\AppData\Local\Temp\ccyEBQ4t.s 			page 37


 542 003e 4FF48053 		mov	r3, #4096
 543 0042 0A93     		str	r3, [sp, #40]
 244:Core/Src/main.c ****   {
 544              		.loc 1 244 3 is_stmt 1 view .LVU128
 244:Core/Src/main.c ****   {
 545              		.loc 1 244 7 is_stmt 0 view .LVU129
 546 0044 0AA9     		add	r1, sp, #40
 547 0046 2C48     		ldr	r0, .L40
 548 0048 FFF7FEFF 		bl	HAL_TIM_ConfigClockSource
 549              	.LVL21:
 244:Core/Src/main.c ****   {
 550              		.loc 1 244 6 discriminator 1 view .LVU130
 551 004c 0028     		cmp	r0, #0
 552 004e 49D1     		bne	.L35
 248:Core/Src/main.c ****   {
 553              		.loc 1 248 3 is_stmt 1 view .LVU131
 248:Core/Src/main.c ****   {
 554              		.loc 1 248 7 is_stmt 0 view .LVU132
 555 0050 2948     		ldr	r0, .L40
 556 0052 FFF7FEFF 		bl	HAL_TIM_OC_Init
 557              	.LVL22:
 248:Core/Src/main.c ****   {
 558              		.loc 1 248 6 discriminator 1 view .LVU133
 559 0056 0028     		cmp	r0, #0
 560 0058 46D1     		bne	.L36
 252:Core/Src/main.c ****   sMasterConfig.MasterSlaveMode = TIM_MASTERSLAVEMODE_DISABLE;
 561              		.loc 1 252 3 is_stmt 1 view .LVU134
 252:Core/Src/main.c ****   sMasterConfig.MasterSlaveMode = TIM_MASTERSLAVEMODE_DISABLE;
 562              		.loc 1 252 37 is_stmt 0 view .LVU135
 563 005a 0023     		movs	r3, #0
 564 005c 0893     		str	r3, [sp, #32]
 253:Core/Src/main.c ****   if (HAL_TIMEx_MasterConfigSynchronization(&htim2, &sMasterConfig) != HAL_OK)
 565              		.loc 1 253 3 is_stmt 1 view .LVU136
 253:Core/Src/main.c ****   if (HAL_TIMEx_MasterConfigSynchronization(&htim2, &sMasterConfig) != HAL_OK)
 566              		.loc 1 253 33 is_stmt 0 view .LVU137
 567 005e 0993     		str	r3, [sp, #36]
 254:Core/Src/main.c ****   {
 568              		.loc 1 254 3 is_stmt 1 view .LVU138
 254:Core/Src/main.c ****   {
 569              		.loc 1 254 7 is_stmt 0 view .LVU139
 570 0060 08A9     		add	r1, sp, #32
 571 0062 2548     		ldr	r0, .L40
 572 0064 FFF7FEFF 		bl	HAL_TIMEx_MasterConfigSynchronization
 573              	.LVL23:
 254:Core/Src/main.c ****   {
 574              		.loc 1 254 6 discriminator 1 view .LVU140
 575 0068 0028     		cmp	r0, #0
 576 006a 3FD1     		bne	.L37
 258:Core/Src/main.c ****   sConfigOC.Pulse = 0;
 577              		.loc 1 258 3 is_stmt 1 view .LVU141
 258:Core/Src/main.c ****   sConfigOC.Pulse = 0;
 578              		.loc 1 258 20 is_stmt 0 view .LVU142
 579 006c 0022     		movs	r2, #0
 580 006e 0192     		str	r2, [sp, #4]
 259:Core/Src/main.c ****   sConfigOC.OCPolarity = TIM_OCPOLARITY_HIGH;
 581              		.loc 1 259 3 is_stmt 1 view .LVU143
 259:Core/Src/main.c ****   sConfigOC.OCPolarity = TIM_OCPOLARITY_HIGH;
ARM GAS  C:\Users\maraz\AppData\Local\Temp\ccyEBQ4t.s 			page 38


 582              		.loc 1 259 19 is_stmt 0 view .LVU144
 583 0070 0292     		str	r2, [sp, #8]
 260:Core/Src/main.c ****   sConfigOC.OCFastMode = TIM_OCFAST_DISABLE;
 584              		.loc 1 260 3 is_stmt 1 view .LVU145
 260:Core/Src/main.c ****   sConfigOC.OCFastMode = TIM_OCFAST_DISABLE;
 585              		.loc 1 260 24 is_stmt 0 view .LVU146
 586 0072 0392     		str	r2, [sp, #12]
 261:Core/Src/main.c ****   if (HAL_TIM_OC_ConfigChannel(&htim2, &sConfigOC, TIM_CHANNEL_1) != HAL_OK)
 587              		.loc 1 261 3 is_stmt 1 view .LVU147
 261:Core/Src/main.c ****   if (HAL_TIM_OC_ConfigChannel(&htim2, &sConfigOC, TIM_CHANNEL_1) != HAL_OK)
 588              		.loc 1 261 24 is_stmt 0 view .LVU148
 589 0074 0592     		str	r2, [sp, #20]
 262:Core/Src/main.c ****   {
 590              		.loc 1 262 3 is_stmt 1 view .LVU149
 262:Core/Src/main.c ****   {
 591              		.loc 1 262 7 is_stmt 0 view .LVU150
 592 0076 01A9     		add	r1, sp, #4
 593 0078 1F48     		ldr	r0, .L40
 594 007a FFF7FEFF 		bl	HAL_TIM_OC_ConfigChannel
 595              	.LVL24:
 262:Core/Src/main.c ****   {
 596              		.loc 1 262 6 discriminator 1 view .LVU151
 597 007e 0028     		cmp	r0, #0
 598 0080 36D1     		bne	.L38
 268:Core/Src/main.c **** 
 599              		.loc 1 268 3 is_stmt 1 view .LVU152
 600              	.LBB10:
 268:Core/Src/main.c **** 
 601              		.loc 1 268 3 view .LVU153
 602 0082 0023     		movs	r3, #0
 603 0084 0093     		str	r3, [sp]
 268:Core/Src/main.c **** 
 604              		.loc 1 268 3 view .LVU154
 605 0086 1D4A     		ldr	r2, .L40+4
 606 0088 116B     		ldr	r1, [r2, #48]
 607 008a 41F40011 		orr	r1, r1, #2097152
 608 008e 1163     		str	r1, [r2, #48]
 268:Core/Src/main.c **** 
 609              		.loc 1 268 3 view .LVU155
 610 0090 126B     		ldr	r2, [r2, #48]
 611 0092 02F40012 		and	r2, r2, #2097152
 612 0096 0092     		str	r2, [sp]
 268:Core/Src/main.c **** 
 613              		.loc 1 268 3 view .LVU156
 614 0098 009A     		ldr	r2, [sp]
 615              	.LBE10:
 268:Core/Src/main.c **** 
 616              		.loc 1 268 3 view .LVU157
 270:Core/Src/main.c ****   hdma_tim2_ch1.Init.Channel = DMA_CHANNEL_3;         // TIM2_CH1 is on channel 3
 617              		.loc 1 270 3 view .LVU158
 270:Core/Src/main.c ****   hdma_tim2_ch1.Init.Channel = DMA_CHANNEL_3;         // TIM2_CH1 is on channel 3
 618              		.loc 1 270 26 is_stmt 0 view .LVU159
 619 009a 1948     		ldr	r0, .L40+8
 620 009c 194A     		ldr	r2, .L40+12
 621 009e 0260     		str	r2, [r0]
 271:Core/Src/main.c ****   hdma_tim2_ch1.Init.Direction = DMA_MEMORY_TO_PERIPH; // Memory -> TIM3->CCR3
 622              		.loc 1 271 3 is_stmt 1 view .LVU160
ARM GAS  C:\Users\maraz\AppData\Local\Temp\ccyEBQ4t.s 			page 39


 271:Core/Src/main.c ****   hdma_tim2_ch1.Init.Direction = DMA_MEMORY_TO_PERIPH; // Memory -> TIM3->CCR3
 623              		.loc 1 271 30 is_stmt 0 view .LVU161
 624 00a0 4FF0C062 		mov	r2, #100663296
 625 00a4 4260     		str	r2, [r0, #4]
 272:Core/Src/main.c ****   hdma_tim2_ch1.Init.PeriphInc = DMA_PINC_DISABLE;    // Peripheral address fixed
 626              		.loc 1 272 3 is_stmt 1 view .LVU162
 272:Core/Src/main.c ****   hdma_tim2_ch1.Init.PeriphInc = DMA_PINC_DISABLE;    // Peripheral address fixed
 627              		.loc 1 272 32 is_stmt 0 view .LVU163
 628 00a6 4022     		movs	r2, #64
 629 00a8 8260     		str	r2, [r0, #8]
 273:Core/Src/main.c ****   hdma_tim2_ch1.Init.MemInc = DMA_MINC_ENABLE;        // Memory address increments
 630              		.loc 1 273 3 is_stmt 1 view .LVU164
 273:Core/Src/main.c ****   hdma_tim2_ch1.Init.MemInc = DMA_MINC_ENABLE;        // Memory address increments
 631              		.loc 1 273 32 is_stmt 0 view .LVU165
 632 00aa C360     		str	r3, [r0, #12]
 274:Core/Src/main.c ****   hdma_tim2_ch1.Init.PeriphDataAlignment = DMA_PDATAALIGN_WORD;
 633              		.loc 1 274 3 is_stmt 1 view .LVU166
 274:Core/Src/main.c ****   hdma_tim2_ch1.Init.PeriphDataAlignment = DMA_PDATAALIGN_WORD;
 634              		.loc 1 274 29 is_stmt 0 view .LVU167
 635 00ac 4FF48062 		mov	r2, #1024
 636 00b0 0261     		str	r2, [r0, #16]
 275:Core/Src/main.c ****   hdma_tim2_ch1.Init.MemDataAlignment = DMA_MDATAALIGN_WORD;
 637              		.loc 1 275 3 is_stmt 1 view .LVU168
 275:Core/Src/main.c ****   hdma_tim2_ch1.Init.MemDataAlignment = DMA_MDATAALIGN_WORD;
 638              		.loc 1 275 42 is_stmt 0 view .LVU169
 639 00b2 4FF48052 		mov	r2, #4096
 640 00b6 4261     		str	r2, [r0, #20]
 276:Core/Src/main.c ****   hdma_tim2_ch1.Init.Mode = DMA_CIRCULAR;            // Repeat LUT automatically
 641              		.loc 1 276 3 is_stmt 1 view .LVU170
 276:Core/Src/main.c ****   hdma_tim2_ch1.Init.Mode = DMA_CIRCULAR;            // Repeat LUT automatically
 642              		.loc 1 276 39 is_stmt 0 view .LVU171
 643 00b8 4FF48042 		mov	r2, #16384
 644 00bc 8261     		str	r2, [r0, #24]
 277:Core/Src/main.c ****   hdma_tim2_ch1.Init.Priority = DMA_PRIORITY_HIGH;
 645              		.loc 1 277 3 is_stmt 1 view .LVU172
 277:Core/Src/main.c ****   hdma_tim2_ch1.Init.Priority = DMA_PRIORITY_HIGH;
 646              		.loc 1 277 27 is_stmt 0 view .LVU173
 647 00be 4FF48072 		mov	r2, #256
 648 00c2 C261     		str	r2, [r0, #28]
 278:Core/Src/main.c ****   hdma_tim2_ch1.Init.FIFOMode = DMA_FIFOMODE_DISABLE;
 649              		.loc 1 278 3 is_stmt 1 view .LVU174
 278:Core/Src/main.c ****   hdma_tim2_ch1.Init.FIFOMode = DMA_FIFOMODE_DISABLE;
 650              		.loc 1 278 31 is_stmt 0 view .LVU175
 651 00c4 4FF40032 		mov	r2, #131072
 652 00c8 0262     		str	r2, [r0, #32]
 279:Core/Src/main.c **** 
 653              		.loc 1 279 3 is_stmt 1 view .LVU176
 279:Core/Src/main.c **** 
 654              		.loc 1 279 31 is_stmt 0 view .LVU177
 655 00ca 4362     		str	r3, [r0, #36]
 281:Core/Src/main.c ****   {
 656              		.loc 1 281 3 is_stmt 1 view .LVU178
 281:Core/Src/main.c ****   {
 657              		.loc 1 281 7 is_stmt 0 view .LVU179
 658 00cc FFF7FEFF 		bl	HAL_DMA_Init
 659              	.LVL25:
 281:Core/Src/main.c ****   {
ARM GAS  C:\Users\maraz\AppData\Local\Temp\ccyEBQ4t.s 			page 40


 660              		.loc 1 281 6 discriminator 1 view .LVU180
 661 00d0 80B9     		cbnz	r0, .L39
 287:Core/Src/main.c ****   /* USER CODE END TIM2_Init 2 */
 662              		.loc 1 287 3 is_stmt 1 view .LVU181
 287:Core/Src/main.c ****   /* USER CODE END TIM2_Init 2 */
 663              		.loc 1 287 3 view .LVU182
 664 00d2 094A     		ldr	r2, .L40
 665 00d4 0A4B     		ldr	r3, .L40+8
 666 00d6 5362     		str	r3, [r2, #36]
 287:Core/Src/main.c ****   /* USER CODE END TIM2_Init 2 */
 667              		.loc 1 287 3 view .LVU183
 668 00d8 9A63     		str	r2, [r3, #56]
 287:Core/Src/main.c ****   /* USER CODE END TIM2_Init 2 */
 669              		.loc 1 287 3 view .LVU184
 290:Core/Src/main.c **** 
 670              		.loc 1 290 1 is_stmt 0 view .LVU185
 671 00da 0FB0     		add	sp, sp, #60
 672              	.LCFI9:
 673              		.cfi_remember_state
 674              		.cfi_def_cfa_offset 4
 675              		@ sp needed
 676 00dc 5DF804FB 		ldr	pc, [sp], #4
 677              	.L34:
 678              	.LCFI10:
 679              		.cfi_restore_state
 241:Core/Src/main.c ****   }
 680              		.loc 1 241 5 is_stmt 1 view .LVU186
 681 00e0 FFF7FEFF 		bl	Error_Handler
 682              	.LVL26:
 683              	.L35:
 246:Core/Src/main.c ****   }
 684              		.loc 1 246 5 view .LVU187
 685 00e4 FFF7FEFF 		bl	Error_Handler
 686              	.LVL27:
 687              	.L36:
 250:Core/Src/main.c ****   }
 688              		.loc 1 250 5 view .LVU188
 689 00e8 FFF7FEFF 		bl	Error_Handler
 690              	.LVL28:
 691              	.L37:
 256:Core/Src/main.c ****   }
 692              		.loc 1 256 5 view .LVU189
 693 00ec FFF7FEFF 		bl	Error_Handler
 694              	.LVL29:
 695              	.L38:
 264:Core/Src/main.c ****   }
 696              		.loc 1 264 5 view .LVU190
 697 00f0 FFF7FEFF 		bl	Error_Handler
 698              	.LVL30:
 699              	.L39:
 283:Core/Src/main.c ****   }
 700              		.loc 1 283 7 view .LVU191
 701 00f4 FFF7FEFF 		bl	Error_Handler
 702              	.LVL31:
 703              	.L41:
 704              		.align	2
 705              	.L40:
ARM GAS  C:\Users\maraz\AppData\Local\Temp\ccyEBQ4t.s 			page 41


 706 00f8 00000000 		.word	htim2
 707 00fc 00380240 		.word	1073887232
 708 0100 00000000 		.word	hdma_tim2_ch1
 709 0104 88600240 		.word	1073897608
 710              		.cfi_endproc
 711              	.LFE139:
 713              		.section	.text.MX_TIM3_Init,"ax",%progbits
 714              		.align	1
 715              		.syntax unified
 716              		.thumb
 717              		.thumb_func
 719              	MX_TIM3_Init:
 720              	.LFB140:
 298:Core/Src/main.c **** 
 721              		.loc 1 298 1 view -0
 722              		.cfi_startproc
 723              		@ args = 0, pretend = 0, frame = 56
 724              		@ frame_needed = 0, uses_anonymous_args = 0
 725 0000 00B5     		push	{lr}
 726              	.LCFI11:
 727              		.cfi_def_cfa_offset 4
 728              		.cfi_offset 14, -4
 729 0002 8FB0     		sub	sp, sp, #60
 730              	.LCFI12:
 731              		.cfi_def_cfa_offset 64
 304:Core/Src/main.c ****   TIM_MasterConfigTypeDef sMasterConfig = {0};
 732              		.loc 1 304 3 view .LVU193
 304:Core/Src/main.c ****   TIM_MasterConfigTypeDef sMasterConfig = {0};
 733              		.loc 1 304 26 is_stmt 0 view .LVU194
 734 0004 0023     		movs	r3, #0
 735 0006 0A93     		str	r3, [sp, #40]
 736 0008 0B93     		str	r3, [sp, #44]
 737 000a 0C93     		str	r3, [sp, #48]
 738 000c 0D93     		str	r3, [sp, #52]
 305:Core/Src/main.c ****   TIM_OC_InitTypeDef sConfigOC = {0};
 739              		.loc 1 305 3 is_stmt 1 view .LVU195
 305:Core/Src/main.c ****   TIM_OC_InitTypeDef sConfigOC = {0};
 740              		.loc 1 305 27 is_stmt 0 view .LVU196
 741 000e 0893     		str	r3, [sp, #32]
 742 0010 0993     		str	r3, [sp, #36]
 306:Core/Src/main.c **** 
 743              		.loc 1 306 3 is_stmt 1 view .LVU197
 306:Core/Src/main.c **** 
 744              		.loc 1 306 22 is_stmt 0 view .LVU198
 745 0012 0193     		str	r3, [sp, #4]
 746 0014 0293     		str	r3, [sp, #8]
 747 0016 0393     		str	r3, [sp, #12]
 748 0018 0493     		str	r3, [sp, #16]
 749 001a 0593     		str	r3, [sp, #20]
 750 001c 0693     		str	r3, [sp, #24]
 751 001e 0793     		str	r3, [sp, #28]
 311:Core/Src/main.c ****   htim3.Init.Prescaler = 0;
 752              		.loc 1 311 3 is_stmt 1 view .LVU199
 311:Core/Src/main.c ****   htim3.Init.Prescaler = 0;
 753              		.loc 1 311 18 is_stmt 0 view .LVU200
 754 0020 1E48     		ldr	r0, .L54
 755 0022 1F4A     		ldr	r2, .L54+4
ARM GAS  C:\Users\maraz\AppData\Local\Temp\ccyEBQ4t.s 			page 42


 756 0024 0260     		str	r2, [r0]
 312:Core/Src/main.c ****   htim3.Init.CounterMode = TIM_COUNTERMODE_UP;
 757              		.loc 1 312 3 is_stmt 1 view .LVU201
 312:Core/Src/main.c ****   htim3.Init.CounterMode = TIM_COUNTERMODE_UP;
 758              		.loc 1 312 24 is_stmt 0 view .LVU202
 759 0026 4360     		str	r3, [r0, #4]
 313:Core/Src/main.c ****   //RISKY CHANGE - mj:
 760              		.loc 1 313 3 is_stmt 1 view .LVU203
 313:Core/Src/main.c ****   //RISKY CHANGE - mj:
 761              		.loc 1 313 26 is_stmt 0 view .LVU204
 762 0028 8360     		str	r3, [r0, #8]
 316:Core/Src/main.c ****   htim3.Init.ClockDivision = TIM_CLOCKDIVISION_DIV1;
 763              		.loc 1 316 3 is_stmt 1 view .LVU205
 316:Core/Src/main.c ****   htim3.Init.ClockDivision = TIM_CLOCKDIVISION_DIV1;
 764              		.loc 1 316 21 is_stmt 0 view .LVU206
 765 002a 40F6FF72 		movw	r2, #4095
 766 002e C260     		str	r2, [r0, #12]
 317:Core/Src/main.c ****   htim3.Init.AutoReloadPreload = TIM_AUTORELOAD_PRELOAD_DISABLE;
 767              		.loc 1 317 3 is_stmt 1 view .LVU207
 317:Core/Src/main.c ****   htim3.Init.AutoReloadPreload = TIM_AUTORELOAD_PRELOAD_DISABLE;
 768              		.loc 1 317 28 is_stmt 0 view .LVU208
 769 0030 0361     		str	r3, [r0, #16]
 318:Core/Src/main.c ****   if (HAL_TIM_Base_Init(&htim3) != HAL_OK)
 770              		.loc 1 318 3 is_stmt 1 view .LVU209
 318:Core/Src/main.c ****   if (HAL_TIM_Base_Init(&htim3) != HAL_OK)
 771              		.loc 1 318 32 is_stmt 0 view .LVU210
 772 0032 8361     		str	r3, [r0, #24]
 319:Core/Src/main.c ****   {
 773              		.loc 1 319 3 is_stmt 1 view .LVU211
 319:Core/Src/main.c ****   {
 774              		.loc 1 319 7 is_stmt 0 view .LVU212
 775 0034 FFF7FEFF 		bl	HAL_TIM_Base_Init
 776              	.LVL32:
 319:Core/Src/main.c ****   {
 777              		.loc 1 319 6 discriminator 1 view .LVU213
 778 0038 28BB     		cbnz	r0, .L49
 323:Core/Src/main.c ****   if (HAL_TIM_ConfigClockSource(&htim3, &sClockSourceConfig) != HAL_OK)
 779              		.loc 1 323 3 is_stmt 1 view .LVU214
 323:Core/Src/main.c ****   if (HAL_TIM_ConfigClockSource(&htim3, &sClockSourceConfig) != HAL_OK)
 780              		.loc 1 323 34 is_stmt 0 view .LVU215
 781 003a 4FF48053 		mov	r3, #4096
 782 003e 0A93     		str	r3, [sp, #40]
 324:Core/Src/main.c ****   {
 783              		.loc 1 324 3 is_stmt 1 view .LVU216
 324:Core/Src/main.c ****   {
 784              		.loc 1 324 7 is_stmt 0 view .LVU217
 785 0040 0AA9     		add	r1, sp, #40
 786 0042 1648     		ldr	r0, .L54
 787 0044 FFF7FEFF 		bl	HAL_TIM_ConfigClockSource
 788              	.LVL33:
 324:Core/Src/main.c ****   {
 789              		.loc 1 324 6 discriminator 1 view .LVU218
 790 0048 F8B9     		cbnz	r0, .L50
 328:Core/Src/main.c ****   {
 791              		.loc 1 328 3 is_stmt 1 view .LVU219
 328:Core/Src/main.c ****   {
 792              		.loc 1 328 7 is_stmt 0 view .LVU220
ARM GAS  C:\Users\maraz\AppData\Local\Temp\ccyEBQ4t.s 			page 43


 793 004a 1448     		ldr	r0, .L54
 794 004c FFF7FEFF 		bl	HAL_TIM_PWM_Init
 795              	.LVL34:
 328:Core/Src/main.c ****   {
 796              		.loc 1 328 6 discriminator 1 view .LVU221
 797 0050 E8B9     		cbnz	r0, .L51
 332:Core/Src/main.c ****   sMasterConfig.MasterSlaveMode = TIM_MASTERSLAVEMODE_DISABLE;
 798              		.loc 1 332 3 is_stmt 1 view .LVU222
 332:Core/Src/main.c ****   sMasterConfig.MasterSlaveMode = TIM_MASTERSLAVEMODE_DISABLE;
 799              		.loc 1 332 37 is_stmt 0 view .LVU223
 800 0052 0023     		movs	r3, #0
 801 0054 0893     		str	r3, [sp, #32]
 333:Core/Src/main.c ****   if (HAL_TIMEx_MasterConfigSynchronization(&htim3, &sMasterConfig) != HAL_OK)
 802              		.loc 1 333 3 is_stmt 1 view .LVU224
 333:Core/Src/main.c ****   if (HAL_TIMEx_MasterConfigSynchronization(&htim3, &sMasterConfig) != HAL_OK)
 803              		.loc 1 333 33 is_stmt 0 view .LVU225
 804 0056 0993     		str	r3, [sp, #36]
 334:Core/Src/main.c ****   {
 805              		.loc 1 334 3 is_stmt 1 view .LVU226
 334:Core/Src/main.c ****   {
 806              		.loc 1 334 7 is_stmt 0 view .LVU227
 807 0058 08A9     		add	r1, sp, #32
 808 005a 1048     		ldr	r0, .L54
 809 005c FFF7FEFF 		bl	HAL_TIMEx_MasterConfigSynchronization
 810              	.LVL35:
 334:Core/Src/main.c ****   {
 811              		.loc 1 334 6 discriminator 1 view .LVU228
 812 0060 B8B9     		cbnz	r0, .L52
 338:Core/Src/main.c ****   sConfigOC.Pulse = 0;
 813              		.loc 1 338 3 is_stmt 1 view .LVU229
 338:Core/Src/main.c ****   sConfigOC.Pulse = 0;
 814              		.loc 1 338 20 is_stmt 0 view .LVU230
 815 0062 6023     		movs	r3, #96
 816 0064 0193     		str	r3, [sp, #4]
 339:Core/Src/main.c ****   sConfigOC.OCPolarity = TIM_OCPOLARITY_HIGH;
 817              		.loc 1 339 3 is_stmt 1 view .LVU231
 339:Core/Src/main.c ****   sConfigOC.OCPolarity = TIM_OCPOLARITY_HIGH;
 818              		.loc 1 339 19 is_stmt 0 view .LVU232
 819 0066 0023     		movs	r3, #0
 820 0068 0293     		str	r3, [sp, #8]
 340:Core/Src/main.c ****   sConfigOC.OCFastMode = TIM_OCFAST_DISABLE;
 821              		.loc 1 340 3 is_stmt 1 view .LVU233
 340:Core/Src/main.c ****   sConfigOC.OCFastMode = TIM_OCFAST_DISABLE;
 822              		.loc 1 340 24 is_stmt 0 view .LVU234
 823 006a 0393     		str	r3, [sp, #12]
 341:Core/Src/main.c ****   if (HAL_TIM_PWM_ConfigChannel(&htim3, &sConfigOC, TIM_CHANNEL_3) != HAL_OK)
 824              		.loc 1 341 3 is_stmt 1 view .LVU235
 341:Core/Src/main.c ****   if (HAL_TIM_PWM_ConfigChannel(&htim3, &sConfigOC, TIM_CHANNEL_3) != HAL_OK)
 825              		.loc 1 341 24 is_stmt 0 view .LVU236
 826 006c 0593     		str	r3, [sp, #20]
 342:Core/Src/main.c ****   {
 827              		.loc 1 342 3 is_stmt 1 view .LVU237
 342:Core/Src/main.c ****   {
 828              		.loc 1 342 7 is_stmt 0 view .LVU238
 829 006e 0822     		movs	r2, #8
 830 0070 01A9     		add	r1, sp, #4
 831 0072 0A48     		ldr	r0, .L54
ARM GAS  C:\Users\maraz\AppData\Local\Temp\ccyEBQ4t.s 			page 44


 832 0074 FFF7FEFF 		bl	HAL_TIM_PWM_ConfigChannel
 833              	.LVL36:
 342:Core/Src/main.c ****   {
 834              		.loc 1 342 6 discriminator 1 view .LVU239
 835 0078 68B9     		cbnz	r0, .L53
 349:Core/Src/main.c **** 
 836              		.loc 1 349 3 is_stmt 1 view .LVU240
 837 007a 0848     		ldr	r0, .L54
 838 007c FFF7FEFF 		bl	HAL_TIM_MspPostInit
 839              	.LVL37:
 351:Core/Src/main.c **** 
 840              		.loc 1 351 1 is_stmt 0 view .LVU241
 841 0080 0FB0     		add	sp, sp, #60
 842              	.LCFI13:
 843              		.cfi_remember_state
 844              		.cfi_def_cfa_offset 4
 845              		@ sp needed
 846 0082 5DF804FB 		ldr	pc, [sp], #4
 847              	.L49:
 848              	.LCFI14:
 849              		.cfi_restore_state
 321:Core/Src/main.c ****   }
 850              		.loc 1 321 5 is_stmt 1 view .LVU242
 851 0086 FFF7FEFF 		bl	Error_Handler
 852              	.LVL38:
 853              	.L50:
 326:Core/Src/main.c ****   }
 854              		.loc 1 326 5 view .LVU243
 855 008a FFF7FEFF 		bl	Error_Handler
 856              	.LVL39:
 857              	.L51:
 330:Core/Src/main.c ****   }
 858              		.loc 1 330 5 view .LVU244
 859 008e FFF7FEFF 		bl	Error_Handler
 860              	.LVL40:
 861              	.L52:
 336:Core/Src/main.c ****   }
 862              		.loc 1 336 5 view .LVU245
 863 0092 FFF7FEFF 		bl	Error_Handler
 864              	.LVL41:
 865              	.L53:
 344:Core/Src/main.c ****   }
 866              		.loc 1 344 5 view .LVU246
 867 0096 FFF7FEFF 		bl	Error_Handler
 868              	.LVL42:
 869              	.L55:
 870 009a 00BF     		.align	2
 871              	.L54:
 872 009c 00000000 		.word	htim3
 873 00a0 00040040 		.word	1073742848
 874              		.cfi_endproc
 875              	.LFE140:
 877              		.section	.text.SystemClock_Config,"ax",%progbits
 878              		.align	1
 879              		.global	SystemClock_Config
 880              		.syntax unified
 881              		.thumb
ARM GAS  C:\Users\maraz\AppData\Local\Temp\ccyEBQ4t.s 			page 45


 882              		.thumb_func
 884              	SystemClock_Config:
 885              	.LFB138:
 177:Core/Src/main.c ****   RCC_OscInitTypeDef RCC_OscInitStruct = {0};
 886              		.loc 1 177 1 view -0
 887              		.cfi_startproc
 888              		@ args = 0, pretend = 0, frame = 80
 889              		@ frame_needed = 0, uses_anonymous_args = 0
 890 0000 00B5     		push	{lr}
 891              	.LCFI15:
 892              		.cfi_def_cfa_offset 4
 893              		.cfi_offset 14, -4
 894 0002 95B0     		sub	sp, sp, #84
 895              	.LCFI16:
 896              		.cfi_def_cfa_offset 88
 178:Core/Src/main.c ****   RCC_ClkInitTypeDef RCC_ClkInitStruct = {0};
 897              		.loc 1 178 3 view .LVU248
 178:Core/Src/main.c ****   RCC_ClkInitTypeDef RCC_ClkInitStruct = {0};
 898              		.loc 1 178 22 is_stmt 0 view .LVU249
 899 0004 3422     		movs	r2, #52
 900 0006 0021     		movs	r1, #0
 901 0008 07A8     		add	r0, sp, #28
 902 000a FFF7FEFF 		bl	memset
 903              	.LVL43:
 179:Core/Src/main.c **** 
 904              		.loc 1 179 3 is_stmt 1 view .LVU250
 179:Core/Src/main.c **** 
 905              		.loc 1 179 22 is_stmt 0 view .LVU251
 906 000e 0023     		movs	r3, #0
 907 0010 0293     		str	r3, [sp, #8]
 908 0012 0393     		str	r3, [sp, #12]
 909 0014 0493     		str	r3, [sp, #16]
 910 0016 0593     		str	r3, [sp, #20]
 911 0018 0693     		str	r3, [sp, #24]
 183:Core/Src/main.c ****   __HAL_PWR_VOLTAGESCALING_CONFIG(PWR_REGULATOR_VOLTAGE_SCALE3);
 912              		.loc 1 183 3 is_stmt 1 view .LVU252
 913              	.LBB11:
 183:Core/Src/main.c ****   __HAL_PWR_VOLTAGESCALING_CONFIG(PWR_REGULATOR_VOLTAGE_SCALE3);
 914              		.loc 1 183 3 view .LVU253
 915 001a 0093     		str	r3, [sp]
 183:Core/Src/main.c ****   __HAL_PWR_VOLTAGESCALING_CONFIG(PWR_REGULATOR_VOLTAGE_SCALE3);
 916              		.loc 1 183 3 view .LVU254
 917 001c 194A     		ldr	r2, .L62
 918 001e 116C     		ldr	r1, [r2, #64]
 919 0020 41F08051 		orr	r1, r1, #268435456
 920 0024 1164     		str	r1, [r2, #64]
 183:Core/Src/main.c ****   __HAL_PWR_VOLTAGESCALING_CONFIG(PWR_REGULATOR_VOLTAGE_SCALE3);
 921              		.loc 1 183 3 view .LVU255
 922 0026 126C     		ldr	r2, [r2, #64]
 923 0028 02F08052 		and	r2, r2, #268435456
 924 002c 0092     		str	r2, [sp]
 183:Core/Src/main.c ****   __HAL_PWR_VOLTAGESCALING_CONFIG(PWR_REGULATOR_VOLTAGE_SCALE3);
 925              		.loc 1 183 3 view .LVU256
 926 002e 009A     		ldr	r2, [sp]
 927              	.LBE11:
 183:Core/Src/main.c ****   __HAL_PWR_VOLTAGESCALING_CONFIG(PWR_REGULATOR_VOLTAGE_SCALE3);
 928              		.loc 1 183 3 view .LVU257
ARM GAS  C:\Users\maraz\AppData\Local\Temp\ccyEBQ4t.s 			page 46


 184:Core/Src/main.c **** 
 929              		.loc 1 184 3 view .LVU258
 930              	.LBB12:
 184:Core/Src/main.c **** 
 931              		.loc 1 184 3 view .LVU259
 932 0030 0193     		str	r3, [sp, #4]
 184:Core/Src/main.c **** 
 933              		.loc 1 184 3 view .LVU260
 934 0032 1549     		ldr	r1, .L62+4
 935 0034 0A68     		ldr	r2, [r1]
 936 0036 22F44042 		bic	r2, r2, #49152
 937 003a 42F48042 		orr	r2, r2, #16384
 938 003e 0A60     		str	r2, [r1]
 184:Core/Src/main.c **** 
 939              		.loc 1 184 3 view .LVU261
 940 0040 0A68     		ldr	r2, [r1]
 941 0042 02F44042 		and	r2, r2, #49152
 942 0046 0192     		str	r2, [sp, #4]
 184:Core/Src/main.c **** 
 943              		.loc 1 184 3 view .LVU262
 944 0048 019A     		ldr	r2, [sp, #4]
 945              	.LBE12:
 184:Core/Src/main.c **** 
 946              		.loc 1 184 3 view .LVU263
 189:Core/Src/main.c ****   RCC_OscInitStruct.HSIState = RCC_HSI_ON;
 947              		.loc 1 189 3 view .LVU264
 189:Core/Src/main.c ****   RCC_OscInitStruct.HSIState = RCC_HSI_ON;
 948              		.loc 1 189 36 is_stmt 0 view .LVU265
 949 004a 0222     		movs	r2, #2
 950 004c 0792     		str	r2, [sp, #28]
 190:Core/Src/main.c ****   RCC_OscInitStruct.HSICalibrationValue = RCC_HSICALIBRATION_DEFAULT;
 951              		.loc 1 190 3 is_stmt 1 view .LVU266
 190:Core/Src/main.c ****   RCC_OscInitStruct.HSICalibrationValue = RCC_HSICALIBRATION_DEFAULT;
 952              		.loc 1 190 30 is_stmt 0 view .LVU267
 953 004e 0122     		movs	r2, #1
 954 0050 0A92     		str	r2, [sp, #40]
 191:Core/Src/main.c ****   RCC_OscInitStruct.PLL.PLLState = RCC_PLL_NONE;
 955              		.loc 1 191 3 is_stmt 1 view .LVU268
 191:Core/Src/main.c ****   RCC_OscInitStruct.PLL.PLLState = RCC_PLL_NONE;
 956              		.loc 1 191 41 is_stmt 0 view .LVU269
 957 0052 1022     		movs	r2, #16
 958 0054 0B92     		str	r2, [sp, #44]
 192:Core/Src/main.c ****   if (HAL_RCC_OscConfig(&RCC_OscInitStruct) != HAL_OK)
 959              		.loc 1 192 3 is_stmt 1 view .LVU270
 192:Core/Src/main.c ****   if (HAL_RCC_OscConfig(&RCC_OscInitStruct) != HAL_OK)
 960              		.loc 1 192 34 is_stmt 0 view .LVU271
 961 0056 0D93     		str	r3, [sp, #52]
 193:Core/Src/main.c ****   {
 962              		.loc 1 193 3 is_stmt 1 view .LVU272
 193:Core/Src/main.c ****   {
 963              		.loc 1 193 7 is_stmt 0 view .LVU273
 964 0058 07A8     		add	r0, sp, #28
 965 005a FFF7FEFF 		bl	HAL_RCC_OscConfig
 966              	.LVL44:
 193:Core/Src/main.c ****   {
 967              		.loc 1 193 6 discriminator 1 view .LVU274
 968 005e 68B9     		cbnz	r0, .L60
ARM GAS  C:\Users\maraz\AppData\Local\Temp\ccyEBQ4t.s 			page 47


 200:Core/Src/main.c ****                               |RCC_CLOCKTYPE_PCLK1|RCC_CLOCKTYPE_PCLK2;
 969              		.loc 1 200 3 is_stmt 1 view .LVU275
 200:Core/Src/main.c ****                               |RCC_CLOCKTYPE_PCLK1|RCC_CLOCKTYPE_PCLK2;
 970              		.loc 1 200 31 is_stmt 0 view .LVU276
 971 0060 0F23     		movs	r3, #15
 972 0062 0293     		str	r3, [sp, #8]
 202:Core/Src/main.c ****   RCC_ClkInitStruct.AHBCLKDivider = RCC_SYSCLK_DIV1;
 973              		.loc 1 202 3 is_stmt 1 view .LVU277
 202:Core/Src/main.c ****   RCC_ClkInitStruct.AHBCLKDivider = RCC_SYSCLK_DIV1;
 974              		.loc 1 202 34 is_stmt 0 view .LVU278
 975 0064 0021     		movs	r1, #0
 976 0066 0391     		str	r1, [sp, #12]
 203:Core/Src/main.c ****   RCC_ClkInitStruct.APB1CLKDivider = RCC_HCLK_DIV1;
 977              		.loc 1 203 3 is_stmt 1 view .LVU279
 203:Core/Src/main.c ****   RCC_ClkInitStruct.APB1CLKDivider = RCC_HCLK_DIV1;
 978              		.loc 1 203 35 is_stmt 0 view .LVU280
 979 0068 0491     		str	r1, [sp, #16]
 204:Core/Src/main.c ****   RCC_ClkInitStruct.APB2CLKDivider = RCC_HCLK_DIV1;
 980              		.loc 1 204 3 is_stmt 1 view .LVU281
 204:Core/Src/main.c ****   RCC_ClkInitStruct.APB2CLKDivider = RCC_HCLK_DIV1;
 981              		.loc 1 204 36 is_stmt 0 view .LVU282
 982 006a 0591     		str	r1, [sp, #20]
 205:Core/Src/main.c **** 
 983              		.loc 1 205 3 is_stmt 1 view .LVU283
 205:Core/Src/main.c **** 
 984              		.loc 1 205 36 is_stmt 0 view .LVU284
 985 006c 0691     		str	r1, [sp, #24]
 207:Core/Src/main.c ****   {
 986              		.loc 1 207 3 is_stmt 1 view .LVU285
 207:Core/Src/main.c ****   {
 987              		.loc 1 207 7 is_stmt 0 view .LVU286
 988 006e 02A8     		add	r0, sp, #8
 989 0070 FFF7FEFF 		bl	HAL_RCC_ClockConfig
 990              	.LVL45:
 207:Core/Src/main.c ****   {
 991              		.loc 1 207 6 discriminator 1 view .LVU287
 992 0074 20B9     		cbnz	r0, .L61
 211:Core/Src/main.c **** 
 993              		.loc 1 211 1 view .LVU288
 994 0076 15B0     		add	sp, sp, #84
 995              	.LCFI17:
 996              		.cfi_remember_state
 997              		.cfi_def_cfa_offset 4
 998              		@ sp needed
 999 0078 5DF804FB 		ldr	pc, [sp], #4
 1000              	.L60:
 1001              	.LCFI18:
 1002              		.cfi_restore_state
 195:Core/Src/main.c ****   }
 1003              		.loc 1 195 5 is_stmt 1 view .LVU289
 1004 007c FFF7FEFF 		bl	Error_Handler
 1005              	.LVL46:
 1006              	.L61:
 209:Core/Src/main.c ****   }
 1007              		.loc 1 209 5 view .LVU290
 1008 0080 FFF7FEFF 		bl	Error_Handler
 1009              	.LVL47:
ARM GAS  C:\Users\maraz\AppData\Local\Temp\ccyEBQ4t.s 			page 48


 1010              	.L63:
 1011              		.align	2
 1012              	.L62:
 1013 0084 00380240 		.word	1073887232
 1014 0088 00700040 		.word	1073770496
 1015              		.cfi_endproc
 1016              	.LFE138:
 1018              		.section	.rodata.main.str1.4,"aMS",%progbits,1
 1019              		.align	2
 1020              	.LC0:
 1021 0000 53696E65 		.ascii	"Sine\000"
 1021      00
 1022              		.section	.text.main,"ax",%progbits
 1023              		.align	1
 1024              		.global	main
 1025              		.syntax unified
 1026              		.thumb
 1027              		.thumb_func
 1029              	main:
 1030              	.LFB137:
 112:Core/Src/main.c **** 
 1031              		.loc 1 112 1 view -0
 1032              		.cfi_startproc
 1033              		@ Volatile: function does not return.
 1034              		@ args = 0, pretend = 0, frame = 0
 1035              		@ frame_needed = 0, uses_anonymous_args = 0
 1036 0000 08B5     		push	{r3, lr}
 1037              	.LCFI19:
 1038              		.cfi_def_cfa_offset 8
 1039              		.cfi_offset 3, -8
 1040              		.cfi_offset 14, -4
 121:Core/Src/main.c **** 
 1041              		.loc 1 121 3 view .LVU292
 1042 0002 FFF7FEFF 		bl	HAL_Init
 1043              	.LVL48:
 128:Core/Src/main.c **** 
 1044              		.loc 1 128 3 view .LVU293
 1045 0006 FFF7FEFF 		bl	SystemClock_Config
 1046              	.LVL49:
 135:Core/Src/main.c ****   MX_DMA_Init();
 1047              		.loc 1 135 3 view .LVU294
 1048 000a FFF7FEFF 		bl	MX_GPIO_Init
 1049              	.LVL50:
 136:Core/Src/main.c ****   MX_TIM2_Init();
 1050              		.loc 1 136 3 view .LVU295
 1051 000e FFF7FEFF 		bl	MX_DMA_Init
 1052              	.LVL51:
 137:Core/Src/main.c ****   MX_TIM3_Init();
 1053              		.loc 1 137 3 view .LVU296
 1054 0012 FFF7FEFF 		bl	MX_TIM2_Init
 1055              	.LVL52:
 138:Core/Src/main.c ****   init_LCD();
 1056              		.loc 1 138 3 view .LVU297
 1057 0016 FFF7FEFF 		bl	MX_TIM3_Init
 1058              	.LVL53:
 139:Core/Src/main.c ****   /* USER CODE BEGIN 2 */
 1059              		.loc 1 139 3 view .LVU298
ARM GAS  C:\Users\maraz\AppData\Local\Temp\ccyEBQ4t.s 			page 49


 1060 001a FFF7FEFF 		bl	init_LCD
 1061              	.LVL54:
 146:Core/Src/main.c **** 
 1062              		.loc 1 146 3 view .LVU299
 1063 001e 0821     		movs	r1, #8
 1064 0020 0C48     		ldr	r0, .L67
 1065 0022 FFF7FEFF 		bl	HAL_TIM_PWM_Start
 1066              	.LVL55:
 149:Core/Src/main.c **** 
 1067              		.loc 1 149 3 view .LVU300
 1068 0026 0C4C     		ldr	r4, .L67+4
 1069 0028 0021     		movs	r1, #0
 1070 002a 2046     		mov	r0, r4
 1071 002c FFF7FEFF 		bl	HAL_TIM_OC_Start
 1072              	.LVL56:
 152:Core/Src/main.c **** 
 1073              		.loc 1 152 3 view .LVU301
 1074 0030 40F6FF73 		movw	r3, #4095
 1075 0034 094A     		ldr	r2, .L67+8
 1076 0036 1268     		ldr	r2, [r2]
 1077 0038 0949     		ldr	r1, .L67+12
 1078 003a 89B2     		uxth	r1, r1
 1079 003c 0948     		ldr	r0, .L67+16
 1080 003e FFF7FEFF 		bl	HAL_DMA_Start_IT
 1081              	.LVL57:
 155:Core/Src/main.c **** 
 1082              		.loc 1 155 3 view .LVU302
 1083 0042 0948     		ldr	r0, .L67+20
 1084 0044 FFF7FEFF 		bl	lcd_putstring
 1085              	.LVL58:
 158:Core/Src/main.c ****   /* USER CODE END 2 */
 1086              		.loc 1 158 3 view .LVU303
 1087 0048 2268     		ldr	r2, [r4]
 1088 004a D368     		ldr	r3, [r2, #12]
 1089 004c 43F40073 		orr	r3, r3, #512
 1090 0050 D360     		str	r3, [r2, #12]
 1091              	.L65:
 163:Core/Src/main.c ****   {
 1092              		.loc 1 163 3 view .LVU304
 168:Core/Src/main.c ****   /* USER CODE END 3 */
 1093              		.loc 1 168 3 view .LVU305
 163:Core/Src/main.c ****   {
 1094              		.loc 1 163 9 view .LVU306
 1095 0052 FEE7     		b	.L65
 1096              	.L68:
 1097              		.align	2
 1098              	.L67:
 1099 0054 00000000 		.word	htim3
 1100 0058 00000000 		.word	htim2
 1101 005c 00000000 		.word	DestAddress
 1102 0060 00000000 		.word	sineLUT
 1103 0064 00000000 		.word	hdma_tim2_ch1
 1104 0068 00000000 		.word	.LC0
 1105              		.cfi_endproc
 1106              	.LFE137:
 1108              		.global	DestAddress
 1109              		.section	.data.DestAddress,"aw"
ARM GAS  C:\Users\maraz\AppData\Local\Temp\ccyEBQ4t.s 			page 50


 1110              		.align	2
 1113              	DestAddress:
 1114 0000 3C040040 		.word	1073742908
 1115              		.global	Drum_LUT
 1116              		.section	.data.Drum_LUT,"aw"
 1117              		.align	2
 1120              	Drum_LUT:
 1121 0000 0008     		.short	2048
 1122 0002 0008     		.short	2048
 1123 0004 FF07     		.short	2047
 1124 0006 FE07     		.short	2046
 1125 0008 0108     		.short	2049
 1126 000a FE07     		.short	2046
 1127 000c 0208     		.short	2050
 1128 000e F807     		.short	2040
 1129 0010 FA07     		.short	2042
 1130 0012 0008     		.short	2048
 1131 0014 F206     		.short	1778
 1132 0016 5209     		.short	2386
 1133 0018 9D02     		.short	669
 1134 001a A708     		.short	2215
 1135 001c E500     		.short	229
 1136 001e 160E     		.short	3606
 1137 0020 8B00     		.short	139
 1138 0022 F90F     		.short	4089
 1139 0024 1602     		.short	534
 1140 0026 4909     		.short	2377
 1141 0028 9101     		.short	401
 1142 002a 7106     		.short	1649
 1143 002c 3706     		.short	1591
 1144 002e DD0B     		.short	3037
 1145 0030 FC0F     		.short	4092
 1146 0032 C30C     		.short	3267
 1147 0034 6508     		.short	2149
 1148 0036 C603     		.short	966
 1149 0038 0000     		.short	0
 1150 003a 6704     		.short	1127
 1151 003c 1C0A     		.short	2588
 1152 003e F409     		.short	2548
 1153 0040 890D     		.short	3465
 1154 0042 810C     		.short	3201
 1155 0044 040C     		.short	3076
 1156 0046 4D02     		.short	589
 1157 0048 2E04     		.short	1070
 1158 004a 7E07     		.short	1918
 1159 004c 4309     		.short	2371
 1160 004e 1507     		.short	1813
 1161 0050 B908     		.short	2233
 1162 0052 6908     		.short	2153
 1163 0054 6C09     		.short	2412
 1164 0056 6708     		.short	2151
 1165 0058 A408     		.short	2212
 1166 005a 7506     		.short	1653
 1167 005c 6104     		.short	1121
 1168 005e 3707     		.short	1847
 1169 0060 B808     		.short	2232
 1170 0062 F60A     		.short	2806
ARM GAS  C:\Users\maraz\AppData\Local\Temp\ccyEBQ4t.s 			page 51


 1171 0064 6D09     		.short	2413
 1172 0066 FB09     		.short	2555
 1173 0068 4708     		.short	2119
 1174 006a 3006     		.short	1584
 1175 006c 1C05     		.short	1308
 1176 006e 7906     		.short	1657
 1177 0070 B007     		.short	1968
 1178 0072 E609     		.short	2534
 1179 0074 1F0A     		.short	2591
 1180 0076 7308     		.short	2163
 1181 0078 6407     		.short	1892
 1182 007a 6007     		.short	1888
 1183 007c EF07     		.short	2031
 1184 007e 5708     		.short	2135
 1185 0080 5807     		.short	1880
 1186 0082 6007     		.short	1888
 1187 0084 6C07     		.short	1900
 1188 0086 EF07     		.short	2031
 1189 0088 D308     		.short	2259
 1190 008a D809     		.short	2520
 1191 008c FD08     		.short	2301
 1192 008e 7E07     		.short	1918
 1193 0090 FA05     		.short	1530
 1194 0092 F905     		.short	1529
 1195 0094 C307     		.short	1987
 1196 0096 2A09     		.short	2346
 1197 0098 8509     		.short	2437
 1198 009a 4109     		.short	2369
 1199 009c 4E08     		.short	2126
 1200 009e B706     		.short	1719
 1201 00a0 9906     		.short	1689
 1202 00a2 AF07     		.short	1967
 1203 00a4 C108     		.short	2241
 1204 00a6 9D08     		.short	2205
 1205 00a8 1108     		.short	2065
 1206 00aa 7E07     		.short	1918
 1207 00ac 5F07     		.short	1887
 1208 00ae 3808     		.short	2104
 1209 00b0 F308     		.short	2291
 1210 00b2 A808     		.short	2216
 1211 00b4 CF07     		.short	1999
 1212 00b6 2507     		.short	1829
 1213 00b8 0D07     		.short	1805
 1214 00ba 9E07     		.short	1950
 1215 00bc 6F08     		.short	2159
 1216 00be D708     		.short	2263
 1217 00c0 B708     		.short	2231
 1218 00c2 1808     		.short	2072
 1219 00c4 A407     		.short	1956
 1220 00c6 3F07     		.short	1855
 1221 00c8 8407     		.short	1924
 1222 00ca 3108     		.short	2097
 1223 00cc 8008     		.short	2176
 1224 00ce 4A08     		.short	2122
 1225 00d0 DB07     		.short	2011
 1226 00d2 9907     		.short	1945
 1227 00d4 E807     		.short	2024
ARM GAS  C:\Users\maraz\AppData\Local\Temp\ccyEBQ4t.s 			page 52


 1228 00d6 4108     		.short	2113
 1229 00d8 5408     		.short	2132
 1230 00da 2808     		.short	2088
 1231 00dc CF07     		.short	1999
 1232 00de A107     		.short	1953
 1233 00e0 CA07     		.short	1994
 1234 00e2 1708     		.short	2071
 1235 00e4 4B08     		.short	2123
 1236 00e6 2208     		.short	2082
 1237 00e8 1808     		.short	2072
 1238 00ea F707     		.short	2039
 1239 00ec CD07     		.short	1997
 1240 00ee C607     		.short	1990
 1241 00f0 E407     		.short	2020
 1242 00f2 0108     		.short	2049
 1243 00f4 2D08     		.short	2093
 1244 00f6 4A08     		.short	2122
 1245 00f8 3208     		.short	2098
 1246 00fa E707     		.short	2023
 1247 00fc B907     		.short	1977
 1248 00fe BF07     		.short	1983
 1249 0100 EC07     		.short	2028
 1250 0102 1308     		.short	2067
 1251 0104 2608     		.short	2086
 1252 0106 1A08     		.short	2074
 1253 0108 0308     		.short	2051
 1254 010a ED07     		.short	2029
 1255 010c FC07     		.short	2044
 1256 010e 1308     		.short	2067
 1257 0110 0508     		.short	2053
 1258 0112 F107     		.short	2033
 1259 0114 040A     		.short	2564
 1260 0116 9D0A     		.short	2717
 1261 0118 950C     		.short	3221
 1262 011a 0200     		.short	2
 1263 011c FB0F     		.short	4091
 1264 011e 0000     		.short	0
 1265 0120 FF0F     		.short	4095
 1266 0122 6A05     		.short	1386
 1267 0124 1009     		.short	2320
 1268 0126 8600     		.short	134
 1269 0128 6206     		.short	1634
 1270 012a B206     		.short	1714
 1271 012c CE07     		.short	1998
 1272 012e 260E     		.short	3622
 1273 0130 FE0F     		.short	4094
 1274 0132 FB09     		.short	2555
 1275 0134 AA08     		.short	2218
 1276 0136 0400     		.short	4
 1277 0138 0200     		.short	2
 1278 013a F108     		.short	2289
 1279 013c 8809     		.short	2440
 1280 013e C30B     		.short	3011
 1281 0140 CE0C     		.short	3278
 1282 0142 A10D     		.short	3489
 1283 0144 8406     		.short	1668
 1284 0146 8402     		.short	644
ARM GAS  C:\Users\maraz\AppData\Local\Temp\ccyEBQ4t.s 			page 53


 1285 0148 5706     		.short	1623
 1286 014a 1109     		.short	2321
 1287 014c BB07     		.short	1979
 1288 014e 2608     		.short	2086
 1289 0150 1408     		.short	2068
 1290 0152 2609     		.short	2342
 1291 0154 AE08     		.short	2222
 1292 0156 A608     		.short	2214
 1293 0158 D607     		.short	2006
 1294 015a 6B04     		.short	1131
 1295 015c 0706     		.short	1543
 1296 015e C907     		.short	1993
 1297 0160 2F0A     		.short	2607
 1298 0162 430A     		.short	2627
 1299 0164 7109     		.short	2417
 1300 0166 BA09     		.short	2490
 1301 0168 DA06     		.short	1754
 1302 016a 7D05     		.short	1405
 1303 016c 9405     		.short	1428
 1304 016e 5507     		.short	1877
 1305 0170 C508     		.short	2245
 1306 0172 9E0A     		.short	2718
 1307 0174 1809     		.short	2328
 1308 0176 D607     		.short	2006
 1309 0178 2807     		.short	1832
 1310 017a 9C07     		.short	1948
 1311 017c 6908     		.short	2153
 1312 017e BC07     		.short	1980
 1313 0180 4E07     		.short	1870
 1314 0182 5107     		.short	1873
 1315 0184 BC07     		.short	1980
 1316 0186 4508     		.short	2117
 1317 0188 7B09     		.short	2427
 1318 018a 8409     		.short	2436
 1319 018c C608     		.short	2246
 1320 018e 7B06     		.short	1659
 1321 0190 9605     		.short	1430
 1322 0192 1207     		.short	1810
 1323 0194 5B08     		.short	2139
 1324 0196 6909     		.short	2409
 1325 0198 6409     		.short	2404
 1326 019a FE08     		.short	2302
 1327 019c 4307     		.short	1859
 1328 019e 9006     		.short	1680
 1329 01a0 0107     		.short	1793
 1330 01a2 5D08     		.short	2141
 1331 01a4 C908     		.short	2249
 1332 01a6 6508     		.short	2149
 1333 01a8 BD07     		.short	1981
 1334 01aa 5007     		.short	1872
 1335 01ac AD07     		.short	1965
 1336 01ae C408     		.short	2244
 1337 01b0 DD08     		.short	2269
 1338 01b2 4308     		.short	2115
 1339 01b4 5E07     		.short	1886
 1340 01b6 1207     		.short	1810
 1341 01b8 5507     		.short	1877
ARM GAS  C:\Users\maraz\AppData\Local\Temp\ccyEBQ4t.s 			page 54


 1342 01ba 1508     		.short	2069
 1343 01bc BE08     		.short	2238
 1344 01be E008     		.short	2272
 1345 01c0 6308     		.short	2147
 1346 01c2 D707     		.short	2007
 1347 01c4 6B07     		.short	1899
 1348 01c6 4C07     		.short	1868
 1349 01c8 E407     		.short	2020
 1350 01ca 6908     		.short	2153
 1351 01cc 6D08     		.short	2157
 1352 01ce 0F08     		.short	2063
 1353 01d0 A607     		.short	1958
 1354 01d2 B507     		.short	1973
 1355 01d4 1308     		.short	2067
 1356 01d6 5608     		.short	2134
 1357 01d8 3C08     		.short	2108
 1358 01da FD07     		.short	2045
 1359 01dc AE07     		.short	1966
 1360 01de A507     		.short	1957
 1361 01e0 E907     		.short	2025
 1362 01e2 4308     		.short	2115
 1363 01e4 3808     		.short	2104
 1364 01e6 1C08     		.short	2076
 1365 01e8 0E08     		.short	2062
 1366 01ea E707     		.short	2023
 1367 01ec C107     		.short	1985
 1368 01ee DA07     		.short	2010
 1369 01f0 F007     		.short	2032
 1370 01f2 1A08     		.short	2074
 1371 01f4 4008     		.short	2112
 1372 01f6 4408     		.short	2116
 1373 01f8 1108     		.short	2065
 1374 01fa CB07     		.short	1995
 1375 01fc BA07     		.short	1978
 1376 01fe DB07     		.short	2011
 1377 0200 0108     		.short	2049
 1378 0202 2208     		.short	2082
 1379 0204 2108     		.short	2081
 1380 0206 0A08     		.short	2058
 1381 0208 F907     		.short	2041
 1382 020a EF07     		.short	2031
 1383 020c 0E08     		.short	2062
 1384 020e 3608     		.short	2102
 1385 0210 AC07     		.short	1964
 1386 0212 5005     		.short	1360
 1387 0214 2101     		.short	289
 1388 0216 F90F     		.short	4089
 1389 0218 3D00     		.short	61
 1390 021a E904     		.short	1257
 1391 021c 750D     		.short	3445
 1392 021e 4603     		.short	838
 1393 0220 FB0E     		.short	3835
 1394 0222 D002     		.short	720
 1395 0224 F607     		.short	2038
 1396 0226 D306     		.short	1747
 1397 0228 AA07     		.short	1962
 1398 022a 6A0A     		.short	2666
ARM GAS  C:\Users\maraz\AppData\Local\Temp\ccyEBQ4t.s 			page 55


 1399 022c A105     		.short	1441
 1400 022e 4106     		.short	1601
 1401 0230 6E06     		.short	1646
 1402 0232 AF07     		.short	1967
 1403 0234 1908     		.short	2073
 1404 0236 CD09     		.short	2509
 1405 0238 9206     		.short	1682
 1406 023a 2307     		.short	1827
 1407 023c B50A     		.short	2741
 1408 023e 8507     		.short	1925
 1409 0240 7C09     		.short	2428
 1410 0242 B907     		.short	1977
 1411 0244 200C     		.short	3104
 1412 0246 FA07     		.short	2042
 1413 0248 0908     		.short	2057
 1414 024a 3207     		.short	1842
 1415 024c CF07     		.short	1999
 1416 024e A908     		.short	2217
 1417 0250 7E06     		.short	1662
 1418 0252 3809     		.short	2360
 1419 0254 A406     		.short	1700
 1420 0256 CF09     		.short	2511
 1421 0258 3107     		.short	1841
 1422 025a A208     		.short	2210
 1423 025c 9D07     		.short	1949
 1424 025e BC08     		.short	2236
 1425 0260 4208     		.short	2114
 1426 0262 F107     		.short	2033
 1427 0264 5B08     		.short	2139
 1428 0266 4607     		.short	1862
 1429 0268 AA08     		.short	2218
 1430 026a 1D07     		.short	1821
 1431 026c 6408     		.short	2148
 1432 026e C807     		.short	1992
 1433 0270 0E08     		.short	2062
 1434 0272 D907     		.short	2009
 1435 0274 D007     		.short	2000
 1436 0276 1F08     		.short	2079
 1437 0278 CB07     		.short	1995
 1438 027a 4108     		.short	2113
 1439 027c C607     		.short	1990
 1440 027e F007     		.short	2032
 1441 0280 0B08     		.short	2059
 1442 0282 F407     		.short	2036
 1443 0284 1508     		.short	2069
 1444 0286 FD07     		.short	2045
 1445 0288 5308     		.short	2131
 1446 028a E307     		.short	2019
 1447 028c 1008     		.short	2064
 1448 028e DA07     		.short	2010
 1449 0290 E907     		.short	2025
 1450 0292 DD07     		.short	2013
 1451 0294 0D08     		.short	2061
 1452 0296 2008     		.short	2080
 1453 0298 0608     		.short	2054
 1454 029a 4308     		.short	2115
 1455 029c DE07     		.short	2014
ARM GAS  C:\Users\maraz\AppData\Local\Temp\ccyEBQ4t.s 			page 56


 1456 029e 0B08     		.short	2059
 1457 02a0 0208     		.short	2050
 1458 02a2 D907     		.short	2009
 1459 02a4 1A08     		.short	2074
 1460 02a6 0208     		.short	2050
 1461 02a8 FD07     		.short	2045
 1462 02aa DF07     		.short	2015
 1463 02ac 1908     		.short	2073
 1464 02ae 0D08     		.short	2061
 1465 02b0 1E08     		.short	2078
 1466 02b2 FE07     		.short	2046
 1467 02b4 0108     		.short	2049
 1468 02b6 FA07     		.short	2042
 1469 02b8 E507     		.short	2021
 1470 02ba 0C08     		.short	2060
 1471 02bc F707     		.short	2039
 1472 02be 0008     		.short	2048
 1473 02c0 0108     		.short	2049
 1474 02c2 FC07     		.short	2044
 1475 02c4 E507     		.short	2021
 1476 02c6 F707     		.short	2039
 1477 02c8 0C08     		.short	2060
 1478 02ca 0508     		.short	2053
 1479 02cc 0B08     		.short	2059
 1480 02ce FB07     		.short	2043
 1481 02d0 0008     		.short	2048
 1482 02d2 0408     		.short	2052
 1483 02d4 0108     		.short	2049
 1484 02d6 F707     		.short	2039
 1485 02d8 0408     		.short	2052
 1486 02da F807     		.short	2040
 1487 02dc E407     		.short	2020
 1488 02de 0808     		.short	2056
 1489 02e0 0B08     		.short	2059
 1490 02e2 1008     		.short	2064
 1491 02e4 FC07     		.short	2044
 1492 02e6 FE07     		.short	2046
 1493 02e8 FF07     		.short	2047
 1494 02ea FE07     		.short	2046
 1495 02ec 0108     		.short	2049
 1496 02ee FC07     		.short	2044
 1497 02f0 0108     		.short	2049
 1498 02f2 FE07     		.short	2046
 1499 02f4 0C08     		.short	2060
 1500 02f6 FE07     		.short	2046
 1501 02f8 0608     		.short	2054
 1502 02fa 0008     		.short	2048
 1503 02fc F507     		.short	2037
 1504 02fe 0308     		.short	2051
 1505 0300 0308     		.short	2051
 1506 0302 0A08     		.short	2058
 1507 0304 0008     		.short	2048
 1508 0306 ED07     		.short	2029
 1509 0308 0108     		.short	2049
 1510 030a 0B08     		.short	2059
 1511 030c F707     		.short	2039
 1512 030e 2608     		.short	2086
ARM GAS  C:\Users\maraz\AppData\Local\Temp\ccyEBQ4t.s 			page 57


 1513 0310 BF05     		.short	1471
 1514 0312 7A06     		.short	1658
 1515 0314 3109     		.short	2353
 1516 0316 B307     		.short	1971
 1517 0318 2607     		.short	1830
 1518 031a CE0E     		.short	3790
 1519 031c 4D02     		.short	589
 1520 031e 9406     		.short	1684
 1521 0320 2105     		.short	1313
 1522 0322 DC05     		.short	1500
 1523 0324 D207     		.short	2002
 1524 0326 530D     		.short	3411
 1525 0328 F70F     		.short	4087
 1526 032a DE0A     		.short	2782
 1527 032c 8A07     		.short	1930
 1528 032e 0000     		.short	0
 1529 0330 0000     		.short	0
 1530 0332 7B06     		.short	1659
 1531 0334 BA09     		.short	2490
 1532 0336 E10B     		.short	3041
 1533 0338 8C0D     		.short	3468
 1534 033a B10D     		.short	3505
 1535 033c AE09     		.short	2478
 1536 033e 0000     		.short	0
 1537 0340 C304     		.short	1219
 1538 0342 5D07     		.short	1885
 1539 0344 1F0A     		.short	2591
 1540 0346 3907     		.short	1849
 1541 0348 C708     		.short	2247
 1542 034a 9C09     		.short	2460
 1543 034c 3308     		.short	2099
 1544 034e D606     		.short	1750
 1545 0350 2E08     		.short	2094
 1546 0352 4A05     		.short	1354
 1547 0354 2F05     		.short	1327
 1548 0356 9F07     		.short	1951
 1549 0358 9F0A     		.short	2719
 1550 035a 4F0B     		.short	2895
 1551 035c BE07     		.short	1982
 1552 035e 7009     		.short	2416
 1553 0360 FE06     		.short	1790
 1554 0362 7505     		.short	1397
 1555 0364 AE05     		.short	1454
 1556 0366 4F07     		.short	1871
 1557 0368 C407     		.short	1988
 1558 036a 1A0A     		.short	2586
 1559 036c 940A     		.short	2708
 1560 036e 4A08     		.short	2122
 1561 0370 7307     		.short	1907
 1562 0372 5007     		.short	1872
 1563 0374 8B08     		.short	2187
 1564 0376 E206     		.short	1762
 1565 0378 4B06     		.short	1611
 1566 037a 2007     		.short	1824
 1567 037c C508     		.short	2245
 1568 037e C509     		.short	2501
 1569 0380 330A     		.short	2611
ARM GAS  C:\Users\maraz\AppData\Local\Temp\ccyEBQ4t.s 			page 58


 1570 0382 7D08     		.short	2173
 1571 0384 7007     		.short	1904
 1572 0386 B905     		.short	1465
 1573 0388 1D06     		.short	1565
 1574 038a 0108     		.short	2049
 1575 038c 340A     		.short	2612
 1576 038e 4609     		.short	2374
 1577 0390 EB07     		.short	2027
 1578 0392 8107     		.short	1921
 1579 0394 5E07     		.short	1886
 1580 0396 BC07     		.short	1980
 1581 0398 FD07     		.short	2045
 1582 039a 4308     		.short	2115
 1583 039c 1808     		.short	2072
 1584 039e 6A07     		.short	1898
 1585 03a0 CF06     		.short	1743
 1586 03a2 5807     		.short	1880
 1587 03a4 B708     		.short	2231
 1588 03a6 4809     		.short	2376
 1589 03a8 A408     		.short	2212
 1590 03aa CB07     		.short	1995
 1591 03ac D606     		.short	1750
 1592 03ae 3B07     		.short	1851
 1593 03b0 3008     		.short	2096
 1594 03b2 A408     		.short	2212
 1595 03b4 0809     		.short	2312
 1596 03b6 F707     		.short	2039
 1597 03b8 6E07     		.short	1902
 1598 03ba B107     		.short	1969
 1599 03bc B907     		.short	1977
 1600 03be 5008     		.short	2128
 1601 03c0 7408     		.short	2164
 1602 03c2 AC08     		.short	2220
 1603 03c4 8407     		.short	1924
 1604 03c6 2A07     		.short	1834
 1605 03c8 4107     		.short	1857
 1606 03ca 4E08     		.short	2126
 1607 03cc 6608     		.short	2150
 1608 03ce BC08     		.short	2236
 1609 03d0 4308     		.short	2115
 1610 03d2 7507     		.short	1909
 1611 03d4 6D07     		.short	1901
 1612 03d6 E007     		.short	2016
 1613 03d8 3608     		.short	2102
 1614 03da 6908     		.short	2153
 1615 03dc 5308     		.short	2131
 1616 03de FE07     		.short	2046
 1617 03e0 B407     		.short	1972
 1618 03e2 3108     		.short	2097
 1619 03e4 0008     		.short	2048
 1620 03e6 0008     		.short	2048
 1621 03e8 3A08     		.short	2106
 1622 03ea FE07     		.short	2046
 1623 03ec 2308     		.short	2083
 1624 03ee 1208     		.short	2066
 1625 03f0 B807     		.short	1976
 1626 03f2 E207     		.short	2018
ARM GAS  C:\Users\maraz\AppData\Local\Temp\ccyEBQ4t.s 			page 59


 1627 03f4 F307     		.short	2035
 1628 03f6 E807     		.short	2024
 1629 03f8 0508     		.short	2053
 1630 03fa 6D08     		.short	2157
 1631 03fc 0508     		.short	2053
 1632 03fe CA07     		.short	1994
 1633 0400 F307     		.short	2035
 1634 0402 ED07     		.short	2029
 1635 0404 EB07     		.short	2027
 1636 0406 2B08     		.short	2091
 1637 0408 0E08     		.short	2062
 1638 040a E707     		.short	2023
 1639 040c 2108     		.short	2081
 1640 040e E808     		.short	2280
 1641 0410 4D06     		.short	1613
 1642 0412 FC08     		.short	2300
 1643 0414 0608     		.short	2054
 1644 0416 880B     		.short	2952
 1645 0418 9208     		.short	2194
 1646 041a 9107     		.short	1937
 1647 041c 4C07     		.short	1868
 1648 041e 7108     		.short	2161
 1649 0420 7A08     		.short	2170
 1650 0422 4408     		.short	2116
 1651 0424 9D06     		.short	1693
 1652 0426 7509     		.short	2421
 1653 0428 1009     		.short	2320
 1654 042a 7D08     		.short	2173
 1655 042c 0307     		.short	1795
 1656 042e FA06     		.short	1786
 1657 0430 1808     		.short	2072
 1658 0432 5E09     		.short	2398
 1659 0434 6407     		.short	1892
 1660 0436 9408     		.short	2196
 1661 0438 A807     		.short	1960
 1662 043a 1908     		.short	2073
 1663 043c 4E08     		.short	2126
 1664 043e 1C08     		.short	2076
 1665 0440 9807     		.short	1944
 1666 0442 4E08     		.short	2126
 1667 0444 F007     		.short	2032
 1668 0446 B807     		.short	1976
 1669 0448 0408     		.short	2052
 1670 044a F707     		.short	2039
 1671 044c 1A08     		.short	2074
 1672 044e 0208     		.short	2050
 1673 0450 3A08     		.short	2106
 1674 0452 EB07     		.short	2027
 1675 0454 0C08     		.short	2060
 1676 0456 CB07     		.short	1995
 1677 0458 0908     		.short	2057
 1678 045a D107     		.short	2001
 1679 045c 3508     		.short	2101
 1680 045e F907     		.short	2041
 1681 0460 FF07     		.short	2047
 1682 0462 EB07     		.short	2027
 1683 0464 EE07     		.short	2030
ARM GAS  C:\Users\maraz\AppData\Local\Temp\ccyEBQ4t.s 			page 60


 1684 0466 FA07     		.short	2042
 1685 0468 0A08     		.short	2058
 1686 046a FC07     		.short	2044
 1687 046c EA07     		.short	2026
 1688 046e F507     		.short	2037
 1689 0470 DF07     		.short	2015
 1690 0472 0908     		.short	2057
 1691 0474 1208     		.short	2066
 1692 0476 1B08     		.short	2075
 1693 0478 0B08     		.short	2059
 1694 047a 0B08     		.short	2059
 1695 047c F407     		.short	2036
 1696 047e F307     		.short	2035
 1697 0480 F907     		.short	2041
 1698 0482 0F08     		.short	2063
 1699 0484 FB07     		.short	2043
 1700 0486 EE07     		.short	2030
 1701 0488 1C08     		.short	2076
 1702 048a 5608     		.short	2134
 1703 048c B907     		.short	1977
 1704 048e 2008     		.short	2080
 1705 0490 0F08     		.short	2063
 1706 0492 0F08     		.short	2063
 1707 0494 ED07     		.short	2029
 1708 0496 BA07     		.short	1978
 1709 0498 DE07     		.short	2014
 1710 049a 2308     		.short	2083
 1711 049c EC07     		.short	2028
 1712 049e 1908     		.short	2073
 1713 04a0 DF07     		.short	2015
 1714 04a2 FF07     		.short	2047
 1715 04a4 E807     		.short	2024
 1716 04a6 F907     		.short	2041
 1717 04a8 DD07     		.short	2013
 1718 04aa 1108     		.short	2065
 1719 04ac ED07     		.short	2029
 1720 04ae 1108     		.short	2065
 1721 04b0 0C08     		.short	2060
 1722 04b2 0808     		.short	2056
 1723 04b4 0408     		.short	2052
 1724 04b6 0108     		.short	2049
 1725 04b8 FE07     		.short	2046
 1726 04ba 0908     		.short	2057
 1727 04bc F707     		.short	2039
 1728 04be E607     		.short	2022
 1729 04c0 0708     		.short	2055
 1730 04c2 0808     		.short	2056
 1731 04c4 0508     		.short	2053
 1732 04c6 0B08     		.short	2059
 1733 04c8 0F08     		.short	2063
 1734 04ca 0008     		.short	2048
 1735 04cc F507     		.short	2037
 1736 04ce F207     		.short	2034
 1737 04d0 FD07     		.short	2045
 1738 04d2 F707     		.short	2039
 1739 04d4 F607     		.short	2038
 1740 04d6 FC07     		.short	2044
ARM GAS  C:\Users\maraz\AppData\Local\Temp\ccyEBQ4t.s 			page 61


 1741 04d8 FF07     		.short	2047
 1742 04da 0308     		.short	2051
 1743 04dc 0708     		.short	2055
 1744 04de 0708     		.short	2055
 1745 04e0 0808     		.short	2056
 1746 04e2 0008     		.short	2048
 1747 04e4 F907     		.short	2041
 1748 04e6 FB07     		.short	2043
 1749 04e8 FB07     		.short	2043
 1750 04ea 0008     		.short	2048
 1751 04ec 0208     		.short	2050
 1752 04ee 0308     		.short	2051
 1753 04f0 0308     		.short	2051
 1754 04f2 0208     		.short	2050
 1755 04f4 0008     		.short	2048
 1756 04f6 0208     		.short	2050
 1757 04f8 0008     		.short	2048
 1758 04fa FE07     		.short	2046
 1759 04fc FA07     		.short	2042
 1760 04fe FA07     		.short	2042
 1761 0500 FC07     		.short	2044
 1762 0502 FF07     		.short	2047
 1763 0504 0808     		.short	2056
 1764 0506 0508     		.short	2053
 1765 0508 0308     		.short	2051
 1766 050a FC07     		.short	2044
 1767 050c F707     		.short	2039
 1768 050e F507     		.short	2037
 1769 0510 EC07     		.short	2028
 1770 0512 B308     		.short	2227
 1771 0514 0E07     		.short	1806
 1772 0516 9B08     		.short	2203
 1773 0518 2206     		.short	1570
 1774 051a 6704     		.short	1127
 1775 051c 9A0A     		.short	2714
 1776 051e 6208     		.short	2146
 1777 0520 1F08     		.short	2079
 1778 0522 0B09     		.short	2315
 1779 0524 F407     		.short	2036
 1780 0526 0509     		.short	2309
 1781 0528 D308     		.short	2259
 1782 052a C107     		.short	1985
 1783 052c 2C07     		.short	1836
 1784 052e 4E07     		.short	1870
 1785 0530 5507     		.short	1877
 1786 0532 C107     		.short	1985
 1787 0534 4B08     		.short	2123
 1788 0536 A507     		.short	1957
 1789 0538 5108     		.short	2129
 1790 053a 3108     		.short	2097
 1791 053c 6908     		.short	2153
 1792 053e E007     		.short	2016
 1793 0540 8508     		.short	2181
 1794 0542 2108     		.short	2081
 1795 0544 2408     		.short	2084
 1796 0546 1C08     		.short	2076
 1797 0548 8D08     		.short	2189
ARM GAS  C:\Users\maraz\AppData\Local\Temp\ccyEBQ4t.s 			page 62


 1798 054a DC07     		.short	2012
 1799 054c D407     		.short	2004
 1800 054e DE07     		.short	2014
 1801 0550 E307     		.short	2019
 1802 0552 3708     		.short	2103
 1803 0554 FD07     		.short	2045
 1804 0556 EF07     		.short	2031
 1805 0558 1908     		.short	2073
 1806 055a 0608     		.short	2054
 1807 055c 0308     		.short	2051
 1808 055e 0F08     		.short	2063
 1809 0560 C607     		.short	1990
 1810 0562 E907     		.short	2025
 1811 0564 CE07     		.short	1998
 1812 0566 0208     		.short	2050
 1813 0568 D807     		.short	2008
 1814 056a 1308     		.short	2067
 1815 056c 0508     		.short	2053
 1816 056e 0908     		.short	2057
 1817 0570 FC07     		.short	2044
 1818 0572 0508     		.short	2053
 1819 0574 FA07     		.short	2042
 1820 0576 FC07     		.short	2044
 1821 0578 FD07     		.short	2045
 1822 057a 0C08     		.short	2060
 1823 057c 0308     		.short	2051
 1824 057e 0608     		.short	2054
 1825 0580 FF07     		.short	2047
 1826 0582 0408     		.short	2052
 1827 0584 F807     		.short	2040
 1828 0586 FF07     		.short	2047
 1829 0588 0408     		.short	2052
 1830 058a 0508     		.short	2053
 1831 058c F307     		.short	2035
 1832 058e EE07     		.short	2030
 1833 0590 AB07     		.short	1963
 1834 0592 DD07     		.short	2013
 1835 0594 EE07     		.short	2030
 1836 0596 F107     		.short	2033
 1837 0598 D307     		.short	2003
 1838 059a 2008     		.short	2080
 1839 059c EA07     		.short	2026
 1840 059e 0008     		.short	2048
 1841 05a0 1408     		.short	2068
 1842 05a2 E707     		.short	2023
 1843 05a4 F707     		.short	2039
 1844 05a6 1D08     		.short	2077
 1845 05a8 E107     		.short	2017
 1846 05aa 0C08     		.short	2060
 1847 05ac FF07     		.short	2047
 1848 05ae FB07     		.short	2043
 1849 05b0 E607     		.short	2022
 1850 05b2 1A08     		.short	2074
 1851 05b4 1B08     		.short	2075
 1852 05b6 0308     		.short	2051
 1853 05b8 0F08     		.short	2063
 1854 05ba 0508     		.short	2053
ARM GAS  C:\Users\maraz\AppData\Local\Temp\ccyEBQ4t.s 			page 63


 1855 05bc FA07     		.short	2042
 1856 05be F207     		.short	2034
 1857 05c0 F207     		.short	2034
 1858 05c2 1708     		.short	2071
 1859 05c4 F707     		.short	2039
 1860 05c6 FC07     		.short	2044
 1861 05c8 EE07     		.short	2030
 1862 05ca 3108     		.short	2097
 1863 05cc F107     		.short	2033
 1864 05ce 1608     		.short	2070
 1865 05d0 0F08     		.short	2063
 1866 05d2 0808     		.short	2056
 1867 05d4 0A08     		.short	2058
 1868 05d6 F907     		.short	2041
 1869 05d8 0108     		.short	2049
 1870 05da F307     		.short	2035
 1871 05dc 0508     		.short	2053
 1872 05de 0008     		.short	2048
 1873 05e0 FA07     		.short	2042
 1874 05e2 F007     		.short	2032
 1875 05e4 0B08     		.short	2059
 1876 05e6 FC07     		.short	2044
 1877 05e8 0108     		.short	2049
 1878 05ea FF07     		.short	2047
 1879 05ec 0208     		.short	2050
 1880 05ee 0208     		.short	2050
 1881 05f0 FD07     		.short	2045
 1882 05f2 FF07     		.short	2047
 1883 05f4 FF07     		.short	2047
 1884 05f6 FF07     		.short	2047
 1885 05f8 FF07     		.short	2047
 1886 05fa 0008     		.short	2048
 1887 05fc FD07     		.short	2045
 1888 05fe 0208     		.short	2050
 1889 0600 FA07     		.short	2042
 1890 0602 0008     		.short	2048
 1891 0604 0408     		.short	2052
 1892 0606 430A     		.short	2627
 1893 0608 D107     		.short	2001
 1894 060a 9F07     		.short	1951
 1895 060c DF07     		.short	2015
 1896 060e FB0F     		.short	4091
 1897 0610 0800     		.short	8
 1898 0612 FF0F     		.short	4095
 1899 0614 0B00     		.short	11
 1900 0616 E40F     		.short	4068
 1901 0618 D704     		.short	1239
 1902 061a F907     		.short	2041
 1903 061c E00E     		.short	3808
 1904 061e B002     		.short	688
 1905 0620 EC0F     		.short	4076
 1906 0622 2007     		.short	1824
 1907 0624 1C0D     		.short	3356
 1908 0626 A008     		.short	2208
 1909 0628 0407     		.short	1796
 1910 062a 5208     		.short	2130
 1911 062c B107     		.short	1969
ARM GAS  C:\Users\maraz\AppData\Local\Temp\ccyEBQ4t.s 			page 64


 1912 062e 5D0A     		.short	2653
 1913 0630 FB04     		.short	1275
 1914 0632 7409     		.short	2420
 1915 0634 0D07     		.short	1805
 1916 0636 5107     		.short	1873
 1917 0638 B006     		.short	1712
 1918 063a 5506     		.short	1621
 1919 063c 1F09     		.short	2335
 1920 063e 8505     		.short	1413
 1921 0640 FA09     		.short	2554
 1922 0642 B105     		.short	1457
 1923 0644 9C09     		.short	2460
 1924 0646 1807     		.short	1816
 1925 0648 9E08     		.short	2206
 1926 064a A707     		.short	1959
 1927 064c B907     		.short	1977
 1928 064e AF08     		.short	2223
 1929 0650 A306     		.short	1699
 1930 0652 3909     		.short	2361
 1931 0654 6706     		.short	1639
 1932 0656 0E09     		.short	2318
 1933 0658 6A07     		.short	1898
 1934 065a 0909     		.short	2313
 1935 065c EC07     		.short	2028
 1936 065e 4C08     		.short	2124
 1937 0660 2B08     		.short	2091
 1938 0662 C907     		.short	1993
 1939 0664 7C08     		.short	2172
 1940 0666 6F07     		.short	1903
 1941 0668 7C08     		.short	2172
 1942 066a 9E07     		.short	1950
 1943 066c 1A08     		.short	2074
 1944 066e A907     		.short	1961
 1945 0670 1208     		.short	2066
 1946 0672 FC07     		.short	2044
 1947 0674 BC07     		.short	1980
 1948 0676 4808     		.short	2120
 1949 0678 C307     		.short	1987
 1950 067a 3208     		.short	2098
 1951 067c E107     		.short	2017
 1952 067e 2B08     		.short	2091
 1953 0680 E107     		.short	2017
 1954 0682 FE07     		.short	2046
 1955 0684 2A08     		.short	2090
 1956 0686 C907     		.short	1993
 1957 0688 3408     		.short	2100
 1958 068a DB07     		.short	2011
 1959 068c 1108     		.short	2065
 1960 068e 0908     		.short	2057
 1961 0690 FA07     		.short	2042
 1962 0692 0B08     		.short	2059
 1963 0694 EA07     		.short	2026
 1964 0696 2408     		.short	2084
 1965 0698 0008     		.short	2048
 1966 069a E507     		.short	2021
 1967 069c 0408     		.short	2052
 1968 069e 1308     		.short	2067
ARM GAS  C:\Users\maraz\AppData\Local\Temp\ccyEBQ4t.s 			page 65


 1969 06a0 F007     		.short	2032
 1970 06a2 2A08     		.short	2090
 1971 06a4 0E08     		.short	2062
 1972 06a6 C607     		.short	1990
 1973 06a8 3B08     		.short	2107
 1974 06aa EC07     		.short	2028
 1975 06ac 2508     		.short	2085
 1976 06ae 1308     		.short	2067
 1977 06b0 1508     		.short	2069
 1978 06b2 F507     		.short	2037
 1979 06b4 FC07     		.short	2044
 1980 06b6 FA07     		.short	2042
 1981 06b8 E707     		.short	2023
 1982 06ba 0808     		.short	2056
 1983 06bc E007     		.short	2016
 1984 06be 0308     		.short	2051
 1985 06c0 0108     		.short	2049
 1986 06c2 1208     		.short	2066
 1987 06c4 0508     		.short	2053
 1988 06c6 FC07     		.short	2044
 1989 06c8 0B08     		.short	2059
 1990 06ca F807     		.short	2040
 1991 06cc 0108     		.short	2049
 1992 06ce FB07     		.short	2043
 1993 06d0 1008     		.short	2064
 1994 06d2 FF07     		.short	2047
 1995 06d4 F107     		.short	2033
 1996 06d6 0008     		.short	2048
 1997 06d8 FE07     		.short	2046
 1998 06da FC07     		.short	2044
 1999 06dc FE07     		.short	2046
 2000 06de 0408     		.short	2052
 2001 06e0 FA07     		.short	2042
 2002 06e2 FD07     		.short	2045
 2003 06e4 EC07     		.short	2028
 2004 06e6 F507     		.short	2037
 2005 06e8 F407     		.short	2036
 2006 06ea 0408     		.short	2052
 2007 06ec 0E08     		.short	2062
 2008 06ee 0608     		.short	2054
 2009 06f0 0A08     		.short	2058
 2010 06f2 E607     		.short	2022
 2011 06f4 EC07     		.short	2028
 2012 06f6 F107     		.short	2033
 2013 06f8 F407     		.short	2036
 2014 06fa 0B08     		.short	2059
 2015 06fc 1C08     		.short	2076
 2016 06fe 1B08     		.short	2075
 2017 0700 1308     		.short	2067
 2018 0702 FF07     		.short	2047
 2019 0704 F807     		.short	2040
 2020 0706 FE07     		.short	2046
 2021 0708 1B08     		.short	2075
 2022 070a 9507     		.short	1941
 2023 070c 2407     		.short	1828
 2024 070e E309     		.short	2531
 2025 0710 2E04     		.short	1070
ARM GAS  C:\Users\maraz\AppData\Local\Temp\ccyEBQ4t.s 			page 66


 2026 0712 5005     		.short	1360
 2027 0714 FE08     		.short	2302
 2028 0716 0A08     		.short	2058
 2029 0718 F508     		.short	2293
 2030 071a FA07     		.short	2042
 2031 071c 0D08     		.short	2061
 2032 071e 1B08     		.short	2075
 2033 0720 A008     		.short	2208
 2034 0722 FF06     		.short	1791
 2035 0724 1407     		.short	1812
 2036 0726 3609     		.short	2358
 2037 0728 4108     		.short	2113
 2038 072a 8308     		.short	2179
 2039 072c 7C08     		.short	2172
 2040 072e 2A08     		.short	2090
 2041 0730 D207     		.short	2002
 2042 0732 F607     		.short	2038
 2043 0734 BC07     		.short	1980
 2044 0736 F707     		.short	2039
 2045 0738 6507     		.short	1893
 2046 073a F107     		.short	2033
 2047 073c 0408     		.short	2052
 2048 073e DF07     		.short	2015
 2049 0740 3D08     		.short	2109
 2050 0742 0108     		.short	2049
 2051 0744 6708     		.short	2151
 2052 0746 B807     		.short	1976
 2053 0748 0008     		.short	2048
 2054 074a 4108     		.short	2113
 2055 074c B807     		.short	1976
 2056 074e B407     		.short	1972
 2057 0750 0108     		.short	2049
 2058 0752 EF07     		.short	2031
 2059 0754 F507     		.short	2037
 2060 0756 0D08     		.short	2061
 2061 0758 DD07     		.short	2013
 2062 075a 2408     		.short	2084
 2063 075c 0108     		.short	2049
 2064 075e 0008     		.short	2048
 2065 0760 0A08     		.short	2058
 2066 0762 FE07     		.short	2046
 2067 0764 FF07     		.short	2047
 2068 0766 1808     		.short	2072
 2069 0768 0008     		.short	2048
 2070 076a 0408     		.short	2052
 2071 076c F407     		.short	2036
 2072 076e FF07     		.short	2047
 2073 0770 FB07     		.short	2043
 2074 0772 0508     		.short	2053
 2075 0774 0408     		.short	2052
 2076 0776 0008     		.short	2048
 2077 0778 FB07     		.short	2043
 2078 077a FA07     		.short	2042
 2079 077c F807     		.short	2040
 2080 077e 0408     		.short	2052
 2081 0780 F707     		.short	2039
 2082 0782 FF07     		.short	2047
ARM GAS  C:\Users\maraz\AppData\Local\Temp\ccyEBQ4t.s 			page 67


 2083 0784 0308     		.short	2051
 2084 0786 BF07     		.short	1983
 2085 0788 7508     		.short	2165
 2086 078a 8508     		.short	2181
 2087 078c 6F04     		.short	1135
 2088 078e 960A     		.short	2710
 2089 0790 2D03     		.short	813
 2090 0792 1909     		.short	2329
 2091 0794 FF0F     		.short	4095
 2092 0796 FF00     		.short	255
 2093 0798 3C0A     		.short	2620
 2094 079a 0E02     		.short	526
 2095 079c 8804     		.short	1160
 2096 079e F207     		.short	2034
 2097 07a0 F407     		.short	2036
 2098 07a2 FF0F     		.short	4095
 2099 07a4 500C     		.short	3152
 2100 07a6 350B     		.short	2869
 2101 07a8 4E06     		.short	1614
 2102 07aa 0000     		.short	0
 2103 07ac 0302     		.short	515
 2104 07ae 7E04     		.short	1150
 2105 07b0 4C09     		.short	2380
 2106 07b2 BB0E     		.short	3771
 2107 07b4 430F     		.short	3907
 2108 07b6 210C     		.short	3105
 2109 07b8 7C05     		.short	1404
 2110 07ba FB03     		.short	1019
 2111 07bc 2407     		.short	1828
 2112 07be 1507     		.short	1813
 2113 07c0 AB05     		.short	1451
 2114 07c2 6B08     		.short	2155
 2115 07c4 0008     		.short	2048
 2116 07c6 B70A     		.short	2743
 2117 07c8 D309     		.short	2515
 2118 07ca FC09     		.short	2556
 2119 07cc 0E08     		.short	2062
 2120 07ce 2005     		.short	1312
 2121 07d0 C904     		.short	1225
 2122 07d2 9F04     		.short	1183
 2123 07d4 F707     		.short	2039
 2124 07d6 1D0A     		.short	2589
 2125 07d8 160D     		.short	3350
 2126 07da 250B     		.short	2853
 2127 07dc 1C08     		.short	2076
 2128 07de E004     		.short	1248
 2129 07e0 C004     		.short	1216
 2130 07e2 E106     		.short	1761
 2131 07e4 6909     		.short	2409
 2132 07e6 8B09     		.short	2443
 2133 07e8 3308     		.short	2099
 2134 07ea A407     		.short	1956
 2135 07ec D907     		.short	2009
 2136 07ee 4708     		.short	2119
 2137 07f0 5B08     		.short	2139
 2138 07f2 BE07     		.short	1982
 2139 07f4 FB06     		.short	1787
ARM GAS  C:\Users\maraz\AppData\Local\Temp\ccyEBQ4t.s 			page 68


 2140 07f6 3F07     		.short	1855
 2141 07f8 3A08     		.short	2106
 2142 07fa 5309     		.short	2387
 2143 07fc 5309     		.short	2387
 2144 07fe 0B08     		.short	2059
 2145 0800 5407     		.short	1876
 2146 0802 8906     		.short	1673
 2147 0804 1507     		.short	1813
 2148 0806 6908     		.short	2153
 2149 0808 4A09     		.short	2378
 2150 080a 9109     		.short	2449
 2151 080c 4109     		.short	2369
 2152 080e 5B09     		.short	2395
 2153 0810 B50A     		.short	2741
 2154 0812 0A00     		.short	10
 2155 0814 DB0F     		.short	4059
 2156 0816 0C00     		.short	12
 2157 0818 F70E     		.short	3831
 2158 081a E408     		.short	2276
 2159 081c B905     		.short	1465
 2160 081e A303     		.short	931
 2161 0820 1005     		.short	1296
 2162 0822 8606     		.short	1670
 2163 0824 CC07     		.short	1996
 2164 0826 BD0E     		.short	3773
 2165 0828 FF0F     		.short	4095
 2166 082a F409     		.short	2548
 2167 082c 2109     		.short	2337
 2168 082e 0000     		.short	0
 2169 0830 0800     		.short	8
 2170 0832 3C07     		.short	1852
 2171 0834 FC09     		.short	2556
 2172 0836 D70A     		.short	2775
 2173 0838 1D0D     		.short	3357
 2174 083a 720D     		.short	3442
 2175 083c 5C08     		.short	2140
 2176 083e 0A02     		.short	522
 2177 0840 DF05     		.short	1503
 2178 0842 CE08     		.short	2254
 2179 0844 7508     		.short	2165
 2180 0846 BD07     		.short	1981
 2181 0848 2E08     		.short	2094
 2182 084a E508     		.short	2277
 2183 084c C508     		.short	2245
 2184 084e 8808     		.short	2184
 2185 0850 3B08     		.short	2107
 2186 0852 DE04     		.short	1246
 2187 0854 6905     		.short	1385
 2188 0856 B007     		.short	1968
 2189 0858 C109     		.short	2497
 2190 085a 9E0A     		.short	2718
 2191 085c 4709     		.short	2375
 2192 085e FA09     		.short	2554
 2193 0860 3307     		.short	1843
 2194 0862 AB05     		.short	1451
 2195 0864 5405     		.short	1364
 2196 0866 2307     		.short	1827
ARM GAS  C:\Users\maraz\AppData\Local\Temp\ccyEBQ4t.s 			page 69


 2197 0868 4508     		.short	2117
 2198 086a 860A     		.short	2694
 2199 086c 7109     		.short	2417
 2200 086e 0408     		.short	2052
 2201 0870 2707     		.short	1831
 2202 0872 8707     		.short	1927
 2203 0874 4B08     		.short	2123
 2204 0876 F107     		.short	2033
 2205 0878 4C07     		.short	1868
 2206 087a 5207     		.short	1874
 2207 087c A607     		.short	1958
 2208 087e 2608     		.short	2086
 2209 0880 6E09     		.short	2414
 2210 0882 A809     		.short	2472
 2211 0884 EC08     		.short	2284
 2212 0886 CB06     		.short	1739
 2213 0888 AB05     		.short	1451
 2214 088a F306     		.short	1779
 2215 088c 5508     		.short	2133
 2216 088e 7709     		.short	2423
 2217 0890 7809     		.short	2424
 2218 0892 2809     		.short	2344
 2219 0894 8407     		.short	1924
 2220 0896 8906     		.short	1673
 2221 0898 CC06     		.short	1740
 2222 089a 3C08     		.short	2108
 2223 089c D308     		.short	2259
 2224 089e 7608     		.short	2166
 2225 08a0 C107     		.short	1985
 2226 08a2 4F07     		.short	1871
 2227 08a4 8807     		.short	1928
 2228 08a6 9908     		.short	2201
 2229 08a8 F408     		.short	2292
 2230 08aa 7008     		.short	2160
 2231 08ac 7E07     		.short	1918
 2232 08ae 1007     		.short	1808
 2233 08b0 4307     		.short	1859
 2234 08b2 F707     		.short	2039
 2235 08b4 B408     		.short	2228
 2236 08b6 E008     		.short	2272
 2237 08b8 7F08     		.short	2175
 2238 08ba F207     		.short	2034
 2239 08bc 8007     		.short	1920
 2240 08be 4407     		.short	1860
 2241 08c0 C507     		.short	1989
 2242 08c2 5808     		.short	2136
 2243 08c4 7908     		.short	2169
 2244 08c6 2C08     		.short	2092
 2245 08c8 B307     		.short	1971
 2246 08ca A707     		.short	1959
 2247 08cc 0C08     		.short	2060
 2248 08ce 4D08     		.short	2125
 2249 08d0 4508     		.short	2117
 2250 08d2 0908     		.short	2057
 2251 08d4 BC07     		.short	1980
 2252 08d6 A407     		.short	1956
 2253 08d8 D807     		.short	2008
ARM GAS  C:\Users\maraz\AppData\Local\Temp\ccyEBQ4t.s 			page 70


 2254 08da 3708     		.short	2103
 2255 08dc 3F08     		.short	2111
 2256 08de 1C08     		.short	2076
 2257 08e0 0D08     		.short	2061
 2258 08e2 EA07     		.short	2026
 2259 08e4 C607     		.short	1990
 2260 08e6 CF07     		.short	1999
 2261 08e8 F007     		.short	2032
 2262 08ea 1008     		.short	2064
 2263 08ec 3E08     		.short	2110
 2264 08ee 4608     		.short	2118
 2265 08f0 1F08     		.short	2079
 2266 08f2 D407     		.short	2004
 2267 08f4 B807     		.short	1976
 2268 08f6 D007     		.short	2000
 2269 08f8 FF07     		.short	2047
 2270 08fa 1F08     		.short	2079
 2271 08fc 2708     		.short	2087
 2272 08fe 0A08     		.short	2058
 2273 0900 FA07     		.short	2042
 2274 0902 F107     		.short	2033
 2275 0904 0808     		.short	2056
 2276 0906 1708     		.short	2071
 2277 0908 DC08     		.short	2268
 2278 090a D807     		.short	2008
 2279 090c 2707     		.short	1831
 2280 090e 4E08     		.short	2126
 2281 0910 E308     		.short	2275
 2282 0912 F207     		.short	2034
 2283 0914 4A09     		.short	2378
 2284 0916 0408     		.short	2052
 2285 0918 4507     		.short	1861
 2286 091a 110A     		.short	2577
 2287 091c BF06     		.short	1727
 2288 091e 5A07     		.short	1882
 2289 0920 3109     		.short	2353
 2290 0922 1C09     		.short	2332
 2291 0924 B007     		.short	1968
 2292 0926 C207     		.short	1986
 2293 0928 F907     		.short	2041
 2294 092a F707     		.short	2039
 2295 092c E907     		.short	2025
 2296 092e 0108     		.short	2049
 2297 0930 4F08     		.short	2127
 2298 0932 F207     		.short	2034
 2299 0934 3A08     		.short	2106
 2300 0936 B307     		.short	1971
 2301 0938 F407     		.short	2036
 2302 093a 0208     		.short	2050
 2303 093c 3308     		.short	2099
 2304 093e 1F08     		.short	2079
 2305 0940 3E08     		.short	2110
 2306 0942 AF07     		.short	1967
 2307 0944 2508     		.short	2085
 2308 0946 C207     		.short	1986
 2309 0948 0A08     		.short	2058
 2310 094a 1208     		.short	2066
ARM GAS  C:\Users\maraz\AppData\Local\Temp\ccyEBQ4t.s 			page 71


 2311 094c C007     		.short	1984
 2312 094e DB07     		.short	2011
 2313 0950 DA07     		.short	2010
 2314 0952 0C08     		.short	2060
 2315 0954 2008     		.short	2080
 2316 0956 F507     		.short	2037
 2317 0958 0408     		.short	2052
 2318 095a 0708     		.short	2055
 2319 095c F507     		.short	2037
 2320 095e 0008     		.short	2048
 2321 0960 F807     		.short	2040
 2322 0962 0D08     		.short	2061
 2323 0964 0608     		.short	2054
 2324 0966 F807     		.short	2040
 2325 0968 EB07     		.short	2027
 2326 096a FE07     		.short	2046
 2327 096c FB07     		.short	2043
 2328 096e 1E08     		.short	2078
 2329 0970 1808     		.short	2072
 2330 0972 0508     		.short	2053
 2331 0974 F207     		.short	2034
 2332 0976 EC07     		.short	2028
 2333 0978 F607     		.short	2038
 2334 097a 0508     		.short	2053
 2335 097c 0D08     		.short	2061
 2336 097e 0E08     		.short	2062
 2337 0980 F207     		.short	2034
 2338 0982 FA07     		.short	2042
 2339 0984 F407     		.short	2036
 2340 0986 FC07     		.short	2044
 2341 0988 2708     		.short	2087
 2342 098a 2B08     		.short	2091
 2343 098c D707     		.short	2007
 2344 098e 0F08     		.short	2063
 2345 0990 0008     		.short	2048
 2346 0992 DE07     		.short	2014
 2347 0994 4A08     		.short	2122
 2348 0996 0308     		.short	2051
 2349 0998 EF07     		.short	2031
 2350 099a DC07     		.short	2012
 2351 099c EC07     		.short	2028
 2352 099e F207     		.short	2034
 2353 09a0 0B08     		.short	2059
 2354 09a2 1208     		.short	2066
 2355 09a4 4208     		.short	2114
 2356 09a6 3608     		.short	2102
 2357 09a8 1708     		.short	2071
 2358 09aa 0508     		.short	2053
 2359 09ac 0D08     		.short	2061
 2360 09ae CB07     		.short	1995
 2361 09b0 1F08     		.short	2079
 2362 09b2 EA07     		.short	2026
 2363 09b4 DC07     		.short	2012
 2364 09b6 3108     		.short	2097
 2365 09b8 2A08     		.short	2090
 2366 09ba 2E08     		.short	2094
 2367 09bc E007     		.short	2016
ARM GAS  C:\Users\maraz\AppData\Local\Temp\ccyEBQ4t.s 			page 72


 2368 09be 2F08     		.short	2095
 2369 09c0 EC07     		.short	2028
 2370 09c2 F807     		.short	2040
 2371 09c4 3E08     		.short	2110
 2372 09c6 BB07     		.short	1979
 2373 09c8 1D08     		.short	2077
 2374 09ca F807     		.short	2040
 2375 09cc 3908     		.short	2105
 2376 09ce ED07     		.short	2029
 2377 09d0 0C08     		.short	2060
 2378 09d2 EE07     		.short	2030
 2379 09d4 F207     		.short	2034
 2380 09d6 F007     		.short	2032
 2381 09d8 EE07     		.short	2030
 2382 09da 0608     		.short	2054
 2383 09dc FB07     		.short	2043
 2384 09de FE07     		.short	2046
 2385 09e0 FE07     		.short	2046
 2386 09e2 0308     		.short	2051
 2387 09e4 FE07     		.short	2046
 2388 09e6 0008     		.short	2048
 2389 09e8 0208     		.short	2050
 2390 09ea FF07     		.short	2047
 2391 09ec FD07     		.short	2045
 2392 09ee 0208     		.short	2050
 2393 09f0 0008     		.short	2048
 2394 09f2 FC07     		.short	2044
 2395 09f4 FE07     		.short	2046
 2396 09f6 0008     		.short	2048
 2397 09f8 0208     		.short	2050
 2398 09fa 0208     		.short	2050
 2399 09fc 0108     		.short	2049
 2400 09fe FD07     		.short	2045
 2401 0a00 0908     		.short	2057
 2402 0a02 0008     		.short	2048
 2403 0a04 EF07     		.short	2031
 2404 0a06 F207     		.short	2034
 2405 0a08 0F07     		.short	1807
 2406 0a0a F50F     		.short	4085
 2407 0a0c 1600     		.short	22
 2408 0a0e FF0F     		.short	4095
 2409 0a10 0800     		.short	8
 2410 0a12 EE0F     		.short	4078
 2411 0a14 BE00     		.short	190
 2412 0a16 1709     		.short	2327
 2413 0a18 950C     		.short	3221
 2414 0a1a CF06     		.short	1743
 2415 0a1c 9A0C     		.short	3226
 2416 0a1e B808     		.short	2232
 2417 0a20 2D09     		.short	2349
 2418 0a22 C605     		.short	1478
 2419 0a24 8605     		.short	1414
 2420 0a26 1006     		.short	1552
 2421 0a28 9907     		.short	1945
 2422 0a2a E609     		.short	2534
 2423 0a2c 0004     		.short	1024
 2424 0a2e 9C09     		.short	2460
ARM GAS  C:\Users\maraz\AppData\Local\Temp\ccyEBQ4t.s 			page 73


 2425 0a30 1A07     		.short	1818
 2426 0a32 1C09     		.short	2332
 2427 0a34 B007     		.short	1968
 2428 0a36 C307     		.short	1987
 2429 0a38 D209     		.short	2514
 2430 0a3a 6506     		.short	1637
 2431 0a3c 4F07     		.short	1871
 2432 0a3e B504     		.short	1205
 2433 0a40 750A     		.short	2677
 2434 0a42 1306     		.short	1555
 2435 0a44 3A08     		.short	2106
 2436 0a46 E305     		.short	1507
 2437 0a48 0E08     		.short	2062
 2438 0a4a B507     		.short	1973
 2439 0a4c 4B07     		.short	1867
 2440 0a4e D109     		.short	2513
 2441 0a50 0B07     		.short	1803
 2442 0a52 5E09     		.short	2398
 2443 0a54 B606     		.short	1718
 2444 0a56 4709     		.short	2375
 2445 0a58 4B07     		.short	1867
 2446 0a5a C308     		.short	2243
 2447 0a5c 8607     		.short	1926
 2448 0a5e 5A08     		.short	2138
 2449 0a60 4408     		.short	2116
 2450 0a62 5F07     		.short	1887
 2451 0a64 7108     		.short	2161
 2452 0a66 8007     		.short	1920
 2453 0a68 5408     		.short	2132
 2454 0a6a C307     		.short	1987
 2455 0a6c 3C08     		.short	2108
 2456 0a6e BE07     		.short	1982
 2457 0a70 EC07     		.short	2028
 2458 0a72 2608     		.short	2086
 2459 0a74 DC07     		.short	2012
 2460 0a76 4308     		.short	2115
 2461 0a78 D807     		.short	2008
 2462 0a7a 2808     		.short	2088
 2463 0a7c F107     		.short	2033
 2464 0a7e 3A08     		.short	2106
 2465 0a80 2308     		.short	2083
 2466 0a82 EB07     		.short	2027
 2467 0a84 0408     		.short	2052
 2468 0a86 C007     		.short	1984
 2469 0a88 F407     		.short	2036
 2470 0a8a E507     		.short	2021
 2471 0a8c 3108     		.short	2097
 2472 0a8e 0A08     		.short	2058
 2473 0a90 1F08     		.short	2079
 2474 0a92 4C08     		.short	2124
 2475 0a94 E007     		.short	2016
 2476 0a96 E407     		.short	2020
 2477 0a98 C807     		.short	1992
 2478 0a9a 1708     		.short	2071
 2479 0a9c BF07     		.short	1983
 2480 0a9e E807     		.short	2024
 2481 0aa0 E807     		.short	2024
ARM GAS  C:\Users\maraz\AppData\Local\Temp\ccyEBQ4t.s 			page 74


 2482 0aa2 FC07     		.short	2044
 2483 0aa4 0008     		.short	2048
 2484 0aa6 F207     		.short	2034
 2485 0aa8 2208     		.short	2082
 2486 0aaa 1008     		.short	2064
 2487 0aac 1708     		.short	2071
 2488 0aae D507     		.short	2005
 2489 0ab0 F807     		.short	2040
 2490 0ab2 EE07     		.short	2030
 2491 0ab4 F607     		.short	2038
 2492 0ab6 0608     		.short	2054
 2493 0ab8 0108     		.short	2049
 2494 0aba 0108     		.short	2049
 2495 0abc FB07     		.short	2043
 2496 0abe 1E08     		.short	2078
 2497 0ac0 0408     		.short	2052
 2498 0ac2 1308     		.short	2067
 2499 0ac4 0A08     		.short	2058
 2500 0ac6 0308     		.short	2051
 2501 0ac8 0B08     		.short	2059
 2502 0aca EC07     		.short	2028
 2503 0acc 0008     		.short	2048
 2504 0ace FC07     		.short	2044
 2505 0ad0 FA07     		.short	2042
 2506 0ad2 F307     		.short	2035
 2507 0ad4 0908     		.short	2057
 2508 0ad6 0008     		.short	2048
 2509 0ad8 FF07     		.short	2047
 2510 0ada 0108     		.short	2049
 2511 0adc 0408     		.short	2052
 2512 0ade 0508     		.short	2053
 2513 0ae0 0108     		.short	2049
 2514 0ae2 FD07     		.short	2045
 2515 0ae4 0708     		.short	2055
 2516 0ae6 FE07     		.short	2046
 2517 0ae8 FE07     		.short	2046
 2518 0aea FA07     		.short	2042
 2519 0aec F807     		.short	2040
 2520 0aee FE07     		.short	2046
 2521 0af0 F807     		.short	2040
 2522 0af2 FB07     		.short	2043
 2523 0af4 FC07     		.short	2044
 2524 0af6 0608     		.short	2054
 2525 0af8 0708     		.short	2055
 2526 0afa 0208     		.short	2050
 2527 0afc F507     		.short	2037
 2528 0afe 0808     		.short	2056
 2529 0b00 F507     		.short	2037
 2530 0b02 F007     		.short	2032
 2531 0b04 0008     		.short	2048
 2532 0b06 4F09     		.short	2383
 2533 0b08 200B     		.short	2848
 2534 0b0a 0300     		.short	3
 2535 0b0c E30F     		.short	4067
 2536 0b0e 0000     		.short	0
 2537 0b10 EB0F     		.short	4075
 2538 0b12 1C06     		.short	1564
ARM GAS  C:\Users\maraz\AppData\Local\Temp\ccyEBQ4t.s 			page 75


 2539 0b14 4208     		.short	2114
 2540 0b16 7301     		.short	371
 2541 0b18 CD06     		.short	1741
 2542 0b1a 8F05     		.short	1423
 2543 0b1c 2B0A     		.short	2603
 2544 0b1e 0D0E     		.short	3597
 2545 0b20 ED0F     		.short	4077
 2546 0b22 6409     		.short	2404
 2547 0b24 9607     		.short	1942
 2548 0b26 0200     		.short	2
 2549 0b28 2101     		.short	289
 2550 0b2a 170A     		.short	2583
 2551 0b2c 2E0A     		.short	2606
 2552 0b2e 380D     		.short	3384
 2553 0b30 340B     		.short	2868
 2554 0b32 BB0E     		.short	3771
 2555 0b34 0505     		.short	1285
 2556 0b36 6102     		.short	609
 2557 0b38 C805     		.short	1480
 2558 0b3a B709     		.short	2487
 2559 0b3c F208     		.short	2290
 2560 0b3e 3008     		.short	2096
 2561 0b40 1C09     		.short	2332
 2562 0b42 6808     		.short	2152
 2563 0b44 DE07     		.short	2014
 2564 0b46 1308     		.short	2067
 2565 0b48 8607     		.short	1926
 2566 0b4a 9103     		.short	913
 2567 0b4c 5506     		.short	1621
 2568 0b4e DC08     		.short	2268
 2569 0b50 8C0C     		.short	3212
 2570 0b52 DF09     		.short	2527
 2571 0b54 C209     		.short	2498
 2572 0b56 C608     		.short	2246
 2573 0b58 E506     		.short	1765
 2574 0b5a 1105     		.short	1297
 2575 0b5c DC05     		.short	1500
 2576 0b5e A907     		.short	1961
 2577 0b60 4609     		.short	2374
 2578 0b62 EB0A     		.short	2795
 2579 0b64 C409     		.short	2500
 2580 0b66 7C07     		.short	1916
 2581 0b68 D406     		.short	1748
 2582 0b6a 6E07     		.short	1902
 2583 0b6c 5008     		.short	2128
 2584 0b6e F906     		.short	1785
 2585 0b70 BC06     		.short	1724
 2586 0b72 D507     		.short	2005
 2587 0b74 2009     		.short	2336
 2588 0b76 C209     		.short	2498
 2589 0b78 000A     		.short	2560
 2590 0b7a 3008     		.short	2096
 2591 0b7c C306     		.short	1731
 2592 0b7e 7305     		.short	1395
 2593 0b80 BA06     		.short	1722
 2594 0b82 4C08     		.short	2124
 2595 0b84 D309     		.short	2515
ARM GAS  C:\Users\maraz\AppData\Local\Temp\ccyEBQ4t.s 			page 76


 2596 0b86 9208     		.short	2194
 2597 0b88 C807     		.short	1992
 2598 0b8a 5107     		.short	1873
 2599 0b8c EB07     		.short	2027
 2600 0b8e 8708     		.short	2183
 2601 0b90 3308     		.short	2099
 2602 0b92 CA08     		.short	2250
 2603 0b94 C307     		.short	1987
 2604 0b96 9F06     		.short	1695
 2605 0b98 D406     		.short	1748
 2606 0b9a F107     		.short	2033
 2607 0b9c 4D09     		.short	2381
 2608 0b9e B309     		.short	2483
 2609 0ba0 A508     		.short	2213
 2610 0ba2 4207     		.short	1858
 2611 0ba4 ED05     		.short	1517
 2612 0ba6 2B07     		.short	1835
 2613 0ba8 3408     		.short	2100
 2614 0baa B208     		.short	2226
 2615 0bac B408     		.short	2228
 2616 0bae 0A08     		.short	2058
 2617 0bb0 6107     		.short	1889
 2618 0bb2 9207     		.short	1938
 2619 0bb4 2708     		.short	2087
 2620 0bb6 1B08     		.short	2075
 2621 0bb8 7408     		.short	2164
 2622 0bba 8708     		.short	2183
 2623 0bbc 0E08     		.short	2062
 2624 0bbe AF07     		.short	1967
 2625 0bc0 A007     		.short	1952
 2626 0bc2 4308     		.short	2115
 2627 0bc4 C708     		.short	2247
 2628 0bc6 6F08     		.short	2159
 2629 0bc8 AF07     		.short	1967
 2630 0bca 9B07     		.short	1947
 2631 0bcc AB07     		.short	1963
 2632 0bce F007     		.short	2032
 2633 0bd0 2B08     		.short	2091
 2634 0bd2 2F08     		.short	2095
 2635 0bd4 0008     		.short	2048
 2636 0bd6 E307     		.short	2019
 2637 0bd8 A607     		.short	1958
 2638 0bda EA07     		.short	2026
 2639 0bdc 2608     		.short	2086
 2640 0bde EA07     		.short	2026
 2641 0be0 4208     		.short	2114
 2642 0be2 2408     		.short	2084
 2643 0be4 1808     		.short	2072
 2644 0be6 D807     		.short	2008
 2645 0be8 EA07     		.short	2026
 2646 0bea BE07     		.short	1982
 2647 0bec 1008     		.short	2064
 2648 0bee 3708     		.short	2103
 2649 0bf0 2708     		.short	2087
 2650 0bf2 4708     		.short	2119
 2651 0bf4 F207     		.short	2034
 2652 0bf6 C507     		.short	1989
ARM GAS  C:\Users\maraz\AppData\Local\Temp\ccyEBQ4t.s 			page 77


 2653 0bf8 C407     		.short	1988
 2654 0bfa FD07     		.short	2045
 2655 0bfc E607     		.short	2022
 2656 0bfe 1208     		.short	2066
 2657 0c00 0608     		.short	2054
 2658 0c02 0108     		.short	2049
 2659 0c04 5808     		.short	2136
 2660 0c06 E108     		.short	2273
 2661 0c08 7907     		.short	1913
 2662 0c0a A807     		.short	1960
 2663 0c0c B708     		.short	2231
 2664 0c0e 9B07     		.short	1947
 2665 0c10 A908     		.short	2217
 2666 0c12 0907     		.short	1801
 2667 0c14 4F08     		.short	2127
 2668 0c16 2B09     		.short	2347
 2669 0c18 C707     		.short	1991
 2670 0c1a 3D09     		.short	2365
 2671 0c1c 7707     		.short	1911
 2672 0c1e 7E06     		.short	1662
 2673 0c20 3C07     		.short	1852
 2674 0c22 DB08     		.short	2267
 2675 0c24 A307     		.short	1955
 2676 0c26 C807     		.short	1992
 2677 0c28 4F08     		.short	2127
 2678 0c2a DA07     		.short	2010
 2679 0c2c A407     		.short	1956
 2680 0c2e 1708     		.short	2071
 2681 0c30 A007     		.short	1952
 2682 0c32 1107     		.short	1809
 2683 0c34 7708     		.short	2167
 2684 0c36 E607     		.short	2022
 2685 0c38 3508     		.short	2101
 2686 0c3a A707     		.short	1959
 2687 0c3c 5B08     		.short	2139
 2688 0c3e 6607     		.short	1894
 2689 0c40 2F08     		.short	2095
 2690 0c42 C807     		.short	1992
 2691 0c44 E707     		.short	2023
 2692 0c46 E007     		.short	2016
 2693 0c48 CD07     		.short	1997
 2694 0c4a DF07     		.short	2015
 2695 0c4c 0908     		.short	2057
 2696 0c4e DE07     		.short	2014
 2697 0c50 1908     		.short	2073
 2698 0c52 0A08     		.short	2058
 2699 0c54 F407     		.short	2036
 2700 0c56 2B08     		.short	2091
 2701 0c58 FE07     		.short	2046
 2702 0c5a 0908     		.short	2057
 2703 0c5c F907     		.short	2041
 2704 0c5e 0B08     		.short	2059
 2705 0c60 0F08     		.short	2063
 2706 0c62 1B08     		.short	2075
 2707 0c64 EA07     		.short	2026
 2708 0c66 FC07     		.short	2044
 2709 0c68 E307     		.short	2019
ARM GAS  C:\Users\maraz\AppData\Local\Temp\ccyEBQ4t.s 			page 78


 2710 0c6a 0608     		.short	2054
 2711 0c6c 0E08     		.short	2062
 2712 0c6e 1508     		.short	2069
 2713 0c70 FB07     		.short	2043
 2714 0c72 F407     		.short	2036
 2715 0c74 FD07     		.short	2045
 2716 0c76 FE07     		.short	2046
 2717 0c78 0708     		.short	2055
 2718 0c7a 0B08     		.short	2059
 2719 0c7c FC07     		.short	2044
 2720 0c7e F807     		.short	2040
 2721 0c80 E507     		.short	2021
 2722 0c82 1F08     		.short	2079
 2723 0c84 2508     		.short	2085
 2724 0c86 F907     		.short	2041
 2725 0c88 F707     		.short	2039
 2726 0c8a 5A08     		.short	2138
 2727 0c8c B007     		.short	1968
 2728 0c8e FF07     		.short	2047
 2729 0c90 0608     		.short	2054
 2730 0c92 1D08     		.short	2077
 2731 0c94 1308     		.short	2067
 2732 0c96 1608     		.short	2070
 2733 0c98 F407     		.short	2036
 2734 0c9a 3608     		.short	2102
 2735 0c9c F607     		.short	2038
 2736 0c9e FF07     		.short	2047
 2737 0ca0 0008     		.short	2048
 2738 0ca2 0008     		.short	2048
 2739 0ca4 FF07     		.short	2047
 2740 0ca6 1808     		.short	2072
 2741 0ca8 1308     		.short	2067
 2742 0caa 0A08     		.short	2058
 2743 0cac FF07     		.short	2047
 2744 0cae 0008     		.short	2048
 2745 0cb0 0608     		.short	2054
 2746 0cb2 FB07     		.short	2043
 2747 0cb4 0408     		.short	2052
 2748 0cb6 F707     		.short	2039
 2749 0cb8 F807     		.short	2040
 2750 0cba 1708     		.short	2071
 2751 0cbc 0C08     		.short	2060
 2752 0cbe 0E08     		.short	2062
 2753 0cc0 0308     		.short	2051
 2754 0cc2 FD07     		.short	2045
 2755 0cc4 F907     		.short	2041
 2756 0cc6 F807     		.short	2040
 2757 0cc8 ED07     		.short	2029
 2758 0cca 0208     		.short	2050
 2759 0ccc 0608     		.short	2054
 2760 0cce 0008     		.short	2048
 2761 0cd0 0208     		.short	2050
 2762 0cd2 FF07     		.short	2047
 2763 0cd4 0108     		.short	2049
 2764 0cd6 FD07     		.short	2045
 2765 0cd8 0508     		.short	2053
 2766 0cda FB07     		.short	2043
ARM GAS  C:\Users\maraz\AppData\Local\Temp\ccyEBQ4t.s 			page 79


 2767 0cdc F807     		.short	2040
 2768 0cde F707     		.short	2039
 2769 0ce0 FD07     		.short	2045
 2770 0ce2 FD07     		.short	2045
 2771 0ce4 0308     		.short	2051
 2772 0ce6 0008     		.short	2048
 2773 0ce8 0308     		.short	2051
 2774 0cea 0208     		.short	2050
 2775 0cec 0308     		.short	2051
 2776 0cee 0208     		.short	2050
 2777 0cf0 0108     		.short	2049
 2778 0cf2 FF07     		.short	2047
 2779 0cf4 FA07     		.short	2042
 2780 0cf6 FC07     		.short	2044
 2781 0cf8 FE07     		.short	2046
 2782 0cfa 0408     		.short	2052
 2783 0cfc 0508     		.short	2053
 2784 0cfe 0508     		.short	2053
 2785 0d00 0108     		.short	2049
 2786 0d02 F907     		.short	2041
 2787 0d04 FC07     		.short	2044
 2788 0d06 2008     		.short	2080
 2789 0d08 9C08     		.short	2204
 2790 0d0a 8004     		.short	1152
 2791 0d0c 0A06     		.short	1546
 2792 0d0e 2706     		.short	1575
 2793 0d10 6409     		.short	2404
 2794 0d12 3205     		.short	1330
 2795 0d14 2B0F     		.short	3883
 2796 0d16 AC03     		.short	940
 2797 0d18 2508     		.short	2085
 2798 0d1a E601     		.short	486
 2799 0d1c B405     		.short	1460
 2800 0d1e 7207     		.short	1906
 2801 0d20 CF0C     		.short	3279
 2802 0d22 FC0F     		.short	4092
 2803 0d24 180C     		.short	3096
 2804 0d26 8708     		.short	2183
 2805 0d28 3B01     		.short	315
 2806 0d2a 0000     		.short	0
 2807 0d2c 4E05     		.short	1358
 2808 0d2e 340A     		.short	2612
 2809 0d30 340A     		.short	2612
 2810 0d32 800D     		.short	3456
 2811 0d34 E60C     		.short	3302
 2812 0d36 0D0B     		.short	2829
 2813 0d38 2602     		.short	550
 2814 0d3a C704     		.short	1223
 2815 0d3c ED07     		.short	2029
 2816 0d3e 4209     		.short	2370
 2817 0d40 2307     		.short	1827
 2818 0d42 9208     		.short	2194
 2819 0d44 A308     		.short	2211
 2820 0d46 4309     		.short	2371
 2821 0d48 5F08     		.short	2143
 2822 0d4a 9208     		.short	2194
 2823 0d4c 0D06     		.short	1549
ARM GAS  C:\Users\maraz\AppData\Local\Temp\ccyEBQ4t.s 			page 80


 2824 0d4e A404     		.short	1188
 2825 0d50 5F07     		.short	1887
 2826 0d52 1609     		.short	2326
 2827 0d54 F20A     		.short	2802
 2828 0d56 4109     		.short	2369
 2829 0d58 050A     		.short	2565
 2830 0d5a ED07     		.short	2029
 2831 0d5c 0406     		.short	1540
 2832 0d5e 1505     		.short	1301
 2833 0d60 BF06     		.short	1727
 2834 0d62 DA07     		.short	2010
 2835 0d64 240A     		.short	2596
 2836 0d66 EC09     		.short	2540
 2837 0d68 5208     		.short	2130
 2838 0d6a 5207     		.short	1874
 2839 0d6c 6C07     		.short	1900
 2840 0d6e 0B08     		.short	2059
 2841 0d70 4108     		.short	2113
 2842 0d72 4B07     		.short	1867
 2843 0d74 6307     		.short	1891
 2844 0d76 7407     		.short	1908
 2845 0d78 FC07     		.short	2044
 2846 0d7a 0709     		.short	2311
 2847 0d7c 7709     		.short	2423
 2848 0d7e 3609     		.short	2358
 2849 0d80 2007     		.short	1824
 2850 0d82 8C05     		.short	1420
 2851 0d84 4C06     		.short	1612
 2852 0d86 EC07     		.short	2028
 2853 0d88 4909     		.short	2377
 2854 0d8a 9009     		.short	2448
 2855 0d8c 1609     		.short	2326
 2856 0d8e 1508     		.short	2069
 2857 0d90 B906     		.short	1721
 2858 0d92 A706     		.short	1703
 2859 0d94 DA07     		.short	2010
 2860 0d96 C708     		.short	2247
 2861 0d98 9F08     		.short	2207
 2862 0d9a F707     		.short	2039
 2863 0d9c 7207     		.short	1906
 2864 0d9e 5407     		.short	1876
 2865 0da0 6508     		.short	2149
 2866 0da2 F908     		.short	2297
 2867 0da4 8708     		.short	2183
 2868 0da6 B807     		.short	1976
 2869 0da8 1E07     		.short	1822
 2870 0daa 1907     		.short	1817
 2871 0dac B707     		.short	1975
 2872 0dae 8708     		.short	2183
 2873 0db0 E208     		.short	2274
 2874 0db2 A308     		.short	2211
 2875 0db4 0908     		.short	2057
 2876 0db6 9007     		.short	1936
 2877 0db8 3F07     		.short	1855
 2878 0dba 9C07     		.short	1948
 2879 0dbc 3E08     		.short	2110
 2880 0dbe 8608     		.short	2182
ARM GAS  C:\Users\maraz\AppData\Local\Temp\ccyEBQ4t.s 			page 81


 2881 0dc0 4008     		.short	2112
 2882 0dc2 CE07     		.short	1998
 2883 0dc4 9F07     		.short	1951
 2884 0dc6 EC07     		.short	2028
 2885 0dc8 4908     		.short	2121
 2886 0dca 5008     		.short	2128
 2887 0dcc 1F08     		.short	2079
 2888 0dce CA07     		.short	1994
 2889 0dd0 A407     		.short	1956
 2890 0dd2 CD07     		.short	1997
 2891 0dd4 2408     		.short	2084
 2892 0dd6 4808     		.short	2120
 2893 0dd8 2008     		.short	2080
 2894 0dda 1408     		.short	2068
 2895 0ddc F207     		.short	2034
 2896 0dde CE07     		.short	1998
 2897 0de0 CE07     		.short	1998
 2898 0de2 E307     		.short	2019
 2899 0de4 FF07     		.short	2047
 2900 0de6 3208     		.short	2098
 2901 0de8 4C08     		.short	2124
 2902 0dea 2B08     		.short	2091
 2903 0dec DF07     		.short	2015
 2904 0dee BC07     		.short	1980
 2905 0df0 C607     		.short	1990
 2906 0df2 F007     		.short	2032
 2907 0df4 1808     		.short	2072
 2908 0df6 2708     		.short	2087
 2909 0df8 1408     		.short	2068
 2910 0dfa 0108     		.short	2049
 2911 0dfc EC07     		.short	2028
 2912 0dfe FF07     		.short	2047
 2913 0e00 1F08     		.short	2079
 2914 0e02 FC07     		.short	2044
 2915 0e04 7401     		.short	372
 2916 0e06 3908     		.short	2105
 2917 0e08 D001     		.short	464
 2918 0e0a F30E     		.short	3827
 2919 0e0c 0700     		.short	7
 2920 0e0e FF0F     		.short	4095
 2921 0e10 7900     		.short	121
 2922 0e12 AB0F     		.short	4011
 2923 0e14 3D03     		.short	829
 2924 0e16 5F07     		.short	1887
 2925 0e18 360D     		.short	3382
 2926 0e1a B006     		.short	1712
 2927 0e1c 2E0C     		.short	3118
 2928 0e1e 3905     		.short	1337
 2929 0e20 8F0D     		.short	3471
 2930 0e22 F307     		.short	2035
 2931 0e24 7407     		.short	1908
 2932 0e26 4207     		.short	1858
 2933 0e28 A106     		.short	1697
 2934 0e2a 3F09     		.short	2367
 2935 0e2c 8B06     		.short	1675
 2936 0e2e CA07     		.short	1994
 2937 0e30 4F07     		.short	1871
ARM GAS  C:\Users\maraz\AppData\Local\Temp\ccyEBQ4t.s 			page 82


 2938 0e32 E006     		.short	1760
 2939 0e34 C607     		.short	1990
 2940 0e36 6807     		.short	1896
 2941 0e38 3A09     		.short	2362
 2942 0e3a 8406     		.short	1668
 2943 0e3c A009     		.short	2464
 2944 0e3e A605     		.short	1446
 2945 0e40 9B09     		.short	2459
 2946 0e42 7306     		.short	1651
 2947 0e44 3409     		.short	2356
 2948 0e46 E707     		.short	2023
 2949 0e48 6F07     		.short	1903
 2950 0e4a F608     		.short	2294
 2951 0e4c 0807     		.short	1800
 2952 0e4e 2309     		.short	2339
 2953 0e50 1407     		.short	1812
 2954 0e52 0A09     		.short	2314
 2955 0e54 1E07     		.short	1822
 2956 0e56 E308     		.short	2275
 2957 0e58 8407     		.short	1924
 2958 0e5a 4808     		.short	2120
 2959 0e5c 2808     		.short	2088
 2960 0e5e C707     		.short	1991
 2961 0e60 6108     		.short	2145
 2962 0e62 7807     		.short	1912
 2963 0e64 5408     		.short	2132
 2964 0e66 8F07     		.short	1935
 2965 0e68 6408     		.short	2148
 2966 0e6a 9C07     		.short	1948
 2967 0e6c 3508     		.short	2101
 2968 0e6e F707     		.short	2039
 2969 0e70 D507     		.short	2005
 2970 0e72 3208     		.short	2098
 2971 0e74 E107     		.short	2017
 2972 0e76 3F08     		.short	2111
 2973 0e78 CF07     		.short	1999
 2974 0e7a 3A08     		.short	2106
 2975 0e7c F407     		.short	2036
 2976 0e7e F607     		.short	2038
 2977 0e80 0708     		.short	2055
 2978 0e82 E007     		.short	2016
 2979 0e84 1E08     		.short	2078
 2980 0e86 ED07     		.short	2029
 2981 0e88 FE07     		.short	2046
 2982 0e8a FE07     		.short	2046
 2983 0e8c 1A08     		.short	2074
 2984 0e8e 0F08     		.short	2063
 2985 0e90 FD07     		.short	2045
 2986 0e92 EB07     		.short	2027
 2987 0e94 F407     		.short	2036
 2988 0e96 0608     		.short	2054
 2989 0e98 B707     		.short	1975
 2990 0e9a 1E08     		.short	2078
 2991 0e9c 0308     		.short	2051
 2992 0e9e E807     		.short	2024
 2993 0ea0 0A08     		.short	2058
 2994 0ea2 E607     		.short	2022
ARM GAS  C:\Users\maraz\AppData\Local\Temp\ccyEBQ4t.s 			page 83


 2995 0ea4 0A08     		.short	2058
 2996 0ea6 1F08     		.short	2079
 2997 0ea8 FC07     		.short	2044
 2998 0eaa E907     		.short	2025
 2999 0eac 0C08     		.short	2060
 3000 0eae FD07     		.short	2045
 3001 0eb0 FB07     		.short	2043
 3002 0eb2 FD07     		.short	2045
 3003 0eb4 ED07     		.short	2029
 3004 0eb6 0608     		.short	2054
 3005 0eb8 FC07     		.short	2044
 3006 0eba 1E08     		.short	2078
 3007 0ebc EC07     		.short	2028
 3008 0ebe 0D08     		.short	2061
 3009 0ec0 F507     		.short	2037
 3010 0ec2 0108     		.short	2049
 3011 0ec4 FC07     		.short	2044
 3012 0ec6 1008     		.short	2064
 3013 0ec8 FB07     		.short	2043
 3014 0eca EF07     		.short	2031
 3015 0ecc 1308     		.short	2067
 3016 0ece FB07     		.short	2043
 3017 0ed0 0008     		.short	2048
 3018 0ed2 FB07     		.short	2043
 3019 0ed4 0708     		.short	2055
 3020 0ed6 1208     		.short	2066
 3021 0ed8 1008     		.short	2064
 3022 0eda 0008     		.short	2048
 3023 0edc EF07     		.short	2031
 3024 0ede E707     		.short	2023
 3025 0ee0 F307     		.short	2035
 3026 0ee2 0F08     		.short	2063
 3027 0ee4 1008     		.short	2064
 3028 0ee6 1208     		.short	2066
 3029 0ee8 F707     		.short	2039
 3030 0eea E907     		.short	2025
 3031 0eec EC07     		.short	2028
 3032 0eee EE07     		.short	2030
 3033 0ef0 FA07     		.short	2042
 3034 0ef2 FE07     		.short	2046
 3035 0ef4 1908     		.short	2073
 3036 0ef6 0E08     		.short	2062
 3037 0ef8 0F08     		.short	2063
 3038 0efa F007     		.short	2032
 3039 0efc F407     		.short	2036
 3040 0efe F407     		.short	2036
 3041 0f00 1B07     		.short	1819
 3042 0f02 9107     		.short	1937
 3043 0f04 6B07     		.short	1899
 3044 0f06 A709     		.short	2471
 3045 0f08 4704     		.short	1095
 3046 0f0a A405     		.short	1444
 3047 0f0c 6E0A     		.short	2670
 3048 0f0e 3D08     		.short	2109
 3049 0f10 7005     		.short	1392
 3050 0f12 E609     		.short	2534
 3051 0f14 FA08     		.short	2298
ARM GAS  C:\Users\maraz\AppData\Local\Temp\ccyEBQ4t.s 			page 84


 3052 0f16 3308     		.short	2099
 3053 0f18 0309     		.short	2307
 3054 0f1a F907     		.short	2041
 3055 0f1c 9B07     		.short	1947
 3056 0f1e 8707     		.short	1927
 3057 0f20 2909     		.short	2345
 3058 0f22 5907     		.short	1881
 3059 0f24 CA08     		.short	2250
 3060 0f26 2D08     		.short	2093
 3061 0f28 6508     		.short	2149
 3062 0f2a 9C07     		.short	1948
 3063 0f2c 6308     		.short	2147
 3064 0f2e FA07     		.short	2042
 3065 0f30 6108     		.short	2145
 3066 0f32 D107     		.short	2001
 3067 0f34 B308     		.short	2227
 3068 0f36 2C08     		.short	2092
 3069 0f38 4B08     		.short	2123
 3070 0f3a D707     		.short	2007
 3071 0f3c 2808     		.short	2088
 3072 0f3e 0B08     		.short	2059
 3073 0f40 D707     		.short	2007
 3074 0f42 0308     		.short	2051
 3075 0f44 EC07     		.short	2028
 3076 0f46 EC07     		.short	2028
 3077 0f48 1608     		.short	2070
 3078 0f4a 0308     		.short	2051
 3079 0f4c 0408     		.short	2052
 3080 0f4e 1108     		.short	2065
 3081 0f50 EC07     		.short	2028
 3082 0f52 0608     		.short	2054
 3083 0f54 E407     		.short	2020
 3084 0f56 1508     		.short	2069
 3085 0f58 0A08     		.short	2058
 3086 0f5a FE07     		.short	2046
 3087 0f5c FF07     		.short	2047
 3088 0f5e 0A08     		.short	2058
 3089 0f60 FF07     		.short	2047
 3090 0f62 0508     		.short	2053
 3091 0f64 0308     		.short	2051
 3092 0f66 0608     		.short	2054
 3093 0f68 0408     		.short	2052
 3094 0f6a FC07     		.short	2044
 3095 0f6c 0B08     		.short	2059
 3096 0f6e FF07     		.short	2047
 3097 0f70 0708     		.short	2055
 3098 0f72 F907     		.short	2041
 3099 0f74 FD07     		.short	2045
 3100 0f76 F707     		.short	2039
 3101 0f78 0508     		.short	2053
 3102 0f7a FC07     		.short	2044
 3103 0f7c 0108     		.short	2049
 3104 0f7e DB07     		.short	2011
 3105 0f80 1508     		.short	2069
 3106 0f82 150B     		.short	2837
 3107 0f84 6A04     		.short	1130
 3108 0f86 F50E     		.short	3829
ARM GAS  C:\Users\maraz\AppData\Local\Temp\ccyEBQ4t.s 			page 85


 3109 0f88 1000     		.short	16
 3110 0f8a FF0F     		.short	4095
 3111 0f8c 6606     		.short	1638
 3112 0f8e 8307     		.short	1923
 3113 0f90 B006     		.short	1712
 3114 0f92 4B01     		.short	331
 3115 0f94 D307     		.short	2003
 3116 0f96 F205     		.short	1522
 3117 0f98 4C0D     		.short	3404
 3118 0f9a FF0F     		.short	4095
 3119 0f9c 5C0A     		.short	2652
 3120 0f9e 5C0B     		.short	2908
 3121 0fa0 1901     		.short	281
 3122 0fa2 0100     		.short	1
 3123 0fa4 5203     		.short	850
 3124 0fa6 0F06     		.short	1551
 3125 0fa8 A20B     		.short	2978
 3126 0faa E00F     		.short	4064
 3127 0fac 490E     		.short	3657
 3128 0fae C809     		.short	2504
 3129 0fb0 D903     		.short	985
 3130 0fb2 0105     		.short	1281
 3131 0fb4 D807     		.short	2008
 3132 0fb6 8105     		.short	1409
 3133 0fb8 1707     		.short	1815
 3134 0fba C507     		.short	1989
 3135 0fbc 7A09     		.short	2426
 3136 0fbe 6A0A     		.short	2666
 3137 0fc0 EA09     		.short	2538
 3138 0fc2 9109     		.short	2449
 3139 0fc4 7C06     		.short	1660
 3140 0fc6 FB04     		.short	1275
 3141 0fc8 7B04     		.short	1147
 3142 0fca 9205     		.short	1426
 3143 0fcc D908     		.short	2265
 3144 0fce 4C0B     		.short	2892
 3145 0fd0 EE0C     		.short	3310
 3146 0fd2 130A     		.short	2579
 3147 0fd4 B406     		.short	1716
 3148 0fd6 7E04     		.short	1150
 3149 0fd8 5305     		.short	1363
 3150 0fda 1708     		.short	2071
 3151 0fdc A409     		.short	2468
 3152 0fde 2709     		.short	2343
 3153 0fe0 BA07     		.short	1978
 3154 0fe2 BD07     		.short	1981
 3155 0fe4 FC07     		.short	2044
 3156 0fe6 5C08     		.short	2140
 3157 0fe8 4408     		.short	2116
 3158 0fea 4E07     		.short	1870
 3159 0fec 0007     		.short	1792
 3160 0fee 9707     		.short	1943
 3161 0ff0 AA08     		.short	2218
 3162 0ff2 9909     		.short	2457
 3163 0ff4 C808     		.short	2248
 3164 0ff6 C207     		.short	1986
 3165 0ff8 0007     		.short	1792
ARM GAS  C:\Users\maraz\AppData\Local\Temp\ccyEBQ4t.s 			page 86


 3166 0ffa A600     		.short	166
 3167 0ffc 00000000 		.space	4098
 3167      00000000 
 3167      00000000 
 3167      00000000 
 3167      00000000 
 3168              		.global	Guitar_LUT
 3169              		.section	.data.Guitar_LUT,"aw"
 3170              		.align	2
 3173              	Guitar_LUT:
 3174 0000 0008     		.short	2048
 3175 0002 0008     		.short	2048
 3176 0004 0008     		.short	2048
 3177 0006 0008     		.short	2048
 3178 0008 0008     		.short	2048
 3179 000a 0008     		.short	2048
 3180 000c 0008     		.short	2048
 3181 000e 0008     		.short	2048
 3182 0010 0008     		.short	2048
 3183 0012 0008     		.short	2048
 3184 0014 0008     		.short	2048
 3185 0016 5B08     		.short	2139
 3186 0018 2E08     		.short	2094
 3187 001a EC07     		.short	2028
 3188 001c 6E08     		.short	2158
 3189 001e 1E07     		.short	1822
 3190 0020 CC08     		.short	2252
 3191 0022 B305     		.short	1459
 3192 0024 E408     		.short	2276
 3193 0026 ED06     		.short	1773
 3194 0028 9008     		.short	2192
 3195 002a 9C07     		.short	1948
 3196 002c 1508     		.short	2069
 3197 002e 2D09     		.short	2349
 3198 0030 8D08     		.short	2189
 3199 0032 0509     		.short	2309
 3200 0034 4D08     		.short	2125
 3201 0036 B909     		.short	2489
 3202 0038 C908     		.short	2249
 3203 003a 2509     		.short	2341
 3204 003c 5D08     		.short	2141
 3205 003e 2C09     		.short	2348
 3206 0040 E007     		.short	2016
 3207 0042 E008     		.short	2272
 3208 0044 1307     		.short	1811
 3209 0046 6E08     		.short	2158
 3210 0048 FB06     		.short	1787
 3211 004a 2308     		.short	2083
 3212 004c 1106     		.short	1553
 3213 004e E707     		.short	2023
 3214 0050 2B06     		.short	1579
 3215 0052 DD07     		.short	2013
 3216 0054 2B06     		.short	1579
 3217 0056 DE07     		.short	2014
 3218 0058 3907     		.short	1849
 3219 005a E807     		.short	2024
 3220 005c 2F08     		.short	2095
ARM GAS  C:\Users\maraz\AppData\Local\Temp\ccyEBQ4t.s 			page 87


 3221 005e 0308     		.short	2051
 3222 0060 D508     		.short	2261
 3223 0062 9408     		.short	2196
 3224 0064 3209     		.short	2354
 3225 0066 6108     		.short	2145
 3226 0068 7809     		.short	2424
 3227 006a 6A08     		.short	2154
 3228 006c 4F09     		.short	2383
 3229 006e 0B08     		.short	2059
 3230 0070 0609     		.short	2310
 3231 0072 8B07     		.short	1931
 3232 0074 CF08     		.short	2255
 3233 0076 F606     		.short	1782
 3234 0078 4508     		.short	2117
 3235 007a A406     		.short	1700
 3236 007c 1108     		.short	2065
 3237 007e 4206     		.short	1602
 3238 0080 B407     		.short	1972
 3239 0082 7706     		.short	1655
 3240 0084 C407     		.short	1988
 3241 0086 BC06     		.short	1724
 3242 0088 0E08     		.short	2062
 3243 008a 5307     		.short	1875
 3244 008c 4608     		.short	2118
 3245 008e 1A08     		.short	2074
 3246 0090 9E08     		.short	2206
 3247 0092 7608     		.short	2166
 3248 0094 C908     		.short	2249
 3249 0096 E808     		.short	2280
 3250 0098 A508     		.short	2213
 3251 009a 0909     		.short	2313
 3252 009c 7C08     		.short	2172
 3253 009e ED08     		.short	2285
 3254 00a0 2508     		.short	2085
 3255 00a2 9E08     		.short	2206
 3256 00a4 9607     		.short	1942
 3257 00a6 5608     		.short	2134
 3258 00a8 3A07     		.short	1850
 3259 00aa 0308     		.short	2051
 3260 00ac BC06     		.short	1724
 3261 00ae DB07     		.short	2011
 3262 00b0 8606     		.short	1670
 3263 00b2 BE07     		.short	1982
 3264 00b4 AC06     		.short	1708
 3265 00b6 D807     		.short	2008
 3266 00b8 FA06     		.short	1786
 3267 00ba 3408     		.short	2100
 3268 00bc 7007     		.short	1904
 3269 00be 8408     		.short	2180
 3270 00c0 1308     		.short	2067
 3271 00c2 D908     		.short	2265
 3272 00c4 6708     		.short	2151
 3273 00c6 D408     		.short	2260
 3274 00c8 D108     		.short	2257
 3275 00ca CC08     		.short	2252
 3276 00cc D108     		.short	2257
 3277 00ce 8108     		.short	2177
ARM GAS  C:\Users\maraz\AppData\Local\Temp\ccyEBQ4t.s 			page 88


 3278 00d0 9D08     		.short	2205
 3279 00d2 3008     		.short	2096
 3280 00d4 5508     		.short	2133
 3281 00d6 8607     		.short	1926
 3282 00d8 1108     		.short	2065
 3283 00da 3807     		.short	1848
 3284 00dc CB07     		.short	1995
 3285 00de C406     		.short	1732
 3286 00e0 B907     		.short	1977
 3287 00e2 AE06     		.short	1710
 3288 00e4 BA07     		.short	1978
 3289 00e6 E006     		.short	1760
 3290 00e8 F507     		.short	2037
 3291 00ea 1D07     		.short	1821
 3292 00ec 6808     		.short	2152
 3293 00ee A007     		.short	1952
 3294 00f0 B208     		.short	2226
 3295 00f2 1A08     		.short	2074
 3296 00f4 0109     		.short	2305
 3297 00f6 6308     		.short	2147
 3298 00f8 F408     		.short	2292
 3299 00fa AF08     		.short	2223
 3300 00fc C508     		.short	2245
 3301 00fe A008     		.short	2208
 3302 0100 7908     		.short	2169
 3303 0102 6208     		.short	2146
 3304 0104 1C08     		.short	2076
 3305 0106 1808     		.short	2072
 3306 0108 7207     		.short	1906
 3307 010a D707     		.short	2007
 3308 010c 1D07     		.short	1821
 3309 010e B307     		.short	1971
 3310 0110 C406     		.short	1732
 3311 0112 B007     		.short	1968
 3312 0114 D206     		.short	1746
 3313 0116 E107     		.short	2017
 3314 0118 0307     		.short	1795
 3315 011a 2F08     		.short	2095
 3316 011c 3F07     		.short	1855
 3317 011e 9C08     		.short	2204
 3318 0120 C307     		.short	1987
 3319 0122 DC08     		.short	2268
 3320 0124 2508     		.short	2085
 3321 0126 0F09     		.short	2319
 3322 0128 6808     		.short	2152
 3323 012a E108     		.short	2273
 3324 012c 7808     		.short	2168
 3325 012e CB08     		.short	2251
 3326 0130 A008     		.short	2208
 3327 0132 2608     		.short	2086
 3328 0134 7508     		.short	2165
 3329 0136 0708     		.short	2055
 3330 0138 7B09     		.short	2427
 3331 013a 5206     		.short	1618
 3332 013c C507     		.short	1989
 3333 013e 5F07     		.short	1887
 3334 0140 7507     		.short	1909
ARM GAS  C:\Users\maraz\AppData\Local\Temp\ccyEBQ4t.s 			page 89


 3335 0142 6C07     		.short	1900
 3336 0144 DD06     		.short	1757
 3337 0146 3707     		.short	1847
 3338 0148 C507     		.short	1989
 3339 014a 5607     		.short	1878
 3340 014c B808     		.short	2232
 3341 014e F006     		.short	1776
 3342 0150 2409     		.short	2340
 3343 0152 D107     		.short	2001
 3344 0154 0D09     		.short	2317
 3345 0156 BA08     		.short	2234
 3346 0158 7908     		.short	2169
 3347 015a 7E08     		.short	2174
 3348 015c 1909     		.short	2329
 3349 015e BB08     		.short	2235
 3350 0160 3809     		.short	2360
 3351 0162 4707     		.short	1863
 3352 0164 5608     		.short	2134
 3353 0166 6B08     		.short	2155
 3354 0168 2108     		.short	2081
 3355 016a 0808     		.short	2056
 3356 016c 7806     		.short	1656
 3357 016e E007     		.short	2016
 3358 0170 9207     		.short	1938
 3359 0172 B207     		.short	1970
 3360 0174 2307     		.short	1827
 3361 0176 5007     		.short	1872
 3362 0178 0C07     		.short	1804
 3363 017a AA08     		.short	2218
 3364 017c 0F07     		.short	1807
 3365 017e 1009     		.short	2320
 3366 0180 F306     		.short	1779
 3367 0182 B908     		.short	2233
 3368 0184 7D08     		.short	2173
 3369 0186 F508     		.short	2293
 3370 0188 C208     		.short	2242
 3371 018a 3508     		.short	2101
 3372 018c 3608     		.short	2102
 3373 018e 7609     		.short	2422
 3374 0190 6208     		.short	2146
 3375 0192 B808     		.short	2232
 3376 0194 6D07     		.short	1901
 3377 0196 0D08     		.short	2061
 3378 0198 5108     		.short	2129
 3379 019a 8307     		.short	1923
 3380 019c 1008     		.short	2064
 3381 019e AA06     		.short	1706
 3382 01a0 2607     		.short	1830
 3383 01a2 7807     		.short	1912
 3384 01a4 3F08     		.short	2111
 3385 01a6 FD06     		.short	1789
 3386 01a8 4905     		.short	1353
 3387 01aa 1906     		.short	1561
 3388 01ac 1807     		.short	1816
 3389 01ae 5A03     		.short	858
 3390 01b0 5A08     		.short	2138
 3391 01b2 7E06     		.short	1662
ARM GAS  C:\Users\maraz\AppData\Local\Temp\ccyEBQ4t.s 			page 90


 3392 01b4 B50D     		.short	3509
 3393 01b6 D109     		.short	2513
 3394 01b8 4D0D     		.short	3405
 3395 01ba 9507     		.short	1941
 3396 01bc 0D02     		.short	525
 3397 01be 8904     		.short	1161
 3398 01c0 3409     		.short	2356
 3399 01c2 F80B     		.short	3064
 3400 01c4 060A     		.short	2566
 3401 01c6 DC0A     		.short	2780
 3402 01c8 EB04     		.short	1259
 3403 01ca 7504     		.short	1141
 3404 01cc 9D04     		.short	1181
 3405 01ce F408     		.short	2292
 3406 01d0 9909     		.short	2457
 3407 01d2 690A     		.short	2665
 3408 01d4 010B     		.short	2817
 3409 01d6 EA04     		.short	1258
 3410 01d8 8503     		.short	901
 3411 01da B405     		.short	1460
 3412 01dc 1C09     		.short	2332
 3413 01de 0F0A     		.short	2575
 3414 01e0 9107     		.short	1937
 3415 01e2 7009     		.short	2416
 3416 01e4 8307     		.short	1923
 3417 01e6 B307     		.short	1971
 3418 01e8 9E07     		.short	1950
 3419 01ea 1309     		.short	2323
 3420 01ec 470A     		.short	2631
 3421 01ee 840A     		.short	2692
 3422 01f0 7E08     		.short	2174
 3423 01f2 8406     		.short	1668
 3424 01f4 1E06     		.short	1566
 3425 01f6 F809     		.short	2552
 3426 01f8 F308     		.short	2291
 3427 01fa 2008     		.short	2080
 3428 01fc DF06     		.short	1759
 3429 01fe 6506     		.short	1637
 3430 0200 5606     		.short	1622
 3431 0202 BB06     		.short	1723
 3432 0204 BA07     		.short	1978
 3433 0206 330A     		.short	2611
 3434 0208 7209     		.short	2418
 3435 020a 4107     		.short	1857
 3436 020c 3A07     		.short	1850
 3437 020e 6504     		.short	1125
 3438 0210 9C08     		.short	2204
 3439 0212 8F08     		.short	2191
 3440 0214 930A     		.short	2707
 3441 0216 A608     		.short	2214
 3442 0218 0409     		.short	2308
 3443 021a 2108     		.short	2081
 3444 021c E006     		.short	1760
 3445 021e 9907     		.short	1945
 3446 0220 8508     		.short	2181
 3447 0222 A808     		.short	2216
 3448 0224 6C08     		.short	2156
ARM GAS  C:\Users\maraz\AppData\Local\Temp\ccyEBQ4t.s 			page 91


 3449 0226 CC07     		.short	1996
 3450 0228 1B07     		.short	1819
 3451 022a 8B07     		.short	1931
 3452 022c 1008     		.short	2064
 3453 022e 5A08     		.short	2138
 3454 0230 0708     		.short	2055
 3455 0232 B507     		.short	1973
 3456 0234 D807     		.short	2008
 3457 0236 C707     		.short	1991
 3458 0238 0E08     		.short	2062
 3459 023a 2108     		.short	2081
 3460 023c 5108     		.short	2129
 3461 023e 5C08     		.short	2140
 3462 0240 0208     		.short	2050
 3463 0242 FE07     		.short	2046
 3464 0244 C607     		.short	1990
 3465 0246 0508     		.short	2053
 3466 0248 1308     		.short	2067
 3467 024a 2E08     		.short	2094
 3468 024c 4208     		.short	2114
 3469 024e ED07     		.short	2029
 3470 0250 E007     		.short	2016
 3471 0252 A707     		.short	1959
 3472 0254 BB07     		.short	1979
 3473 0256 0608     		.short	2054
 3474 0258 F607     		.short	2038
 3475 025a 3408     		.short	2100
 3476 025c F107     		.short	2033
 3477 025e DF07     		.short	2015
 3478 0260 B707     		.short	1975
 3479 0262 F507     		.short	2037
 3480 0264 0108     		.short	2049
 3481 0266 4208     		.short	2114
 3482 0268 3B08     		.short	2107
 3483 026a 2D08     		.short	2093
 3484 026c D907     		.short	2009
 3485 026e D607     		.short	2006
 3486 0270 0E08     		.short	2062
 3487 0272 2408     		.short	2084
 3488 0274 3608     		.short	2102
 3489 0276 2508     		.short	2085
 3490 0278 FA07     		.short	2042
 3491 027a 0008     		.short	2048
 3492 027c C607     		.short	1990
 3493 027e E307     		.short	2019
 3494 0280 0808     		.short	2056
 3495 0282 0108     		.short	2049
 3496 0284 2608     		.short	2086
 3497 0286 D707     		.short	2007
 3498 0288 DB07     		.short	2011
 3499 028a BD07     		.short	1981
 3500 028c E907     		.short	2025
 3501 028e 0908     		.short	2057
 3502 0290 FC07     		.short	2044
 3503 0292 1008     		.short	2064
 3504 0294 FE07     		.short	2046
 3505 0296 F807     		.short	2040
ARM GAS  C:\Users\maraz\AppData\Local\Temp\ccyEBQ4t.s 			page 92


 3506 0298 E607     		.short	2022
 3507 029a F407     		.short	2036
 3508 029c 1D08     		.short	2077
 3509 029e 1C08     		.short	2076
 3510 02a0 2C08     		.short	2092
 3511 02a2 1F08     		.short	2079
 3512 02a4 0C08     		.short	2060
 3513 02a6 F307     		.short	2035
 3514 02a8 F907     		.short	2041
 3515 02aa 0F08     		.short	2063
 3516 02ac 1908     		.short	2073
 3517 02ae 1E08     		.short	2078
 3518 02b0 F307     		.short	2035
 3519 02b2 F407     		.short	2036
 3520 02b4 D607     		.short	2006
 3521 02b6 F507     		.short	2037
 3522 02b8 DC07     		.short	2012
 3523 02ba 0B08     		.short	2059
 3524 02bc F407     		.short	2036
 3525 02be F307     		.short	2035
 3526 02c0 FB07     		.short	2043
 3527 02c2 CA07     		.short	1994
 3528 02c4 0A08     		.short	2058
 3529 02c6 E707     		.short	2023
 3530 02c8 F007     		.short	2032
 3531 02ca 1508     		.short	2069
 3532 02cc 1108     		.short	2065
 3533 02ce 3508     		.short	2101
 3534 02d0 F407     		.short	2036
 3535 02d2 0D08     		.short	2061
 3536 02d4 0308     		.short	2051
 3537 02d6 FC07     		.short	2044
 3538 02d8 0208     		.short	2050
 3539 02da 2508     		.short	2085
 3540 02dc 1F08     		.short	2079
 3541 02de 2A08     		.short	2090
 3542 02e0 D207     		.short	2002
 3543 02e2 DF07     		.short	2015
 3544 02e4 ED07     		.short	2029
 3545 02e6 F107     		.short	2033
 3546 02e8 1008     		.short	2064
 3547 02ea EF07     		.short	2031
 3548 02ec 0808     		.short	2056
 3549 02ee D807     		.short	2008
 3550 02f0 DC07     		.short	2012
 3551 02f2 F907     		.short	2041
 3552 02f4 F007     		.short	2032
 3553 02f6 0208     		.short	2050
 3554 02f8 1508     		.short	2069
 3555 02fa F707     		.short	2039
 3556 02fc 1808     		.short	2072
 3557 02fe EF07     		.short	2031
 3558 0300 0D08     		.short	2061
 3559 0302 1308     		.short	2067
 3560 0304 0308     		.short	2051
 3561 0306 3808     		.short	2104
 3562 0308 F407     		.short	2036
ARM GAS  C:\Users\maraz\AppData\Local\Temp\ccyEBQ4t.s 			page 93


 3563 030a FB07     		.short	2043
 3564 030c 0908     		.short	2057
 3565 030e 0108     		.short	2049
 3566 0310 1A08     		.short	2074
 3567 0312 EE07     		.short	2030
 3568 0314 FC07     		.short	2044
 3569 0316 0308     		.short	2051
 3570 0318 CE07     		.short	1998
 3571 031a 0A08     		.short	2058
 3572 031c C907     		.short	1993
 3573 031e E707     		.short	2023
 3574 0320 5E08     		.short	2142
 3575 0322 E906     		.short	1769
 3576 0324 AD08     		.short	2221
 3577 0326 EB05     		.short	1515
 3578 0328 4009     		.short	2368
 3579 032a CC07     		.short	1996
 3580 032c 9908     		.short	2201
 3581 032e 9A07     		.short	1946
 3582 0330 E906     		.short	1769
 3583 0332 0E09     		.short	2318
 3584 0334 7C07     		.short	1916
 3585 0336 C408     		.short	2244
 3586 0338 F706     		.short	1783
 3587 033a F907     		.short	2041
 3588 033c 9B08     		.short	2203
 3589 033e A007     		.short	1952
 3590 0340 2B08     		.short	2091
 3591 0342 A607     		.short	1958
 3592 0344 BA07     		.short	1978
 3593 0346 9F08     		.short	2207
 3594 0348 5207     		.short	1874
 3595 034a E707     		.short	2023
 3596 034c 0108     		.short	2049
 3597 034e 5107     		.short	1873
 3598 0350 A808     		.short	2216
 3599 0352 4F07     		.short	1871
 3600 0354 BC08     		.short	2236
 3601 0356 BC07     		.short	1980
 3602 0358 5907     		.short	1881
 3603 035a 4108     		.short	2113
 3604 035c C607     		.short	1990
 3605 035e 6408     		.short	2148
 3606 0360 3908     		.short	2105
 3607 0362 A407     		.short	1956
 3608 0364 9008     		.short	2192
 3609 0366 8807     		.short	1928
 3610 0368 FE07     		.short	2046
 3611 036a 6008     		.short	2144
 3612 036c A107     		.short	1953
 3613 036e FD08     		.short	2301
 3614 0370 7C07     		.short	1916
 3615 0372 2208     		.short	2082
 3616 0374 0A08     		.short	2058
 3617 0376 A007     		.short	1952
 3618 0378 A808     		.short	2216
 3619 037a 9007     		.short	1936
ARM GAS  C:\Users\maraz\AppData\Local\Temp\ccyEBQ4t.s 			page 94


 3620 037c 0608     		.short	2054
 3621 037e 3608     		.short	2102
 3622 0380 A907     		.short	1961
 3623 0382 7508     		.short	2165
 3624 0384 6607     		.short	1894
 3625 0386 D907     		.short	2009
 3626 0388 9308     		.short	2195
 3627 038a D807     		.short	2008
 3628 038c CC08     		.short	2252
 3629 038e 3C07     		.short	1852
 3630 0390 9507     		.short	1941
 3631 0392 6408     		.short	2148
 3632 0394 E007     		.short	2016
 3633 0396 9908     		.short	2201
 3634 0398 7507     		.short	1909
 3635 039a 0008     		.short	2048
 3636 039c 2908     		.short	2089
 3637 039e D807     		.short	2008
 3638 03a0 2508     		.short	2085
 3639 03a2 C707     		.short	1991
 3640 03a4 0D08     		.short	2061
 3641 03a6 1708     		.short	2071
 3642 03a8 F207     		.short	2034
 3643 03aa 2308     		.short	2083
 3644 03ac DC07     		.short	2012
 3645 03ae F407     		.short	2036
 3646 03b0 FD07     		.short	2045
 3647 03b2 F107     		.short	2033
 3648 03b4 1A08     		.short	2074
 3649 03b6 F507     		.short	2037
 3650 03b8 0A08     		.short	2058
 3651 03ba F907     		.short	2041
 3652 03bc F007     		.short	2032
 3653 03be 1108     		.short	2065
 3654 03c0 F307     		.short	2035
 3655 03c2 0608     		.short	2054
 3656 03c4 0908     		.short	2057
 3657 03c6 F607     		.short	2038
 3658 03c8 0F08     		.short	2063
 3659 03ca F107     		.short	2033
 3660 03cc F607     		.short	2038
 3661 03ce 0E08     		.short	2062
 3662 03d0 EE07     		.short	2030
 3663 03d2 1608     		.short	2070
 3664 03d4 F207     		.short	2034
 3665 03d6 0008     		.short	2048
 3666 03d8 0808     		.short	2056
 3667 03da EA07     		.short	2026
 3668 03dc 1308     		.short	2067
 3669 03de FC07     		.short	2044
 3670 03e0 0408     		.short	2052
 3671 03e2 0C08     		.short	2060
 3672 03e4 F107     		.short	2033
 3673 03e6 0908     		.short	2057
 3674 03e8 F507     		.short	2037
 3675 03ea FE07     		.short	2046
 3676 03ec 1208     		.short	2066
ARM GAS  C:\Users\maraz\AppData\Local\Temp\ccyEBQ4t.s 			page 95


 3677 03ee F207     		.short	2034
 3678 03f0 0D08     		.short	2061
 3679 03f2 F007     		.short	2032
 3680 03f4 FF07     		.short	2047
 3681 03f6 0308     		.short	2051
 3682 03f8 FA07     		.short	2042
 3683 03fa 0108     		.short	2049
 3684 03fc FE07     		.short	2046
 3685 03fe FB07     		.short	2043
 3686 0400 0408     		.short	2052
 3687 0402 0008     		.short	2048
 3688 0404 F907     		.short	2041
 3689 0406 0308     		.short	2051
 3690 0408 F807     		.short	2040
 3691 040a 0708     		.short	2055
 3692 040c FF07     		.short	2047
 3693 040e FD07     		.short	2045
 3694 0410 0408     		.short	2052
 3695 0412 9708     		.short	2199
 3696 0414 0407     		.short	1796
 3697 0416 530B     		.short	2899
 3698 0418 BA06     		.short	1722
 3699 041a F80A     		.short	2808
 3700 041c B206     		.short	1714
 3701 041e 8609     		.short	2438
 3702 0420 9F07     		.short	1951
 3703 0422 4F08     		.short	2127
 3704 0424 3006     		.short	1584
 3705 0426 E307     		.short	2019
 3706 0428 E707     		.short	2023
 3707 042a 3307     		.short	1843
 3708 042c 0308     		.short	2051
 3709 042e 3007     		.short	1840
 3710 0430 DF09     		.short	2527
 3711 0432 4E07     		.short	1870
 3712 0434 500A     		.short	2640
 3713 0436 5206     		.short	1618
 3714 0438 D509     		.short	2517
 3715 043a 9D06     		.short	1693
 3716 043c 1109     		.short	2321
 3717 043e C005     		.short	1472
 3718 0440 BC08     		.short	2236
 3719 0442 C306     		.short	1731
 3720 0444 0C08     		.short	2060
 3721 0446 1807     		.short	1816
 3722 0448 E407     		.short	2020
 3723 044a E008     		.short	2272
 3724 044c AB07     		.short	1963
 3725 044e 190A     		.short	2585
 3726 0450 E306     		.short	1763
 3727 0452 F509     		.short	2549
 3728 0454 2F07     		.short	1839
 3729 0456 4C09     		.short	2380
 3730 0458 1906     		.short	1561
 3731 045a 9F08     		.short	2207
 3732 045c F506     		.short	1781
 3733 045e B807     		.short	1976
ARM GAS  C:\Users\maraz\AppData\Local\Temp\ccyEBQ4t.s 			page 96


 3734 0460 A707     		.short	1959
 3735 0462 6A07     		.short	1898
 3736 0464 F508     		.short	2293
 3737 0466 5C07     		.short	1884
 3738 0468 F609     		.short	2550
 3739 046a FE06     		.short	1790
 3740 046c E409     		.short	2532
 3741 046e 3307     		.short	1843
 3742 0470 5109     		.short	2385
 3743 0472 4206     		.short	1602
 3744 0474 B408     		.short	2228
 3745 0476 BB06     		.short	1723
 3746 0478 D407     		.short	2004
 3747 047a 3907     		.short	1849
 3748 047c 7C07     		.short	1916
 3749 047e 7608     		.short	2166
 3750 0480 7507     		.short	1909
 3751 0482 9E09     		.short	2462
 3752 0484 0C07     		.short	1804
 3753 0486 E309     		.short	2531
 3754 0488 6F07     		.short	1903
 3755 048a 6909     		.short	2409
 3756 048c A106     		.short	1697
 3757 048e BC08     		.short	2236
 3758 0490 ED06     		.short	1773
 3759 0492 F307     		.short	2035
 3760 0494 2C07     		.short	1836
 3761 0496 8B07     		.short	1931
 3762 0498 5708     		.short	2135
 3763 049a 7307     		.short	1907
 3764 049c 8609     		.short	2438
 3765 049e 0F07     		.short	1807
 3766 04a0 E309     		.short	2531
 3767 04a2 6907     		.short	1897
 3768 04a4 5809     		.short	2392
 3769 04a6 B006     		.short	1712
 3770 04a8 CC08     		.short	2252
 3771 04aa 0B07     		.short	1803
 3772 04ac F407     		.short	2036
 3773 04ae 1F07     		.short	1823
 3774 04b0 8607     		.short	1926
 3775 04b2 2108     		.short	2081
 3776 04b4 5607     		.short	1878
 3777 04b6 3609     		.short	2358
 3778 04b8 E606     		.short	1766
 3779 04ba 060A     		.short	2566
 3780 04bc 5907     		.short	1881
 3781 04be 8109     		.short	2433
 3782 04c0 B206     		.short	1714
 3783 04c2 E808     		.short	2280
 3784 04c4 0E07     		.short	1806
 3785 04c6 1708     		.short	2071
 3786 04c8 3307     		.short	1843
 3787 04ca AF07     		.short	1967
 3788 04cc 0008     		.short	2048
 3789 04ce 7607     		.short	1910
 3790 04d0 F208     		.short	2290
ARM GAS  C:\Users\maraz\AppData\Local\Temp\ccyEBQ4t.s 			page 97


 3791 04d2 1E07     		.short	1822
 3792 04d4 C809     		.short	2504
 3793 04d6 7507     		.short	1909
 3794 04d8 8B09     		.short	2443
 3795 04da D506     		.short	1749
 3796 04dc 1809     		.short	2328
 3797 04de F106     		.short	1777
 3798 04e0 2008     		.short	2080
 3799 04e2 3107     		.short	1841
 3800 04e4 B307     		.short	1971
 3801 04e6 0808     		.short	2056
 3802 04e8 6B07     		.short	1899
 3803 04ea CE08     		.short	2254
 3804 04ec 1507     		.short	1813
 3805 04ee A209     		.short	2466
 3806 04f0 7A07     		.short	1914
 3807 04f2 6909     		.short	2409
 3808 04f4 F406     		.short	1780
 3809 04f6 3A09     		.short	2362
 3810 04f8 F306     		.short	1779
 3811 04fa 3908     		.short	2105
 3812 04fc 1507     		.short	1813
 3813 04fe BD07     		.short	1981
 3814 0500 FF07     		.short	2047
 3815 0502 5907     		.short	1881
 3816 0504 C908     		.short	2249
 3817 0506 1B07     		.short	1819
 3818 0508 9009     		.short	2448
 3819 050a 7607     		.short	1910
 3820 050c 4809     		.short	2376
 3821 050e 0607     		.short	1798
 3822 0510 4E09     		.short	2382
 3823 0512 FF06     		.short	1791
 3824 0514 6008     		.short	2144
 3825 0516 0807     		.short	1800
 3826 0518 E207     		.short	2018
 3827 051a CF07     		.short	1999
 3828 051c 7D07     		.short	1917
 3829 051e 9708     		.short	2199
 3830 0520 2F07     		.short	1839
 3831 0522 9809     		.short	2456
 3832 0524 5D07     		.short	1885
 3833 0526 6C09     		.short	2412
 3834 0528 F206     		.short	1778
 3835 052a 7909     		.short	2425
 3836 052c 1907     		.short	1817
 3837 052e CF08     		.short	2255
 3838 0530 6407     		.short	1892
 3839 0532 3E07     		.short	1854
 3840 0534 2E08     		.short	2094
 3841 0536 6C07     		.short	1900
 3842 0538 6E09     		.short	2414
 3843 053a E406     		.short	1764
 3844 053c F308     		.short	2291
 3845 053e 0108     		.short	2049
 3846 0540 9709     		.short	2455
 3847 0542 D206     		.short	1746
ARM GAS  C:\Users\maraz\AppData\Local\Temp\ccyEBQ4t.s 			page 98


 3848 0544 FB08     		.short	2299
 3849 0546 EC07     		.short	2028
 3850 0548 0808     		.short	2056
 3851 054a 7507     		.short	1909
 3852 054c 1408     		.short	2068
 3853 054e 4107     		.short	1857
 3854 0550 1A08     		.short	2074
 3855 0552 BE08     		.short	2238
 3856 0554 6B06     		.short	1643
 3857 0556 4809     		.short	2376
 3858 0558 9E07     		.short	1950
 3859 055a B708     		.short	2231
 3860 055c C306     		.short	1731
 3861 055e 9109     		.short	2449
 3862 0560 1D07     		.short	1821
 3863 0562 EB07     		.short	2027
 3864 0564 8607     		.short	1926
 3865 0566 AD07     		.short	1965
 3866 0568 7D07     		.short	1917
 3867 056a 0508     		.short	2053
 3868 056c 1808     		.short	2072
 3869 056e E906     		.short	1769
 3870 0570 CA09     		.short	2506
 3871 0572 7607     		.short	1910
 3872 0574 8F08     		.short	2191
 3873 0576 EA07     		.short	2026
 3874 0578 6909     		.short	2409
 3875 057a E306     		.short	1763
 3876 057c AF08     		.short	2223
 3877 057e 7D07     		.short	1917
 3878 0580 CA07     		.short	1994
 3879 0582 0008     		.short	2048
 3880 0584 0B08     		.short	2059
 3881 0586 B307     		.short	1971
 3882 0588 D007     		.short	2000
 3883 058a 7F09     		.short	2431
 3884 058c DE06     		.short	1758
 3885 058e 4909     		.short	2377
 3886 0590 C107     		.short	1985
 3887 0592 9108     		.short	2193
 3888 0594 0107     		.short	1793
 3889 0596 F507     		.short	2037
 3890 0598 5608     		.short	2134
 3891 059a F408     		.short	2292
 3892 059c 1A06     		.short	1562
 3893 059e 0707     		.short	1799
 3894 05a0 9907     		.short	1945
 3895 05a2 4209     		.short	2370
 3896 05a4 7807     		.short	1912
 3897 05a6 3206     		.short	1586
 3898 05a8 2209     		.short	2338
 3899 05aa 4506     		.short	1605
 3900 05ac 920B     		.short	2962
 3901 05ae A70A     		.short	2727
 3902 05b0 7906     		.short	1657
 3903 05b2 2804     		.short	1064
 3904 05b4 7409     		.short	2420
ARM GAS  C:\Users\maraz\AppData\Local\Temp\ccyEBQ4t.s 			page 99


 3905 05b6 2909     		.short	2345
 3906 05b8 9808     		.short	2200
 3907 05ba 4B06     		.short	1611
 3908 05bc 140A     		.short	2580
 3909 05be 7F07     		.short	1919
 3910 05c0 6206     		.short	1634
 3911 05c2 830C     		.short	3203
 3912 05c4 ED05     		.short	1517
 3913 05c6 3B07     		.short	1851
 3914 05c8 4708     		.short	2119
 3915 05ca F908     		.short	2297
 3916 05cc 9507     		.short	1941
 3917 05ce 1108     		.short	2065
 3918 05d0 E805     		.short	1512
 3919 05d2 3508     		.short	2101
 3920 05d4 7208     		.short	2162
 3921 05d6 8F08     		.short	2191
 3922 05d8 320B     		.short	2866
 3923 05da 3606     		.short	1590
 3924 05dc 8006     		.short	1664
 3925 05de CA07     		.short	1994
 3926 05e0 EF0A     		.short	2799
 3927 05e2 6406     		.short	1636
 3928 05e4 6508     		.short	2149
 3929 05e6 4D06     		.short	1613
 3930 05e8 3E07     		.short	1854
 3931 05ea 8D08     		.short	2189
 3932 05ec 8908     		.short	2185
 3933 05ee 2408     		.short	2084
 3934 05f0 F406     		.short	1780
 3935 05f2 5609     		.short	2390
 3936 05f4 A008     		.short	2208
 3937 05f6 1809     		.short	2328
 3938 05f8 4A06     		.short	1610
 3939 05fa 1509     		.short	2325
 3940 05fc C905     		.short	1481
 3941 05fe 9209     		.short	2450
 3942 0600 9A08     		.short	2202
 3943 0602 8506     		.short	1669
 3944 0604 C907     		.short	1993
 3945 0606 0407     		.short	1796
 3946 0608 2D08     		.short	2093
 3947 060a 540A     		.short	2644
 3948 060c 1509     		.short	2325
 3949 060e 9E05     		.short	1438
 3950 0610 9108     		.short	2193
 3951 0612 E207     		.short	2018
 3952 0614 B008     		.short	2224
 3953 0616 D107     		.short	2001
 3954 0618 0D08     		.short	2061
 3955 061a 8F07     		.short	1935
 3956 061c E007     		.short	2016
 3957 061e 0D08     		.short	2061
 3958 0620 E607     		.short	2022
 3959 0622 E407     		.short	2020
 3960 0624 EF07     		.short	2031
 3961 0626 A908     		.short	2217
ARM GAS  C:\Users\maraz\AppData\Local\Temp\ccyEBQ4t.s 			page 100


 3962 0628 EF07     		.short	2031
 3963 062a 1608     		.short	2070
 3964 062c AD07     		.short	1965
 3965 062e F407     		.short	2036
 3966 0630 BA07     		.short	1978
 3967 0632 1708     		.short	2071
 3968 0634 2F08     		.short	2095
 3969 0636 F607     		.short	2038
 3970 0638 3608     		.short	2102
 3971 063a DF07     		.short	2015
 3972 063c 0F08     		.short	2063
 3973 063e B907     		.short	1977
 3974 0640 2508     		.short	2085
 3975 0642 1A08     		.short	2074
 3976 0644 5B08     		.short	2139
 3977 0646 BA07     		.short	1978
 3978 0648 F807     		.short	2040
 3979 064a A907     		.short	1961
 3980 064c 0B08     		.short	2059
 3981 064e 2708     		.short	2087
 3982 0650 0908     		.short	2057
 3983 0652 0108     		.short	2049
 3984 0654 D507     		.short	2005
 3985 0656 3508     		.short	2101
 3986 0658 E807     		.short	2024
 3987 065a FD07     		.short	2045
 3988 065c CD07     		.short	1997
 3989 065e 3808     		.short	2104
 3990 0660 E307     		.short	2019
 3991 0662 1D08     		.short	2077
 3992 0664 DF07     		.short	2015
 3993 0666 C707     		.short	1991
 3994 0668 0408     		.short	2052
 3995 066a 0408     		.short	2052
 3996 066c 2108     		.short	2081
 3997 066e 0508     		.short	2053
 3998 0670 2408     		.short	2084
 3999 0672 D607     		.short	2006
 4000 0674 1208     		.short	2066
 4001 0676 E107     		.short	2017
 4002 0678 2208     		.short	2082
 4003 067a E607     		.short	2022
 4004 067c 2008     		.short	2080
 4005 067e F207     		.short	2034
 4006 0680 F407     		.short	2036
 4007 0682 EF07     		.short	2031
 4008 0684 EE07     		.short	2030
 4009 0686 0108     		.short	2049
 4010 0688 2508     		.short	2085
 4011 068a 2308     		.short	2083
 4012 068c DB07     		.short	2011
 4013 068e 0E08     		.short	2062
 4014 0690 E307     		.short	2019
 4015 0692 1E08     		.short	2078
 4016 0694 F007     		.short	2032
 4017 0696 1108     		.short	2065
 4018 0698 D807     		.short	2008
ARM GAS  C:\Users\maraz\AppData\Local\Temp\ccyEBQ4t.s 			page 101


 4019 069a 1708     		.short	2071
 4020 069c EF07     		.short	2031
 4021 069e FD07     		.short	2045
 4022 06a0 0408     		.short	2052
 4023 06a2 F307     		.short	2035
 4024 06a4 0A08     		.short	2058
 4025 06a6 1608     		.short	2070
 4026 06a8 0F08     		.short	2063
 4027 06aa EF07     		.short	2031
 4028 06ac FA07     		.short	2042
 4029 06ae F107     		.short	2033
 4030 06b0 0A08     		.short	2058
 4031 06b2 FD07     		.short	2045
 4032 06b4 1908     		.short	2073
 4033 06b6 F407     		.short	2036
 4034 06b8 EE07     		.short	2030
 4035 06ba 0108     		.short	2049
 4036 06bc 0E08     		.short	2062
 4037 06be 0208     		.short	2050
 4038 06c0 FF07     		.short	2047
 4039 06c2 1208     		.short	2066
 4040 06c4 FB07     		.short	2043
 4041 06c6 0808     		.short	2056
 4042 06c8 F107     		.short	2033
 4043 06ca F107     		.short	2033
 4044 06cc 0808     		.short	2056
 4045 06ce 2D08     		.short	2093
 4046 06d0 DE07     		.short	2014
 4047 06d2 FC07     		.short	2044
 4048 06d4 0A08     		.short	2058
 4049 06d6 FD07     		.short	2045
 4050 06d8 0008     		.short	2048
 4051 06da 1208     		.short	2066
 4052 06dc F607     		.short	2038
 4053 06de F807     		.short	2040
 4054 06e0 2008     		.short	2080
 4055 06e2 ED07     		.short	2029
 4056 06e4 FC07     		.short	2044
 4057 06e6 FE07     		.short	2046
 4058 06e8 FC07     		.short	2044
 4059 06ea E507     		.short	2021
 4060 06ec 1B08     		.short	2075
 4061 06ee 0608     		.short	2054
 4062 06f0 FD07     		.short	2045
 4063 06f2 EF07     		.short	2031
 4064 06f4 0008     		.short	2048
 4065 06f6 1808     		.short	2072
 4066 06f8 0108     		.short	2049
 4067 06fa 1008     		.short	2064
 4068 06fc E807     		.short	2024
 4069 06fe FD07     		.short	2045
 4070 0700 0508     		.short	2053
 4071 0702 0708     		.short	2055
 4072 0704 E507     		.short	2021
 4073 0706 0D08     		.short	2061
 4074 0708 F807     		.short	2040
 4075 070a 0208     		.short	2050
ARM GAS  C:\Users\maraz\AppData\Local\Temp\ccyEBQ4t.s 			page 102


 4076 070c 1C08     		.short	2076
 4077 070e EB07     		.short	2027
 4078 0710 F407     		.short	2036
 4079 0712 0108     		.short	2049
 4080 0714 1708     		.short	2071
 4081 0716 2D08     		.short	2093
 4082 0718 0908     		.short	2057
 4083 071a E607     		.short	2022
 4084 071c E907     		.short	2025
 4085 071e EA07     		.short	2026
 4086 0720 3008     		.short	2096
 4087 0722 F907     		.short	2041
 4088 0724 F906     		.short	1785
 4089 0726 D708     		.short	2263
 4090 0728 B207     		.short	1970
 4091 072a 5207     		.short	1874
 4092 072c 8108     		.short	2177
 4093 072e FA07     		.short	2042
 4094 0730 6607     		.short	1894
 4095 0732 B207     		.short	1970
 4096 0734 1008     		.short	2064
 4097 0736 2608     		.short	2086
 4098 0738 D307     		.short	2003
 4099 073a 7007     		.short	1904
 4100 073c 9107     		.short	1937
 4101 073e 9208     		.short	2194
 4102 0740 4508     		.short	2117
 4103 0742 5B07     		.short	1883
 4104 0744 F007     		.short	2032
 4105 0746 4D08     		.short	2125
 4106 0748 0008     		.short	2048
 4107 074a 6008     		.short	2144
 4108 074c FF07     		.short	2047
 4109 074e 7707     		.short	1911
 4110 0750 7008     		.short	2160
 4111 0752 6F08     		.short	2159
 4112 0754 B907     		.short	1977
 4113 0756 EA07     		.short	2026
 4114 0758 AA08     		.short	2218
 4115 075a E607     		.short	2022
 4116 075c 6F07     		.short	1903
 4117 075e C108     		.short	2241
 4118 0760 C407     		.short	1988
 4119 0762 A207     		.short	1954
 4120 0764 7C08     		.short	2172
 4121 0766 7C07     		.short	1916
 4122 0768 1308     		.short	2067
 4123 076a 7908     		.short	2169
 4124 076c 5607     		.short	1878
 4125 076e B107     		.short	1969
 4126 0770 2508     		.short	2085
 4127 0772 EF07     		.short	2031
 4128 0774 2E08     		.short	2094
 4129 0776 AF07     		.short	1967
 4130 0778 D007     		.short	2000
 4131 077a 1108     		.short	2065
 4132 077c 5308     		.short	2131
ARM GAS  C:\Users\maraz\AppData\Local\Temp\ccyEBQ4t.s 			page 103


 4133 077e E307     		.short	2019
 4134 0780 9807     		.short	1944
 4135 0782 4C08     		.short	2124
 4136 0784 3508     		.short	2101
 4137 0786 C907     		.short	1993
 4138 0788 4D08     		.short	2125
 4139 078a 2408     		.short	2084
 4140 078c E707     		.short	2023
 4141 078e 1508     		.short	2069
 4142 0790 3908     		.short	2105
 4143 0792 ED07     		.short	2029
 4144 0794 E607     		.short	2022
 4145 0796 8B08     		.short	2187
 4146 0798 C907     		.short	1993
 4147 079a 9407     		.short	1940
 4148 079c C308     		.short	2243
 4149 079e B107     		.short	1969
 4150 07a0 9F07     		.short	1951
 4151 07a2 6408     		.short	2148
 4152 07a4 A907     		.short	1961
 4153 07a6 F607     		.short	2038
 4154 07a8 3908     		.short	2105
 4155 07aa 8307     		.short	1923
 4156 07ac 0F08     		.short	2063
 4157 07ae 1408     		.short	2068
 4158 07b0 B807     		.short	1976
 4159 07b2 EB07     		.short	2027
 4160 07b4 1908     		.short	2073
 4161 07b6 E707     		.short	2023
 4162 07b8 FA07     		.short	2042
 4163 07ba 2608     		.short	2086
 4164 07bc EA07     		.short	2026
 4165 07be FD07     		.short	2045
 4166 07c0 2008     		.short	2080
 4167 07c2 FD07     		.short	2045
 4168 07c4 F407     		.short	2036
 4169 07c6 0708     		.short	2055
 4170 07c8 0D08     		.short	2061
 4171 07ca 0708     		.short	2055
 4172 07cc F407     		.short	2036
 4173 07ce 0808     		.short	2056
 4174 07d0 0A08     		.short	2058
 4175 07d2 E807     		.short	2024
 4176 07d4 0D08     		.short	2061
 4177 07d6 0108     		.short	2049
 4178 07d8 F307     		.short	2035
 4179 07da 0008     		.short	2048
 4180 07dc 0708     		.short	2055
 4181 07de FC07     		.short	2044
 4182 07e0 0008     		.short	2048
 4183 07e2 0108     		.short	2049
 4184 07e4 F607     		.short	2038
 4185 07e6 0208     		.short	2050
 4186 07e8 0A08     		.short	2058
 4187 07ea FA07     		.short	2042
 4188 07ec FA07     		.short	2042
 4189 07ee 0A08     		.short	2058
ARM GAS  C:\Users\maraz\AppData\Local\Temp\ccyEBQ4t.s 			page 104


 4190 07f0 FC07     		.short	2044
 4191 07f2 FF07     		.short	2047
 4192 07f4 FF07     		.short	2047
 4193 07f6 FD07     		.short	2045
 4194 07f8 FA07     		.short	2042
 4195 07fa 0C08     		.short	2060
 4196 07fc FC07     		.short	2044
 4197 07fe F707     		.short	2039
 4198 0800 0308     		.short	2051
 4199 0802 0408     		.short	2052
 4200 0804 FA07     		.short	2042
 4201 0806 0108     		.short	2049
 4202 0808 0408     		.short	2052
 4203 080a F607     		.short	2038
 4204 080c 0108     		.short	2049
 4205 080e 0008     		.short	2048
 4206 0810 0808     		.short	2056
 4207 0812 FB07     		.short	2043
 4208 0814 F307     		.short	2035
 4209 0816 2E08     		.short	2094
 4210 0818 E807     		.short	2024
 4211 081a 7207     		.short	1906
 4212 081c 1F09     		.short	2335
 4213 081e 3E07     		.short	1854
 4214 0820 A408     		.short	2212
 4215 0822 CE06     		.short	1742
 4216 0824 E508     		.short	2277
 4217 0826 D407     		.short	2004
 4218 0828 5F07     		.short	1887
 4219 082a 8F09     		.short	2447
 4220 082c 6607     		.short	1894
 4221 082e 9208     		.short	2194
 4222 0830 1007     		.short	1808
 4223 0832 0A08     		.short	2058
 4224 0834 B508     		.short	2229
 4225 0836 7707     		.short	1911
 4226 0838 5A08     		.short	2138
 4227 083a 8D07     		.short	1933
 4228 083c 1708     		.short	2071
 4229 083e A608     		.short	2214
 4230 0840 3507     		.short	1845
 4231 0842 5808     		.short	2136
 4232 0844 3208     		.short	2098
 4233 0846 6B07     		.short	1899
 4234 0848 ED08     		.short	2285
 4235 084a D706     		.short	1751
 4236 084c 7208     		.short	2162
 4237 084e C107     		.short	1985
 4238 0850 A407     		.short	1956
 4239 0852 D908     		.short	2265
 4240 0854 8307     		.short	1923
 4241 0856 4908     		.short	2121
 4242 0858 B407     		.short	1972
 4243 085a DB07     		.short	2011
 4244 085c AC08     		.short	2220
 4245 085e 7007     		.short	1904
 4246 0860 0608     		.short	2054
ARM GAS  C:\Users\maraz\AppData\Local\Temp\ccyEBQ4t.s 			page 105


 4247 0862 1708     		.short	2071
 4248 0864 A707     		.short	1959
 4249 0866 C608     		.short	2246
 4250 0868 0607     		.short	1798
 4251 086a 4308     		.short	2115
 4252 086c 6908     		.short	2153
 4253 086e C607     		.short	1990
 4254 0870 BC08     		.short	2236
 4255 0872 2507     		.short	1829
 4256 0874 4708     		.short	2119
 4257 0876 1508     		.short	2069
 4258 0878 CE07     		.short	1998
 4259 087a 8808     		.short	2184
 4260 087c 7307     		.short	1907
 4261 087e 3408     		.short	2100
 4262 0880 4A08     		.short	2122
 4263 0882 9207     		.short	1938
 4264 0884 BB08     		.short	2235
 4265 0886 5707     		.short	1879
 4266 0888 1C08     		.short	2076
 4267 088a 7508     		.short	2165
 4268 088c 8A07     		.short	1930
 4269 088e 9F08     		.short	2207
 4270 0890 3207     		.short	1842
 4271 0892 1F08     		.short	2079
 4272 0894 5E08     		.short	2142
 4273 0896 D107     		.short	2001
 4274 0898 6E08     		.short	2158
 4275 089a 7207     		.short	1906
 4276 089c 0508     		.short	2053
 4277 089e 6008     		.short	2144
 4278 08a0 8807     		.short	1928
 4279 08a2 6708     		.short	2151
 4280 08a4 9A07     		.short	1946
 4281 08a6 E307     		.short	2019
 4282 08a8 7608     		.short	2166
 4283 08aa 7407     		.short	1908
 4284 08ac 6308     		.short	2147
 4285 08ae 9E07     		.short	1950
 4286 08b0 F207     		.short	2034
 4287 08b2 8A08     		.short	2186
 4288 08b4 8A07     		.short	1930
 4289 08b6 5308     		.short	2131
 4290 08b8 9C07     		.short	1948
 4291 08ba C907     		.short	1993
 4292 08bc A808     		.short	2216
 4293 08be 6D07     		.short	1901
 4294 08c0 5908     		.short	2137
 4295 08c2 D607     		.short	2006
 4296 08c4 CA07     		.short	1994
 4297 08c6 A708     		.short	2215
 4298 08c8 5807     		.short	1880
 4299 08ca 6008     		.short	2144
 4300 08cc E507     		.short	2021
 4301 08ce F407     		.short	2036
 4302 08d0 8708     		.short	2183
 4303 08d2 4E07     		.short	1870
ARM GAS  C:\Users\maraz\AppData\Local\Temp\ccyEBQ4t.s 			page 106


 4304 08d4 5008     		.short	2128
 4305 08d6 FD07     		.short	2045
 4306 08d8 D107     		.short	2001
 4307 08da 9F08     		.short	2207
 4308 08dc 6C07     		.short	1900
 4309 08de 4808     		.short	2120
 4310 08e0 0F08     		.short	2063
 4311 08e2 BB07     		.short	1979
 4312 08e4 8708     		.short	2183
 4313 08e6 7307     		.short	1907
 4314 08e8 3208     		.short	2098
 4315 08ea 1908     		.short	2073
 4316 08ec D307     		.short	2003
 4317 08ee 6108     		.short	2145
 4318 08f0 7A07     		.short	1914
 4319 08f2 1508     		.short	2069
 4320 08f4 4008     		.short	2112
 4321 08f6 CB07     		.short	1995
 4322 08f8 5B08     		.short	2139
 4323 08fa 7B07     		.short	1915
 4324 08fc 0408     		.short	2052
 4325 08fe 4108     		.short	2113
 4326 0900 B707     		.short	1975
 4327 0902 6308     		.short	2147
 4328 0904 8807     		.short	1928
 4329 0906 0808     		.short	2056
 4330 0908 5708     		.short	2135
 4331 090a A007     		.short	1952
 4332 090c 4F08     		.short	2127
 4333 090e C507     		.short	1989
 4334 0910 E307     		.short	2019
 4335 0912 A308     		.short	2211
 4336 0914 8707     		.short	1927
 4337 0916 1808     		.short	2072
 4338 0918 E307     		.short	2019
 4339 091a C607     		.short	1990
 4340 091c F708     		.short	2295
 4341 091e 3B07     		.short	1851
 4342 0920 EE07     		.short	2030
 4343 0922 EF07     		.short	2031
 4344 0924 A907     		.short	1961
 4345 0926 6108     		.short	2145
 4346 0928 8807     		.short	1928
 4347 092a 6808     		.short	2152
 4348 092c 6408     		.short	2148
 4349 092e A907     		.short	1961
 4350 0930 0E08     		.short	2062
 4351 0932 7907     		.short	1913
 4352 0934 8108     		.short	2177
 4353 0936 6808     		.short	2152
 4354 0938 6D07     		.short	1901
 4355 093a 5508     		.short	2133
 4356 093c 8B07     		.short	1931
 4357 093e 4908     		.short	2121
 4358 0940 E507     		.short	2021
 4359 0942 BF07     		.short	1983
 4360 0944 1E09     		.short	2334
ARM GAS  C:\Users\maraz\AppData\Local\Temp\ccyEBQ4t.s 			page 107


 4361 0946 2F07     		.short	1839
 4362 0948 D107     		.short	2001
 4363 094a 9907     		.short	1945
 4364 094c 3308     		.short	2099
 4365 094e 8008     		.short	2176
 4366 0950 AE07     		.short	1966
 4367 0952 7908     		.short	2169
 4368 0954 E407     		.short	2020
 4369 0956 9307     		.short	1939
 4370 0958 C707     		.short	1991
 4371 095a 0108     		.short	2049
 4372 095c 3008     		.short	2096
 4373 095e 8708     		.short	2183
 4374 0960 BA07     		.short	1978
 4375 0962 1008     		.short	2064
 4376 0964 AC07     		.short	1964
 4377 0966 AE07     		.short	1966
 4378 0968 6508     		.short	2149
 4379 096a C007     		.short	1984
 4380 096c AE08     		.short	2222
 4381 096e D507     		.short	2005
 4382 0970 8D07     		.short	1933
 4383 0972 4408     		.short	2116
 4384 0974 A307     		.short	1955
 4385 0976 C108     		.short	2241
 4386 0978 8E07     		.short	1934
 4387 097a C207     		.short	1986
 4388 097c 7A08     		.short	2170
 4389 097e 9807     		.short	1944
 4390 0980 3D08     		.short	2109
 4391 0982 BF07     		.short	1983
 4392 0984 4208     		.short	2114
 4393 0986 5308     		.short	2131
 4394 0988 5F07     		.short	1887
 4395 098a 2108     		.short	2081
 4396 098c EE07     		.short	2030
 4397 098e 0008     		.short	2048
 4398 0990 AF08     		.short	2223
 4399 0992 CB07     		.short	1995
 4400 0994 2508     		.short	2085
 4401 0996 4307     		.short	1859
 4402 0998 8A07     		.short	1930
 4403 099a 6C08     		.short	2156
 4404 099c 7A08     		.short	2170
 4405 099e E708     		.short	2279
 4406 09a0 CD09     		.short	2509
 4407 09a2 5B09     		.short	2395
 4408 09a4 4605     		.short	1350
 4409 09a6 9C0A     		.short	2716
 4410 09a8 0006     		.short	1536
 4411 09aa 630E     		.short	3683
 4412 09ac D507     		.short	2005
 4413 09ae 2B05     		.short	1323
 4414 09b0 CC0C     		.short	3276
 4415 09b2 1B06     		.short	1563
 4416 09b4 9B07     		.short	1947
 4417 09b6 0F0C     		.short	3087
ARM GAS  C:\Users\maraz\AppData\Local\Temp\ccyEBQ4t.s 			page 108


 4418 09b8 BE06     		.short	1726
 4419 09ba 7D06     		.short	1661
 4420 09bc D408     		.short	2260
 4421 09be 3609     		.short	2358
 4422 09c0 C706     		.short	1735
 4423 09c2 E506     		.short	1765
 4424 09c4 3908     		.short	2105
 4425 09c6 0508     		.short	2053
 4426 09c8 2D07     		.short	1837
 4427 09ca 9808     		.short	2200
 4428 09cc 910A     		.short	2705
 4429 09ce 8504     		.short	1157
 4430 09d0 0A09     		.short	2314
 4431 09d2 7E0A     		.short	2686
 4432 09d4 DE06     		.short	1758
 4433 09d6 9808     		.short	2200
 4434 09d8 BA05     		.short	1466
 4435 09da CD08     		.short	2253
 4436 09dc 1609     		.short	2326
 4437 09de 3C08     		.short	2108
 4438 09e0 3409     		.short	2356
 4439 09e2 1A06     		.short	1562
 4440 09e4 FE07     		.short	2046
 4441 09e6 B308     		.short	2227
 4442 09e8 C307     		.short	1987
 4443 09ea EC07     		.short	2028
 4444 09ec DB06     		.short	1755
 4445 09ee A207     		.short	1954
 4446 09f0 7007     		.short	1904
 4447 09f2 6C07     		.short	1900
 4448 09f4 D308     		.short	2259
 4449 09f6 4408     		.short	2116
 4450 09f8 A306     		.short	1699
 4451 09fa 1008     		.short	2064
 4452 09fc 5109     		.short	2385
 4453 09fe B507     		.short	1973
 4454 0a00 3607     		.short	1846
 4455 0a02 7E07     		.short	1918
 4456 0a04 1409     		.short	2324
 4457 0a06 4508     		.short	2117
 4458 0a08 9B07     		.short	1947
 4459 0a0a 4A0A     		.short	2634
 4460 0a0c 3507     		.short	1845
 4461 0a0e C607     		.short	1990
 4462 0a10 C509     		.short	2501
 4463 0a12 F306     		.short	1779
 4464 0a14 B007     		.short	1968
 4465 0a16 9907     		.short	1945
 4466 0a18 4208     		.short	2114
 4467 0a1a B907     		.short	1977
 4468 0a1c 8507     		.short	1925
 4469 0a1e DB08     		.short	2267
 4470 0a20 5A08     		.short	2138
 4471 0a22 C607     		.short	1990
 4472 0a24 1E08     		.short	2078
 4473 0a26 0F08     		.short	2063
 4474 0a28 E507     		.short	2021
ARM GAS  C:\Users\maraz\AppData\Local\Temp\ccyEBQ4t.s 			page 109


 4475 0a2a E407     		.short	2020
 4476 0a2c AA07     		.short	1962
 4477 0a2e 8D07     		.short	1933
 4478 0a30 5B08     		.short	2139
 4479 0a32 4F08     		.short	2127
 4480 0a34 0D08     		.short	2061
 4481 0a36 DD07     		.short	2013
 4482 0a38 DA07     		.short	2010
 4483 0a3a 4308     		.short	2115
 4484 0a3c EF07     		.short	2031
 4485 0a3e F707     		.short	2039
 4486 0a40 E507     		.short	2021
 4487 0a42 E507     		.short	2021
 4488 0a44 4C08     		.short	2124
 4489 0a46 CF07     		.short	1999
 4490 0a48 F207     		.short	2034
 4491 0a4a 2D08     		.short	2093
 4492 0a4c DC07     		.short	2012
 4493 0a4e 2108     		.short	2081
 4494 0a50 EF07     		.short	2031
 4495 0a52 1F08     		.short	2079
 4496 0a54 1008     		.short	2064
 4497 0a56 E707     		.short	2023
 4498 0a58 1208     		.short	2066
 4499 0a5a DE07     		.short	2014
 4500 0a5c 2208     		.short	2082
 4501 0a5e 0908     		.short	2057
 4502 0a60 DB07     		.short	2011
 4503 0a62 1308     		.short	2067
 4504 0a64 E507     		.short	2021
 4505 0a66 0D08     		.short	2061
 4506 0a68 1808     		.short	2072
 4507 0a6a E307     		.short	2019
 4508 0a6c 1908     		.short	2073
 4509 0a6e F307     		.short	2035
 4510 0a70 0408     		.short	2052
 4511 0a72 0608     		.short	2054
 4512 0a74 E107     		.short	2017
 4513 0a76 1A08     		.short	2074
 4514 0a78 EF07     		.short	2031
 4515 0a7a FE07     		.short	2046
 4516 0a7c 1308     		.short	2067
 4517 0a7e E607     		.short	2022
 4518 0a80 0608     		.short	2054
 4519 0a82 F907     		.short	2041
 4520 0a84 0108     		.short	2049
 4521 0a86 0708     		.short	2055
 4522 0a88 F007     		.short	2032
 4523 0a8a 0D08     		.short	2061
 4524 0a8c F007     		.short	2032
 4525 0a8e 0108     		.short	2049
 4526 0a90 0508     		.short	2053
 4527 0a92 EC07     		.short	2028
 4528 0a94 1508     		.short	2069
 4529 0a96 F107     		.short	2033
 4530 0a98 0408     		.short	2052
 4531 0a9a 0008     		.short	2048
ARM GAS  C:\Users\maraz\AppData\Local\Temp\ccyEBQ4t.s 			page 110


 4532 0a9c F207     		.short	2034
 4533 0a9e 0708     		.short	2055
 4534 0aa0 F307     		.short	2035
 4535 0aa2 FE07     		.short	2046
 4536 0aa4 0D08     		.short	2061
 4537 0aa6 D907     		.short	2009
 4538 0aa8 1908     		.short	2073
 4539 0aaa F407     		.short	2036
 4540 0aac 0108     		.short	2049
 4541 0aae 0F08     		.short	2063
 4542 0ab0 D807     		.short	2008
 4543 0ab2 1C08     		.short	2076
 4544 0ab4 F807     		.short	2040
 4545 0ab6 F907     		.short	2041
 4546 0ab8 1508     		.short	2069
 4547 0aba F407     		.short	2036
 4548 0abc 0008     		.short	2048
 4549 0abe FE07     		.short	2046
 4550 0ac0 F807     		.short	2040
 4551 0ac2 3D08     		.short	2109
 4552 0ac4 DE07     		.short	2014
 4553 0ac6 0C08     		.short	2060
 4554 0ac8 1108     		.short	2065
 4555 0aca EA07     		.short	2026
 4556 0acc 1B08     		.short	2075
 4557 0ace E307     		.short	2019
 4558 0ad0 0308     		.short	2051
 4559 0ad2 0008     		.short	2048
 4560 0ad4 F507     		.short	2037
 4561 0ad6 1108     		.short	2065
 4562 0ad8 E007     		.short	2016
 4563 0ada 0908     		.short	2057
 4564 0adc FE07     		.short	2046
 4565 0ade FC07     		.short	2044
 4566 0ae0 1508     		.short	2069
 4567 0ae2 F207     		.short	2034
 4568 0ae4 0008     		.short	2048
 4569 0ae6 F607     		.short	2038
 4570 0ae8 0208     		.short	2050
 4571 0aea 1108     		.short	2065
 4572 0aec EF07     		.short	2031
 4573 0aee 0A08     		.short	2058
 4574 0af0 0A08     		.short	2058
 4575 0af2 EB07     		.short	2027
 4576 0af4 0608     		.short	2054
 4577 0af6 0208     		.short	2050
 4578 0af8 EF07     		.short	2031
 4579 0afa 0D08     		.short	2061
 4580 0afc EE07     		.short	2030
 4581 0afe 0208     		.short	2050
 4582 0b00 FA07     		.short	2042
 4583 0b02 F407     		.short	2036
 4584 0b04 1B08     		.short	2075
 4585 0b06 DB07     		.short	2011
 4586 0b08 1108     		.short	2065
 4587 0b0a FE07     		.short	2046
 4588 0b0c EA07     		.short	2026
ARM GAS  C:\Users\maraz\AppData\Local\Temp\ccyEBQ4t.s 			page 111


 4589 0b0e 1608     		.short	2070
 4590 0b10 E007     		.short	2016
 4591 0b12 1508     		.short	2069
 4592 0b14 FE07     		.short	2046
 4593 0b16 0008     		.short	2048
 4594 0b18 0A08     		.short	2058
 4595 0b1a DA07     		.short	2010
 4596 0b1c 4008     		.short	2112
 4597 0b1e 1208     		.short	2066
 4598 0b20 F207     		.short	2034
 4599 0b22 D007     		.short	2000
 4600 0b24 DB07     		.short	2011
 4601 0b26 3208     		.short	2098
 4602 0b28 2E08     		.short	2094
 4603 0b2a 0608     		.short	2054
 4604 0b2c F907     		.short	2041
 4605 0b2e 1908     		.short	2073
 4606 0b30 D607     		.short	2006
 4607 0b32 9308     		.short	2195
 4608 0b34 7E07     		.short	1918
 4609 0b36 EC08     		.short	2284
 4610 0b38 8107     		.short	1921
 4611 0b3a 3608     		.short	2102
 4612 0b3c F607     		.short	2038
 4613 0b3e 0508     		.short	2053
 4614 0b40 2808     		.short	2088
 4615 0b42 8107     		.short	1921
 4616 0b44 EC07     		.short	2028
 4617 0b46 D207     		.short	2002
 4618 0b48 5408     		.short	2132
 4619 0b4a 9107     		.short	1937
 4620 0b4c 1708     		.short	2071
 4621 0b4e 8F07     		.short	1935
 4622 0b50 DE08     		.short	2270
 4623 0b52 9C07     		.short	1948
 4624 0b54 4C08     		.short	2124
 4625 0b56 F307     		.short	2035
 4626 0b58 FF07     		.short	2047
 4627 0b5a 3E08     		.short	2110
 4628 0b5c CF07     		.short	1999
 4629 0b5e 1208     		.short	2066
 4630 0b60 7207     		.short	1906
 4631 0b62 1E08     		.short	2078
 4632 0b64 7407     		.short	1908
 4633 0b66 9C08     		.short	2204
 4634 0b68 9B07     		.short	1947
 4635 0b6a 7708     		.short	2167
 4636 0b6c 8F07     		.short	1935
 4637 0b6e 8908     		.short	2185
 4638 0b70 6908     		.short	2153
 4639 0b72 FA07     		.short	2042
 4640 0b74 2408     		.short	2084
 4641 0b76 A007     		.short	1952
 4642 0b78 3F08     		.short	2111
 4643 0b7a 8207     		.short	1922
 4644 0b7c 1908     		.short	2073
 4645 0b7e 6207     		.short	1890
ARM GAS  C:\Users\maraz\AppData\Local\Temp\ccyEBQ4t.s 			page 112


 4646 0b80 5908     		.short	2137
 4647 0b82 8807     		.short	1928
 4648 0b84 9A08     		.short	2202
 4649 0b86 C607     		.short	1990
 4650 0b88 6D08     		.short	2157
 4651 0b8a 0D08     		.short	2061
 4652 0b8c F507     		.short	2037
 4653 0b8e 6308     		.short	2147
 4654 0b90 BB07     		.short	1979
 4655 0b92 4008     		.short	2112
 4656 0b94 6507     		.short	1893
 4657 0b96 3708     		.short	2103
 4658 0b98 7107     		.short	1905
 4659 0b9a 4808     		.short	2120
 4660 0b9c 8B07     		.short	1931
 4661 0b9e 7608     		.short	2166
 4662 0ba0 B907     		.short	1977
 4663 0ba2 5F08     		.short	2143
 4664 0ba4 0C08     		.short	2060
 4665 0ba6 0908     		.short	2057
 4666 0ba8 6C08     		.short	2156
 4667 0baa BA07     		.short	1978
 4668 0bac 4D08     		.short	2125
 4669 0bae 8107     		.short	1921
 4670 0bb0 5308     		.short	2131
 4671 0bb2 6207     		.short	1890
 4672 0bb4 3708     		.short	2103
 4673 0bb6 9007     		.short	1936
 4674 0bb8 6008     		.short	2144
 4675 0bba B107     		.short	1969
 4676 0bbc 5308     		.short	2131
 4677 0bbe 1C08     		.short	2076
 4678 0bc0 0608     		.short	2054
 4679 0bc2 3A08     		.short	2106
 4680 0bc4 D707     		.short	2007
 4681 0bc6 3808     		.short	2104
 4682 0bc8 CA07     		.short	1994
 4683 0bca 2408     		.short	2084
 4684 0bcc C407     		.short	1988
 4685 0bce 1308     		.short	2067
 4686 0bd0 E507     		.short	2021
 4687 0bd2 1108     		.short	2065
 4688 0bd4 EF07     		.short	2031
 4689 0bd6 0008     		.short	2048
 4690 0bd8 0908     		.short	2057
 4691 0bda F607     		.short	2038
 4692 0bdc 1208     		.short	2066
 4693 0bde F307     		.short	2035
 4694 0be0 0C08     		.short	2060
 4695 0be2 F707     		.short	2039
 4696 0be4 0F08     		.short	2063
 4697 0be6 F907     		.short	2041
 4698 0be8 0508     		.short	2053
 4699 0bea FD07     		.short	2045
 4700 0bec FF07     		.short	2047
 4701 0bee 0408     		.short	2052
 4702 0bf0 F507     		.short	2037
ARM GAS  C:\Users\maraz\AppData\Local\Temp\ccyEBQ4t.s 			page 113


 4703 0bf2 0A08     		.short	2058
 4704 0bf4 EE07     		.short	2030
 4705 0bf6 0808     		.short	2056
 4706 0bf8 F207     		.short	2034
 4707 0bfa 0D08     		.short	2061
 4708 0bfc F107     		.short	2033
 4709 0bfe 0608     		.short	2054
 4710 0c00 FD07     		.short	2045
 4711 0c02 0708     		.short	2055
 4712 0c04 0408     		.short	2052
 4713 0c06 FA07     		.short	2042
 4714 0c08 0A08     		.short	2058
 4715 0c0a F607     		.short	2038
 4716 0c0c 1308     		.short	2067
 4717 0c0e E407     		.short	2020
 4718 0c10 0B08     		.short	2059
 4719 0c12 D807     		.short	2008
 4720 0c14 E107     		.short	2017
 4721 0c16 F708     		.short	2295
 4722 0c18 7608     		.short	2166
 4723 0c1a 3D09     		.short	2365
 4724 0c1c 9206     		.short	1682
 4725 0c1e 2F08     		.short	2095
 4726 0c20 F008     		.short	2288
 4727 0c22 6A07     		.short	1898
 4728 0c24 7108     		.short	2161
 4729 0c26 7107     		.short	1905
 4730 0c28 3808     		.short	2104
 4731 0c2a D408     		.short	2260
 4732 0c2c 9B07     		.short	1947
 4733 0c2e 6308     		.short	2147
 4734 0c30 6607     		.short	1894
 4735 0c32 8C08     		.short	2188
 4736 0c34 5B08     		.short	2139
 4737 0c36 A107     		.short	1953
 4738 0c38 8208     		.short	2178
 4739 0c3a 6007     		.short	1888
 4740 0c3c CA07     		.short	1994
 4741 0c3e A608     		.short	2214
 4742 0c40 C107     		.short	1985
 4743 0c42 8508     		.short	2181
 4744 0c44 BF07     		.short	1983
 4745 0c46 BD07     		.short	1981
 4746 0c48 B708     		.short	2231
 4747 0c4a 9207     		.short	1938
 4748 0c4c 2E08     		.short	2094
 4749 0c4e A207     		.short	1954
 4750 0c50 0508     		.short	2053
 4751 0c52 9B08     		.short	2203
 4752 0c54 5207     		.short	1874
 4753 0c56 3408     		.short	2100
 4754 0c58 D307     		.short	2003
 4755 0c5a E507     		.short	2021
 4756 0c5c C508     		.short	2245
 4757 0c5e 5607     		.short	1878
 4758 0c60 5408     		.short	2132
 4759 0c62 F107     		.short	2033
ARM GAS  C:\Users\maraz\AppData\Local\Temp\ccyEBQ4t.s 			page 114


 4760 0c64 7D07     		.short	1917
 4761 0c66 9B08     		.short	2203
 4762 0c68 6B07     		.short	1899
 4763 0c6a 4F08     		.short	2127
 4764 0c6c EE07     		.short	2030
 4765 0c6e C907     		.short	1993
 4766 0c70 9D08     		.short	2205
 4767 0c72 6807     		.short	1896
 4768 0c74 4108     		.short	2113
 4769 0c76 F907     		.short	2041
 4770 0c78 E507     		.short	2021
 4771 0c7a B908     		.short	2233
 4772 0c7c 3B07     		.short	1851
 4773 0c7e 1708     		.short	2071
 4774 0c80 2508     		.short	2085
 4775 0c82 BC07     		.short	1980
 4776 0c84 B508     		.short	2229
 4777 0c86 5F07     		.short	1887
 4778 0c88 4208     		.short	2114
 4779 0c8a 3B08     		.short	2107
 4780 0c8c B307     		.short	1971
 4781 0c8e 8508     		.short	2181
 4782 0c90 6107     		.short	1889
 4783 0c92 4408     		.short	2116
 4784 0c94 2E08     		.short	2094
 4785 0c96 B507     		.short	1973
 4786 0c98 8E08     		.short	2190
 4787 0c9a 6107     		.short	1889
 4788 0c9c 0E08     		.short	2062
 4789 0c9e 5808     		.short	2136
 4790 0ca0 BE07     		.short	1982
 4791 0ca2 8C08     		.short	2188
 4792 0ca4 7707     		.short	1911
 4793 0ca6 EF07     		.short	2031
 4794 0ca8 4A08     		.short	2122
 4795 0caa B007     		.short	1968
 4796 0cac 7208     		.short	2162
 4797 0cae 7507     		.short	1909
 4798 0cb0 1508     		.short	2069
 4799 0cb2 4F08     		.short	2127
 4800 0cb4 AC07     		.short	1964
 4801 0cb6 4808     		.short	2120
 4802 0cb8 9C07     		.short	1948
 4803 0cba F607     		.short	2038
 4804 0cbc 7C08     		.short	2172
 4805 0cbe 9207     		.short	1938
 4806 0cc0 4D08     		.short	2125
 4807 0cc2 AB07     		.short	1963
 4808 0cc4 D507     		.short	2005
 4809 0cc6 7F08     		.short	2175
 4810 0cc8 8707     		.short	1927
 4811 0cca 6D08     		.short	2157
 4812 0ccc B507     		.short	1973
 4813 0cce EF07     		.short	2031
 4814 0cd0 6408     		.short	2148
 4815 0cd2 8907     		.short	1929
 4816 0cd4 4D08     		.short	2125
ARM GAS  C:\Users\maraz\AppData\Local\Temp\ccyEBQ4t.s 			page 115


 4817 0cd6 D907     		.short	2009
 4818 0cd8 DD07     		.short	2013
 4819 0cda 8F08     		.short	2191
 4820 0cdc 7307     		.short	1907
 4821 0cde 4008     		.short	2112
 4822 0ce0 F107     		.short	2033
 4823 0ce2 D607     		.short	2006
 4824 0ce4 9B08     		.short	2203
 4825 0ce6 6807     		.short	1896
 4826 0ce8 4E08     		.short	2126
 4827 0cea E907     		.short	2025
 4828 0cec DD07     		.short	2013
 4829 0cee 6A08     		.short	2154
 4830 0cf0 8707     		.short	1927
 4831 0cf2 3F08     		.short	2111
 4832 0cf4 1708     		.short	2071
 4833 0cf6 D507     		.short	2005
 4834 0cf8 6608     		.short	2150
 4835 0cfa 8207     		.short	1922
 4836 0cfc 2108     		.short	2081
 4837 0cfe 2E08     		.short	2094
 4838 0d00 C107     		.short	1985
 4839 0d02 6808     		.short	2152
 4840 0d04 7507     		.short	1909
 4841 0d06 1808     		.short	2072
 4842 0d08 2308     		.short	2083
 4843 0d0a B707     		.short	1975
 4844 0d0c 8A08     		.short	2186
 4845 0d0e 5107     		.short	1873
 4846 0d10 8108     		.short	2177
 4847 0d12 AC07     		.short	1964
 4848 0d14 2808     		.short	2088
 4849 0d16 ED06     		.short	1773
 4850 0d18 3908     		.short	2105
 4851 0d1a 8A07     		.short	1930
 4852 0d1c 3309     		.short	2355
 4853 0d1e 9708     		.short	2199
 4854 0d20 5707     		.short	1879
 4855 0d22 FA06     		.short	1786
 4856 0d24 B306     		.short	1715
 4857 0d26 B909     		.short	2489
 4858 0d28 0408     		.short	2052
 4859 0d2a 2F08     		.short	2095
 4860 0d2c 8508     		.short	2181
 4861 0d2e 6F07     		.short	1903
 4862 0d30 BB07     		.short	1979
 4863 0d32 4B07     		.short	1867
 4864 0d34 6409     		.short	2404
 4865 0d36 1808     		.short	2072
 4866 0d38 6707     		.short	1895
 4867 0d3a 1908     		.short	2073
 4868 0d3c 5907     		.short	1881
 4869 0d3e 4A08     		.short	2122
 4870 0d40 2608     		.short	2086
 4871 0d42 6D08     		.short	2157
 4872 0d44 3908     		.short	2105
 4873 0d46 0407     		.short	1796
ARM GAS  C:\Users\maraz\AppData\Local\Temp\ccyEBQ4t.s 			page 116


 4874 0d48 5007     		.short	1872
 4875 0d4a 8708     		.short	2183
 4876 0d4c 3008     		.short	2096
 4877 0d4e 0F09     		.short	2319
 4878 0d50 2D08     		.short	2093
 4879 0d52 9407     		.short	1940
 4880 0d54 0B07     		.short	1803
 4881 0d56 3F07     		.short	1855
 4882 0d58 AD09     		.short	2477
 4883 0d5a B207     		.short	1970
 4884 0d5c 3708     		.short	2103
 4885 0d5e 3C08     		.short	2108
 4886 0d60 8507     		.short	1925
 4887 0d62 E207     		.short	2018
 4888 0d64 5607     		.short	1878
 4889 0d66 D808     		.short	2264
 4890 0d68 1A08     		.short	2074
 4891 0d6a 9607     		.short	1942
 4892 0d6c C807     		.short	1992
 4893 0d6e CA07     		.short	1994
 4894 0d70 2308     		.short	2083
 4895 0d72 8108     		.short	2177
 4896 0d74 6B08     		.short	2155
 4897 0d76 E307     		.short	2019
 4898 0d78 1D07     		.short	1821
 4899 0d7a 5107     		.short	1873
 4900 0d7c 1D09     		.short	2333
 4901 0d7e ED07     		.short	2029
 4902 0d80 A608     		.short	2214
 4903 0d82 6508     		.short	2149
 4904 0d84 4007     		.short	1856
 4905 0d86 9D07     		.short	1949
 4906 0d88 0D07     		.short	1805
 4907 0d8a 5909     		.short	2393
 4908 0d8c D107     		.short	2001
 4909 0d8e 0F08     		.short	2063
 4910 0d90 7508     		.short	2165
 4911 0d92 FC06     		.short	1788
 4912 0d94 CF08     		.short	2255
 4913 0d96 4307     		.short	1859
 4914 0d98 6506     		.short	1637
 4915 0d9a 7809     		.short	2424
 4916 0d9c 1309     		.short	2323
 4917 0d9e 3507     		.short	1845
 4918 0da0 2D08     		.short	2093
 4919 0da2 9506     		.short	1685
 4920 0da4 4D05     		.short	1357
 4921 0da6 DD09     		.short	2525
 4922 0da8 3809     		.short	2360
 4923 0daa FA08     		.short	2298
 4924 0dac 9D07     		.short	1949
 4925 0dae DB09     		.short	2523
 4926 0db0 4207     		.short	1858
 4927 0db2 3607     		.short	1846
 4928 0db4 DA07     		.short	2010
 4929 0db6 C307     		.short	1987
 4930 0db8 DA09     		.short	2522
ARM GAS  C:\Users\maraz\AppData\Local\Temp\ccyEBQ4t.s 			page 117


 4931 0dba E705     		.short	1511
 4932 0dbc 4908     		.short	2121
 4933 0dbe 0E08     		.short	2062
 4934 0dc0 6708     		.short	2151
 4935 0dc2 CB08     		.short	2251
 4936 0dc4 D206     		.short	1746
 4937 0dc6 1B08     		.short	2075
 4938 0dc8 A208     		.short	2210
 4939 0dca D109     		.short	2513
 4940 0dcc 3B08     		.short	2107
 4941 0dce 3B06     		.short	1595
 4942 0dd0 5B07     		.short	1883
 4943 0dd2 8406     		.short	1668
 4944 0dd4 3808     		.short	2104
 4945 0dd6 BA09     		.short	2490
 4946 0dd8 D409     		.short	2516
 4947 0dda A207     		.short	1954
 4948 0ddc 3B07     		.short	1851
 4949 0dde A107     		.short	1953
 4950 0de0 0308     		.short	2051
 4951 0de2 8B07     		.short	1931
 4952 0de4 E206     		.short	1762
 4953 0de6 0809     		.short	2312
 4954 0de8 ED07     		.short	2029
 4955 0dea 2709     		.short	2343
 4956 0dec 2E08     		.short	2094
 4957 0dee BF07     		.short	1983
 4958 0df0 2608     		.short	2086
 4959 0df2 1207     		.short	1810
 4960 0df4 8A08     		.short	2186
 4961 0df6 1808     		.short	2072
 4962 0df8 7607     		.short	1910
 4963 0dfa 2C08     		.short	2092
 4964 0dfc 6608     		.short	2150
 4965 0dfe BD08     		.short	2237
 4966 0e00 3207     		.short	1842
 4967 0e02 CB07     		.short	1995
 4968 0e04 D407     		.short	2004
 4969 0e06 7507     		.short	1909
 4970 0e08 ED08     		.short	2285
 4971 0e0a E407     		.short	2020
 4972 0e0c 5708     		.short	2135
 4973 0e0e 9807     		.short	1944
 4974 0e10 7D06     		.short	1661
 4975 0e12 0407     		.short	1796
 4976 0e14 5907     		.short	1881
 4977 0e16 8208     		.short	2178
 4978 0e18 E408     		.short	2276
 4979 0e1a DD06     		.short	1757
 4980 0e1c 0C0A     		.short	2572
 4981 0e1e 6C07     		.short	1900
 4982 0e20 BB0A     		.short	2747
 4983 0e22 FE05     		.short	1534
 4984 0e24 FD08     		.short	2301
 4985 0e26 6206     		.short	1634
 4986 0e28 6709     		.short	2407
 4987 0e2a CF06     		.short	1743
ARM GAS  C:\Users\maraz\AppData\Local\Temp\ccyEBQ4t.s 			page 118


 4988 0e2c CF07     		.short	1999
 4989 0e2e E006     		.short	1760
 4990 0e30 C307     		.short	1987
 4991 0e32 7708     		.short	2167
 4992 0e34 A006     		.short	1696
 4993 0e36 1B09     		.short	2331
 4994 0e38 5C07     		.short	1884
 4995 0e3a 0D0B     		.short	2829
 4996 0e3c 7806     		.short	1656
 4997 0e3e 7009     		.short	2416
 4998 0e40 DA06     		.short	1754
 4999 0e42 3809     		.short	2360
 5000 0e44 B606     		.short	1718
 5001 0e46 0308     		.short	2051
 5002 0e48 B406     		.short	1716
 5003 0e4a 6808     		.short	2152
 5004 0e4c 1D08     		.short	2077
 5005 0e4e 4F07     		.short	1871
 5006 0e50 7208     		.short	2162
 5007 0e52 D507     		.short	2005
 5008 0e54 4C0A     		.short	2636
 5009 0e56 C906     		.short	1737
 5010 0e58 B709     		.short	2487
 5011 0e5a F506     		.short	1781
 5012 0e5c 7109     		.short	2417
 5013 0e5e C606     		.short	1734
 5014 0e60 A307     		.short	1955
 5015 0e62 BC06     		.short	1724
 5016 0e64 E607     		.short	2022
 5017 0e66 0508     		.short	2053
 5018 0e68 E706     		.short	1767
 5019 0e6a C608     		.short	2246
 5020 0e6c D807     		.short	2008
 5021 0e6e F709     		.short	2551
 5022 0e70 D306     		.short	1747
 5023 0e72 7609     		.short	2422
 5024 0e74 BE06     		.short	1726
 5025 0e76 EE09     		.short	2542
 5026 0e78 EA06     		.short	1770
 5027 0e7a 1C08     		.short	2076
 5028 0e7c 8506     		.short	1669
 5029 0e7e 1808     		.short	2072
 5030 0e80 B007     		.short	1968
 5031 0e82 D406     		.short	1748
 5032 0e84 AF08     		.short	2223
 5033 0e86 C307     		.short	1987
 5034 0e88 200A     		.short	2592
 5035 0e8a 3407     		.short	1844
 5036 0e8c 6809     		.short	2408
 5037 0e8e 0E07     		.short	1806
 5038 0e90 8609     		.short	2438
 5039 0e92 3507     		.short	1845
 5040 0e94 2208     		.short	2082
 5041 0e96 0C07     		.short	1804
 5042 0e98 1308     		.short	2067
 5043 0e9a B807     		.short	1976
 5044 0e9c C706     		.short	1735
ARM GAS  C:\Users\maraz\AppData\Local\Temp\ccyEBQ4t.s 			page 119


 5045 0e9e 4908     		.short	2121
 5046 0ea0 6107     		.short	1889
 5047 0ea2 E709     		.short	2535
 5048 0ea4 5A07     		.short	1882
 5049 0ea6 7009     		.short	2416
 5050 0ea8 1A07     		.short	1818
 5051 0eaa BF09     		.short	2495
 5052 0eac C006     		.short	1728
 5053 0eae 4508     		.short	2117
 5054 0eb0 C906     		.short	1737
 5055 0eb2 8708     		.short	2183
 5056 0eb4 8107     		.short	1921
 5057 0eb6 1207     		.short	1810
 5058 0eb8 5708     		.short	2135
 5059 0eba 2B07     		.short	1835
 5060 0ebc 9E09     		.short	2462
 5061 0ebe 1207     		.short	1810
 5062 0ec0 AB09     		.short	2475
 5063 0ec2 6607     		.short	1894
 5064 0ec4 E609     		.short	2534
 5065 0ec6 D806     		.short	1752
 5066 0ec8 5908     		.short	2137
 5067 0eca C506     		.short	1733
 5068 0ecc 6808     		.short	2152
 5069 0ece 8C07     		.short	1932
 5070 0ed0 3A07     		.short	1850
 5071 0ed2 5308     		.short	2131
 5072 0ed4 7107     		.short	1905
 5073 0ed6 6D09     		.short	2413
 5074 0ed8 B806     		.short	1720
 5075 0eda 8B09     		.short	2443
 5076 0edc 6907     		.short	1897
 5077 0ede 9E09     		.short	2462
 5078 0ee0 2C07     		.short	1836
 5079 0ee2 8608     		.short	2182
 5080 0ee4 0C07     		.short	1804
 5081 0ee6 3008     		.short	2096
 5082 0ee8 4707     		.short	1863
 5083 0eea 4007     		.short	1856
 5084 0eec 1108     		.short	2065
 5085 0eee AA07     		.short	1962
 5086 0ef0 3309     		.short	2355
 5087 0ef2 0207     		.short	1794
 5088 0ef4 7609     		.short	2422
 5089 0ef6 5107     		.short	1873
 5090 0ef8 9809     		.short	2456
 5091 0efa 0807     		.short	1800
 5092 0efc AD08     		.short	2221
 5093 0efe 3D07     		.short	1853
 5094 0f00 7F08     		.short	2175
 5095 0f02 3407     		.short	1844
 5096 0f04 4507     		.short	1861
 5097 0f06 0C08     		.short	2060
 5098 0f08 B507     		.short	1973
 5099 0f0a D008     		.short	2256
 5100 0f0c 1E07     		.short	1822
 5101 0f0e 9D09     		.short	2461
ARM GAS  C:\Users\maraz\AppData\Local\Temp\ccyEBQ4t.s 			page 120


 5102 0f10 5F07     		.short	1887
 5103 0f12 8C09     		.short	2444
 5104 0f14 ED06     		.short	1773
 5105 0f16 B308     		.short	2227
 5106 0f18 8107     		.short	1921
 5107 0f1a 4608     		.short	2118
 5108 0f1c 7F07     		.short	1919
 5109 0f1e B207     		.short	1970
 5110 0f20 6107     		.short	1889
 5111 0f22 7907     		.short	1913
 5112 0f24 A209     		.short	2466
 5113 0f26 D806     		.short	1752
 5114 0f28 EF08     		.short	2287
 5115 0f2a DD08     		.short	2269
 5116 0f2c E909     		.short	2537
 5117 0f2e 2306     		.short	1571
 5118 0f30 D709     		.short	2519
 5119 0f32 E207     		.short	2018
 5120 0f34 FB07     		.short	2043
 5121 0f36 A107     		.short	1953
 5122 0f38 FC07     		.short	2044
 5123 0f3a 9D07     		.short	1949
 5124 0f3c D707     		.short	2007
 5125 0f3e 8D09     		.short	2445
 5126 0f40 6006     		.short	1632
 5127 0f42 B009     		.short	2480
 5128 0f44 0108     		.short	2049
 5129 0f46 A108     		.short	2209
 5130 0f48 3907     		.short	1849
 5131 0f4a 9209     		.short	2450
 5132 0f4c 7406     		.short	1652
 5133 0f4e 1008     		.short	2064
 5134 0f50 F507     		.short	2037
 5135 0f52 AD06     		.short	1709
 5136 0f54 5407     		.short	1876
 5137 0f56 0408     		.short	2052
 5138 0f58 A107     		.short	1953
 5139 0f5a 6D06     		.short	1645
 5140 0f5c B109     		.short	2481
 5141 0f5e BE06     		.short	1726
 5142 0f60 7208     		.short	2162
 5143 0f62 0908     		.short	2057
 5144 0f64 B608     		.short	2230
 5145 0f66 A806     		.short	1704
 5146 0f68 140A     		.short	2580
 5147 0f6a 3C07     		.short	1852
 5148 0f6c 0207     		.short	1794
 5149 0f6e E808     		.short	2280
 5150 0f70 C507     		.short	1989
 5151 0f72 0208     		.short	2050
 5152 0f74 E707     		.short	2023
 5153 0f76 B409     		.short	2484
 5154 0f78 E606     		.short	1766
 5155 0f7a 070A     		.short	2567
 5156 0f7c B407     		.short	1972
 5157 0f7e 4008     		.short	2112
 5158 0f80 DE07     		.short	2014
ARM GAS  C:\Users\maraz\AppData\Local\Temp\ccyEBQ4t.s 			page 121


 5159 0f82 F408     		.short	2292
 5160 0f84 C106     		.short	1729
 5161 0f86 0408     		.short	2052
 5162 0f88 6D08     		.short	2157
 5163 0f8a E106     		.short	1761
 5164 0f8c 4408     		.short	2116
 5165 0f8e 9207     		.short	1938
 5166 0f90 9508     		.short	2197
 5167 0f92 8006     		.short	1664
 5168 0f94 0009     		.short	2304
 5169 0f96 AE05     		.short	1454
 5170 0f98 260A     		.short	2598
 5171 0f9a 3207     		.short	1842
 5172 0f9c 9903     		.short	921
 5173 0f9e EF08     		.short	2287
 5174 0fa0 D107     		.short	2001
 5175 0fa2 0006     		.short	1536
 5176 0fa4 5307     		.short	1875
 5177 0fa6 2C0A     		.short	2604
 5178 0fa8 2305     		.short	1315
 5179 0faa F107     		.short	2033
 5180 0fac 610B     		.short	2913
 5181 0fae 5B08     		.short	2139
 5182 0fb0 2605     		.short	1318
 5183 0fb2 710A     		.short	2673
 5184 0fb4 EC07     		.short	2028
 5185 0fb6 8708     		.short	2183
 5186 0fb8 8506     		.short	1669
 5187 0fba 7B08     		.short	2171
 5188 0fbc 7B06     		.short	1659
 5189 0fbe 0006     		.short	1536
 5190 0fc0 1108     		.short	2065
 5191 0fc2 1D07     		.short	1821
 5192 0fc4 5D08     		.short	2141
 5193 0fc6 5E07     		.short	1886
 5194 0fc8 7D08     		.short	2173
 5195 0fca C207     		.short	1986
 5196 0fcc 8109     		.short	2433
 5197 0fce 7D06     		.short	1661
 5198 0fd0 BC08     		.short	2236
 5199 0fd2 C808     		.short	2248
 5200 0fd4 0907     		.short	1801
 5201 0fd6 DE08     		.short	2270
 5202 0fd8 D207     		.short	2002
 5203 0fda E306     		.short	1763
 5204 0fdc 7E07     		.short	1918
 5205 0fde 4307     		.short	1859
 5206 0fe0 6607     		.short	1894
 5207 0fe2 2D08     		.short	2093
 5208 0fe4 0008     		.short	2048
 5209 0fe6 5A07     		.short	1882
 5210 0fe8 6C07     		.short	1900
 5211 0fea B608     		.short	2230
 5212 0fec D008     		.short	2256
 5213 0fee E007     		.short	2016
 5214 0ff0 5D07     		.short	1885
 5215 0ff2 D508     		.short	2261
ARM GAS  C:\Users\maraz\AppData\Local\Temp\ccyEBQ4t.s 			page 122


 5216 0ff4 1209     		.short	2322
 5217 0ff6 B407     		.short	1972
 5218 0ff8 6208     		.short	2146
 5219 0ffa B900     		.short	185
 5220 0ffc 00000000 		.space	4098
 5220      00000000 
 5220      00000000 
 5220      00000000 
 5220      00000000 
 5221              		.global	Piano_LUT
 5222              		.section	.data.Piano_LUT,"aw"
 5223              		.align	2
 5226              	Piano_LUT:
 5227 0000 0008     		.short	2048
 5228 0002 0008     		.short	2048
 5229 0004 0008     		.short	2048
 5230 0006 FF07     		.short	2047
 5231 0008 0008     		.short	2048
 5232 000a FE07     		.short	2046
 5233 000c C704     		.short	1223
 5234 000e 730B     		.short	2931
 5235 0010 C405     		.short	1476
 5236 0012 BB09     		.short	2491
 5237 0014 4607     		.short	1862
 5238 0016 CA06     		.short	1738
 5239 0018 7A07     		.short	1914
 5240 001a FA05     		.short	1530
 5241 001c A005     		.short	1440
 5242 001e 7C07     		.short	1916
 5243 0020 AF04     		.short	1199
 5244 0022 C009     		.short	2496
 5245 0024 6E06     		.short	1646
 5246 0026 AD09     		.short	2477
 5247 0028 1C09     		.short	2332
 5248 002a 1908     		.short	2073
 5249 002c 750B     		.short	2933
 5250 002e 2E06     		.short	1582
 5251 0030 EA0A     		.short	2794
 5252 0032 4F06     		.short	1615
 5253 0034 DA08     		.short	2266
 5254 0036 0808     		.short	2056
 5255 0038 F306     		.short	1779
 5256 003a 4309     		.short	2371
 5257 003c 1507     		.short	1813
 5258 003e B208     		.short	2226
 5259 0040 8B08     		.short	2187
 5260 0042 1407     		.short	1812
 5261 0044 A409     		.short	2468
 5262 0046 F205     		.short	1522
 5263 0048 0C09     		.short	2316
 5264 004a 3806     		.short	1592
 5265 004c C107     		.short	1985
 5266 004e 1707     		.short	1815
 5267 0050 3907     		.short	1849
 5268 0052 4508     		.short	2117
 5269 0054 9F07     		.short	1951
 5270 0056 4309     		.short	2371
ARM GAS  C:\Users\maraz\AppData\Local\Temp\ccyEBQ4t.s 			page 123


 5271 0058 2608     		.short	2086
 5272 005a 3009     		.short	2352
 5273 005c 5C08     		.short	2140
 5274 005e 8A08     		.short	2186
 5275 0060 0A08     		.short	2058
 5276 0062 F107     		.short	2033
 5277 0064 AC07     		.short	1964
 5278 0066 0E08     		.short	2062
 5279 0068 9A07     		.short	1946
 5280 006a 3F08     		.short	2111
 5281 006c C807     		.short	1992
 5282 006e 7808     		.short	2168
 5283 0070 E407     		.short	2020
 5284 0072 4208     		.short	2114
 5285 0074 A007     		.short	1952
 5286 0076 F907     		.short	2041
 5287 0078 2807     		.short	1832
 5288 007a EC07     		.short	2028
 5289 007c 3407     		.short	1844
 5290 007e F607     		.short	2038
 5291 0080 C207     		.short	1986
 5292 0082 0208     		.short	2050
 5293 0084 7508     		.short	2165
 5294 0086 EE07     		.short	2030
 5295 0088 A408     		.short	2212
 5296 008a F507     		.short	2037
 5297 008c 6C08     		.short	2156
 5298 008e 1208     		.short	2066
 5299 0090 0708     		.short	2055
 5300 0092 2608     		.short	2086
 5301 0094 D907     		.short	2009
 5302 0096 1908     		.short	2073
 5303 0098 FC07     		.short	2044
 5304 009a DB07     		.short	2011
 5305 009c 3C08     		.short	2108
 5306 009e B907     		.short	1977
 5307 00a0 4F08     		.short	2127
 5308 00a2 9607     		.short	1942
 5309 00a4 2708     		.short	2087
 5310 00a6 A707     		.short	1959
 5311 00a8 FA07     		.short	2042
 5312 00aa D007     		.short	2000
 5313 00ac F507     		.short	2037
 5314 00ae E807     		.short	2024
 5315 00b0 FE07     		.short	2046
 5316 00b2 0B08     		.short	2059
 5317 00b4 FB07     		.short	2043
 5318 00b6 1F08     		.short	2079
 5319 00b8 EE07     		.short	2030
 5320 00ba 2208     		.short	2082
 5321 00bc DC07     		.short	2012
 5322 00be 1E08     		.short	2078
 5323 00c0 E207     		.short	2018
 5324 00c2 0B08     		.short	2059
 5325 00c4 F507     		.short	2037
 5326 00c6 0B08     		.short	2059
 5327 00c8 0A08     		.short	2058
ARM GAS  C:\Users\maraz\AppData\Local\Temp\ccyEBQ4t.s 			page 124


 5328 00ca 0C08     		.short	2060
 5329 00cc 0208     		.short	2050
 5330 00ce FF07     		.short	2047
 5331 00d0 EB07     		.short	2027
 5332 00d2 EB07     		.short	2027
 5333 00d4 F007     		.short	2032
 5334 00d6 FA07     		.short	2042
 5335 00d8 F607     		.short	2038
 5336 00da 0B08     		.short	2059
 5337 00dc 1208     		.short	2066
 5338 00de 0B08     		.short	2059
 5339 00e0 2408     		.short	2084
 5340 00e2 0308     		.short	2051
 5341 00e4 1F08     		.short	2079
 5342 00e6 FF07     		.short	2047
 5343 00e8 0F08     		.short	2063
 5344 00ea F207     		.short	2034
 5345 00ec EB07     		.short	2027
 5346 00ee F907     		.short	2041
 5347 00f0 DB07     		.short	2011
 5348 00f2 0708     		.short	2055
 5349 00f4 F707     		.short	2039
 5350 00f6 FA07     		.short	2042
 5351 00f8 1808     		.short	2072
 5352 00fa E807     		.short	2024
 5353 00fc 1608     		.short	2070
 5354 00fe DE07     		.short	2014
 5355 0100 FE07     		.short	2046
 5356 0102 0408     		.short	2052
 5357 0104 E907     		.short	2025
 5358 0106 0C08     		.short	2060
 5359 0108 E507     		.short	2021
 5360 010a F207     		.short	2034
 5361 010c FD07     		.short	2045
 5362 010e 4F08     		.short	2127
 5363 0110 3A08     		.short	2106
 5364 0112 DD07     		.short	2013
 5365 0114 4208     		.short	2114
 5366 0116 B407     		.short	1972
 5367 0118 1908     		.short	2073
 5368 011a 1D08     		.short	2077
 5369 011c D707     		.short	2007
 5370 011e 7708     		.short	2167
 5371 0120 D307     		.short	2003
 5372 0122 5308     		.short	2131
 5373 0124 D607     		.short	2006
 5374 0126 EC07     		.short	2028
 5375 0128 E307     		.short	2019
 5376 012a B507     		.short	1973
 5377 012c CE07     		.short	1998
 5378 012e D007     		.short	2000
 5379 0130 CB07     		.short	1995
 5380 0132 2A08     		.short	2090
 5381 0134 DE07     		.short	2014
 5382 0136 4808     		.short	2120
 5383 0138 1608     		.short	2070
 5384 013a 2208     		.short	2082
ARM GAS  C:\Users\maraz\AppData\Local\Temp\ccyEBQ4t.s 			page 125


 5385 013c 4B08     		.short	2123
 5386 013e D807     		.short	2008
 5387 0140 3708     		.short	2103
 5388 0142 C807     		.short	1992
 5389 0144 1408     		.short	2068
 5390 0146 E707     		.short	2023
 5391 0148 DF07     		.short	2015
 5392 014a 1708     		.short	2071
 5393 014c F907     		.short	2041
 5394 014e F907     		.short	2041
 5395 0150 1208     		.short	2066
 5396 0152 E007     		.short	2016
 5397 0154 1708     		.short	2071
 5398 0156 CA07     		.short	1994
 5399 0158 0508     		.short	2053
 5400 015a D707     		.short	2007
 5401 015c F407     		.short	2036
 5402 015e F107     		.short	2033
 5403 0160 F607     		.short	2038
 5404 0162 0308     		.short	2051
 5405 0164 0308     		.short	2051
 5406 0166 1508     		.short	2069
 5407 0168 FD07     		.short	2045
 5408 016a 1508     		.short	2069
 5409 016c FD07     		.short	2045
 5410 016e 0908     		.short	2057
 5411 0170 0308     		.short	2051
 5412 0172 FF07     		.short	2047
 5413 0174 0D08     		.short	2061
 5414 0176 0208     		.short	2050
 5415 0178 1108     		.short	2065
 5416 017a 1308     		.short	2067
 5417 017c 0308     		.short	2051
 5418 017e 1308     		.short	2067
 5419 0180 EC07     		.short	2028
 5420 0182 FA07     		.short	2042
 5421 0184 F007     		.short	2032
 5422 0186 EA07     		.short	2026
 5423 0188 EF07     		.short	2031
 5424 018a F507     		.short	2037
 5425 018c 0407     		.short	1796
 5426 018e F00A     		.short	2800
 5427 0190 5207     		.short	1874
 5428 0192 7009     		.short	2416
 5429 0194 9B08     		.short	2203
 5430 0196 7907     		.short	1913
 5431 0198 AB06     		.short	1707
 5432 019a 6108     		.short	2145
 5433 019c 5B06     		.short	1627
 5434 019e 2808     		.short	2088
 5435 01a0 5609     		.short	2390
 5436 01a2 4E07     		.short	1870
 5437 01a4 6309     		.short	2403
 5438 01a6 8F07     		.short	1935
 5439 01a8 5807     		.short	1880
 5440 01aa 4A08     		.short	2122
 5441 01ac AA08     		.short	2218
ARM GAS  C:\Users\maraz\AppData\Local\Temp\ccyEBQ4t.s 			page 126


 5442 01ae 6107     		.short	1889
 5443 01b0 FA08     		.short	2298
 5444 01b2 DE06     		.short	1758
 5445 01b4 AC06     		.short	1708
 5446 01b6 6308     		.short	2147
 5447 01b8 4907     		.short	1865
 5448 01ba 9D09     		.short	2461
 5449 01bc 5C09     		.short	2396
 5450 01be 8708     		.short	2183
 5451 01c0 5807     		.short	1880
 5452 01c2 FB06     		.short	1787
 5453 01c4 FB05     		.short	1531
 5454 01c6 FE07     		.short	2046
 5455 01c8 E608     		.short	2278
 5456 01ca E208     		.short	2274
 5457 01cc 7609     		.short	2422
 5458 01ce EA07     		.short	2026
 5459 01d0 CC07     		.short	1996
 5460 01d2 6707     		.short	1895
 5461 01d4 B907     		.short	1977
 5462 01d6 B207     		.short	1970
 5463 01d8 BB08     		.short	2235
 5464 01da BB07     		.short	1979
 5465 01dc C607     		.short	1990
 5466 01de 0508     		.short	2053
 5467 01e0 4F07     		.short	1871
 5468 01e2 C008     		.short	2240
 5469 01e4 3908     		.short	2105
 5470 01e6 8D08     		.short	2189
 5471 01e8 0508     		.short	2053
 5472 01ea C207     		.short	1986
 5473 01ec 1207     		.short	1810
 5474 01ee A707     		.short	1959
 5475 01f0 DF07     		.short	2015
 5476 01f2 5D08     		.short	2141
 5477 01f4 C508     		.short	2245
 5478 01f6 0608     		.short	2054
 5479 01f8 1008     		.short	2064
 5480 01fa AF07     		.short	1967
 5481 01fc 0A08     		.short	2058
 5482 01fe E907     		.short	2025
 5483 0200 3708     		.short	2103
 5484 0202 D807     		.short	2008
 5485 0204 B707     		.short	1975
 5486 0206 E107     		.short	2017
 5487 0208 C907     		.short	1993
 5488 020a 9C05     		.short	1436
 5489 020c 1009     		.short	2320
 5490 020e 3E05     		.short	1342
 5491 0210 1609     		.short	2326
 5492 0212 C007     		.short	1984
 5493 0214 0908     		.short	2057
 5494 0216 030A     		.short	2563
 5495 0218 FC07     		.short	2044
 5496 021a E90A     		.short	2793
 5497 021c 5407     		.short	1876
 5498 021e 3D09     		.short	2365
ARM GAS  C:\Users\maraz\AppData\Local\Temp\ccyEBQ4t.s 			page 127


 5499 0220 B607     		.short	1974
 5500 0222 F207     		.short	2034
 5501 0224 1308     		.short	2067
 5502 0226 1007     		.short	1808
 5503 0228 D507     		.short	2005
 5504 022a D807     		.short	2008
 5505 022c 4607     		.short	1862
 5506 022e A908     		.short	2217
 5507 0230 1D07     		.short	1821
 5508 0232 5D08     		.short	2141
 5509 0234 E006     		.short	1760
 5510 0236 B207     		.short	1970
 5511 0238 5307     		.short	1875
 5512 023a BD07     		.short	1981
 5513 023c DA07     		.short	2010
 5514 023e CF07     		.short	1999
 5515 0240 5508     		.short	2133
 5516 0242 5408     		.short	2132
 5517 0244 F408     		.short	2292
 5518 0246 6608     		.short	2150
 5519 0248 C608     		.short	2246
 5520 024a 1108     		.short	2065
 5521 024c 7B08     		.short	2171
 5522 024e 8607     		.short	1926
 5523 0250 6608     		.short	2150
 5524 0252 8707     		.short	1927
 5525 0254 1908     		.short	2073
 5526 0256 F207     		.short	2034
 5527 0258 C107     		.short	1985
 5528 025a 2908     		.short	2089
 5529 025c CE07     		.short	1998
 5530 025e B807     		.short	1976
 5531 0260 1308     		.short	2067
 5532 0262 2407     		.short	1828
 5533 0264 FB07     		.short	2043
 5534 0266 2D07     		.short	1837
 5535 0268 EA07     		.short	2026
 5536 026a F807     		.short	2040
 5537 026c CC07     		.short	1996
 5538 026e 8808     		.short	2184
 5539 0270 D707     		.short	2007
 5540 0272 E908     		.short	2281
 5541 0274 1A08     		.short	2074
 5542 0276 9E08     		.short	2206
 5543 0278 2008     		.short	2080
 5544 027a F407     		.short	2036
 5545 027c 2408     		.short	2084
 5546 027e C307     		.short	1987
 5547 0280 0908     		.short	2057
 5548 0282 FE07     		.short	2046
 5549 0284 B707     		.short	1975
 5550 0286 2708     		.short	2087
 5551 0288 B007     		.short	1968
 5552 028a EE07     		.short	2030
 5553 028c 5709     		.short	2391
 5554 028e 1307     		.short	1811
 5555 0290 FA07     		.short	2042
ARM GAS  C:\Users\maraz\AppData\Local\Temp\ccyEBQ4t.s 			page 128


 5556 0292 DE07     		.short	2014
 5557 0294 A106     		.short	1697
 5558 0296 D308     		.short	2259
 5559 0298 B007     		.short	1968
 5560 029a 5008     		.short	2128
 5561 029c B508     		.short	2229
 5562 029e 6407     		.short	1892
 5563 02a0 8E08     		.short	2190
 5564 02a2 F307     		.short	2035
 5565 02a4 0D08     		.short	2061
 5566 02a6 D008     		.short	2256
 5567 02a8 BE07     		.short	1982
 5568 02aa 5908     		.short	2137
 5569 02ac EF07     		.short	2031
 5570 02ae 5607     		.short	1878
 5571 02b0 8F08     		.short	2191
 5572 02b2 2A07     		.short	1834
 5573 02b4 8408     		.short	2180
 5574 02b6 3E08     		.short	2110
 5575 02b8 6707     		.short	1895
 5576 02ba D608     		.short	2262
 5577 02bc 4807     		.short	1864
 5578 02be FF07     		.short	2047
 5579 02c0 3B08     		.short	2107
 5580 02c2 0F07     		.short	1807
 5581 02c4 A208     		.short	2210
 5582 02c6 9007     		.short	1936
 5583 02c8 CC07     		.short	1996
 5584 02ca 8E08     		.short	2190
 5585 02cc 0408     		.short	2052
 5586 02ce 5708     		.short	2135
 5587 02d0 1008     		.short	2064
 5588 02d2 4508     		.short	2117
 5589 02d4 A005     		.short	1440
 5590 02d6 9108     		.short	2193
 5591 02d8 3606     		.short	1590
 5592 02da BF06     		.short	1727
 5593 02dc B006     		.short	1712
 5594 02de E708     		.short	2279
 5595 02e0 9F07     		.short	1951
 5596 02e2 A907     		.short	1961
 5597 02e4 BB08     		.short	2235
 5598 02e6 0D0A     		.short	2573
 5599 02e8 8B07     		.short	1931
 5600 02ea F609     		.short	2550
 5601 02ec 0309     		.short	2307
 5602 02ee DA06     		.short	1754
 5603 02f0 1C07     		.short	1820
 5604 02f2 E406     		.short	1764
 5605 02f4 0F08     		.short	2063
 5606 02f6 8806     		.short	1672
 5607 02f8 B008     		.short	2224
 5608 02fa 9108     		.short	2193
 5609 02fc 8707     		.short	1927
 5610 02fe C007     		.short	1984
 5611 0300 4309     		.short	2371
 5612 0302 FC07     		.short	2044
ARM GAS  C:\Users\maraz\AppData\Local\Temp\ccyEBQ4t.s 			page 129


 5613 0304 FC08     		.short	2300
 5614 0306 8A08     		.short	2186
 5615 0308 A708     		.short	2215
 5616 030a ED05     		.short	1517
 5617 030c 9307     		.short	1939
 5618 030e 1209     		.short	2322
 5619 0310 FB05     		.short	1531
 5620 0312 9907     		.short	1945
 5621 0314 7609     		.short	2422
 5622 0316 8607     		.short	1926
 5623 0318 BA06     		.short	1722
 5624 031a 8608     		.short	2182
 5625 031c DA08     		.short	2266
 5626 031e 6C07     		.short	1900
 5627 0320 5D08     		.short	2141
 5628 0322 410A     		.short	2625
 5629 0324 FE06     		.short	1790
 5630 0326 DC06     		.short	1756
 5631 0328 B708     		.short	2231
 5632 032a AD07     		.short	1965
 5633 032c 0107     		.short	1793
 5634 032e 7908     		.short	2169
 5635 0330 F508     		.short	2293
 5636 0332 0F07     		.short	1807
 5637 0334 8307     		.short	1923
 5638 0336 0009     		.short	2304
 5639 0338 4108     		.short	2113
 5640 033a 5607     		.short	1878
 5641 033c 7609     		.short	2422
 5642 033e 4D08     		.short	2125
 5643 0340 B006     		.short	1712
 5644 0342 9D07     		.short	1949
 5645 0344 F807     		.short	2040
 5646 0346 D507     		.short	2005
 5647 0348 D206     		.short	1746
 5648 034a D908     		.short	2265
 5649 034c F607     		.short	2038
 5650 034e 9B07     		.short	1947
 5651 0350 3B08     		.short	2107
 5652 0352 5E08     		.short	2142
 5653 0354 2708     		.short	2087
 5654 0356 9708     		.short	2199
 5655 0358 2C08     		.short	2092
 5656 035a E507     		.short	2021
 5657 035c 9907     		.short	1945
 5658 035e 9807     		.short	1944
 5659 0360 2008     		.short	2080
 5660 0362 9F07     		.short	1951
 5661 0364 4D08     		.short	2125
 5662 0366 2708     		.short	2087
 5663 0368 ED07     		.short	2029
 5664 036a FD07     		.short	2045
 5665 036c 4E08     		.short	2126
 5666 036e D707     		.short	2007
 5667 0370 5108     		.short	2129
 5668 0372 CF07     		.short	1999
 5669 0374 2208     		.short	2082
ARM GAS  C:\Users\maraz\AppData\Local\Temp\ccyEBQ4t.s 			page 130


 5670 0376 7707     		.short	1911
 5671 0378 D407     		.short	2004
 5672 037a F307     		.short	2035
 5673 037c CD07     		.short	1997
 5674 037e 3C08     		.short	2108
 5675 0380 1C08     		.short	2076
 5676 0382 1808     		.short	2072
 5677 0384 D307     		.short	2003
 5678 0386 1808     		.short	2072
 5679 0388 E207     		.short	2018
 5680 038a 4F0B     		.short	2895
 5681 038c 6A0B     		.short	2922
 5682 038e F708     		.short	2295
 5683 0390 4D05     		.short	1357
 5684 0392 B805     		.short	1464
 5685 0394 9106     		.short	1681
 5686 0396 7A08     		.short	2170
 5687 0398 1809     		.short	2328
 5688 039a 5B09     		.short	2395
 5689 039c 1709     		.short	2327
 5690 039e 0608     		.short	2054
 5691 03a0 DA06     		.short	1754
 5692 03a2 3B07     		.short	1851
 5693 03a4 8D06     		.short	1677
 5694 03a6 5008     		.short	2128
 5695 03a8 7809     		.short	2424
 5696 03aa 9B08     		.short	2203
 5697 03ac EF08     		.short	2287
 5698 03ae FF06     		.short	1791
 5699 03b0 3607     		.short	1846
 5700 03b2 5F07     		.short	1887
 5701 03b4 EB06     		.short	1771
 5702 03b6 BC09     		.short	2492
 5703 03b8 B008     		.short	2224
 5704 03ba DA08     		.short	2266
 5705 03bc C207     		.short	1986
 5706 03be 0C06     		.short	1548
 5707 03c0 FB07     		.short	2043
 5708 03c2 6E07     		.short	1902
 5709 03c4 1E09     		.short	2334
 5710 03c6 D108     		.short	2257
 5711 03c8 6307     		.short	1891
 5712 03ca 0D09     		.short	2317
 5713 03cc 7A07     		.short	1914
 5714 03ce AF08     		.short	2223
 5715 03d0 B307     		.short	1971
 5716 03d2 AE06     		.short	1710
 5717 03d4 A908     		.short	2217
 5718 03d6 0808     		.short	2056
 5719 03d8 0E09     		.short	2318
 5720 03da 8807     		.short	1928
 5721 03dc CC06     		.short	1740
 5722 03de D808     		.short	2264
 5723 03e0 D307     		.short	2003
 5724 03e2 2E09     		.short	2350
 5725 03e4 0608     		.short	2054
 5726 03e6 CF06     		.short	1743
ARM GAS  C:\Users\maraz\AppData\Local\Temp\ccyEBQ4t.s 			page 131


 5727 03e8 FD07     		.short	2045
 5728 03ea 9207     		.short	1938
 5729 03ec 3509     		.short	2357
 5730 03ee 9707     		.short	1943
 5731 03f0 2007     		.short	1824
 5732 03f2 4208     		.short	2114
 5733 03f4 0808     		.short	2056
 5734 03f6 C208     		.short	2242
 5735 03f8 0208     		.short	2050
 5736 03fa 2D07     		.short	1837
 5737 03fc 0D08     		.short	2061
 5738 03fe 2F08     		.short	2095
 5739 0400 A408     		.short	2212
 5740 0402 FF07     		.short	2047
 5741 0404 4207     		.short	1858
 5742 0406 0E08     		.short	2062
 5743 0408 D207     		.short	2002
 5744 040a 1808     		.short	2072
 5745 040c 0D08     		.short	2061
 5746 040e 9D07     		.short	1949
 5747 0410 E807     		.short	2024
 5748 0412 4708     		.short	2119
 5749 0414 9F08     		.short	2207
 5750 0416 F507     		.short	2037
 5751 0418 7E07     		.short	1918
 5752 041a 5808     		.short	2136
 5753 041c B807     		.short	1976
 5754 041e C107     		.short	1985
 5755 0420 4B08     		.short	2123
 5756 0422 DA07     		.short	2010
 5757 0424 2F08     		.short	2095
 5758 0426 FC07     		.short	2044
 5759 0428 5908     		.short	2137
 5760 042a C307     		.short	1987
 5761 042c 7F07     		.short	1919
 5762 042e 5808     		.short	2136
 5763 0430 3E08     		.short	2110
 5764 0432 0C08     		.short	2060
 5765 0434 1408     		.short	2068
 5766 0436 2108     		.short	2081
 5767 0438 B107     		.short	1969
 5768 043a BE07     		.short	1982
 5769 043c FB07     		.short	2043
 5770 043e FD07     		.short	2045
 5771 0440 F807     		.short	2040
 5772 0442 2E08     		.short	2094
 5773 0444 1608     		.short	2070
 5774 0446 CA07     		.short	1994
 5775 0448 0008     		.short	2048
 5776 044a 0D08     		.short	2061
 5777 044c 1808     		.short	2072
 5778 044e 2408     		.short	2084
 5779 0450 F607     		.short	2038
 5780 0452 FB07     		.short	2043
 5781 0454 D407     		.short	2004
 5782 0456 C307     		.short	1987
 5783 0458 0908     		.short	2057
ARM GAS  C:\Users\maraz\AppData\Local\Temp\ccyEBQ4t.s 			page 132


 5784 045a E007     		.short	2016
 5785 045c 2108     		.short	2081
 5786 045e 0208     		.short	2050
 5787 0460 0408     		.short	2052
 5788 0462 1A08     		.short	2074
 5789 0464 EF07     		.short	2031
 5790 0466 F107     		.short	2033
 5791 0468 FA07     		.short	2042
 5792 046a 1608     		.short	2070
 5793 046c 1008     		.short	2064
 5794 046e 0008     		.short	2048
 5795 0470 FB07     		.short	2043
 5796 0472 E707     		.short	2023
 5797 0474 0508     		.short	2053
 5798 0476 1608     		.short	2070
 5799 0478 1708     		.short	2071
 5800 047a F707     		.short	2039
 5801 047c DF07     		.short	2015
 5802 047e FE07     		.short	2046
 5803 0480 1708     		.short	2071
 5804 0482 1208     		.short	2066
 5805 0484 0208     		.short	2050
 5806 0486 F507     		.short	2037
 5807 0488 0B08     		.short	2059
 5808 048a 0808     		.short	2056
 5809 048c 5808     		.short	2136
 5810 048e F207     		.short	2034
 5811 0490 C907     		.short	1993
 5812 0492 0008     		.short	2048
 5813 0494 D707     		.short	2007
 5814 0496 2208     		.short	2082
 5815 0498 2D08     		.short	2093
 5816 049a 4808     		.short	2120
 5817 049c 0408     		.short	2052
 5818 049e 9E07     		.short	1950
 5819 04a0 EE07     		.short	2030
 5820 04a2 DB07     		.short	2011
 5821 04a4 1E08     		.short	2078
 5822 04a6 0808     		.short	2056
 5823 04a8 3A08     		.short	2106
 5824 04aa 0F08     		.short	2063
 5825 04ac E807     		.short	2024
 5826 04ae D507     		.short	2005
 5827 04b0 C407     		.short	1988
 5828 04b2 E607     		.short	2022
 5829 04b4 2B08     		.short	2091
 5830 04b6 4708     		.short	2119
 5831 04b8 2D08     		.short	2093
 5832 04ba E307     		.short	2019
 5833 04bc EF07     		.short	2031
 5834 04be E407     		.short	2020
 5835 04c0 FB07     		.short	2043
 5836 04c2 F707     		.short	2039
 5837 04c4 FB07     		.short	2043
 5838 04c6 2908     		.short	2089
 5839 04c8 1208     		.short	2066
 5840 04ca 1408     		.short	2068
ARM GAS  C:\Users\maraz\AppData\Local\Temp\ccyEBQ4t.s 			page 133


 5841 04cc F707     		.short	2039
 5842 04ce DA07     		.short	2010
 5843 04d0 F807     		.short	2040
 5844 04d2 1C08     		.short	2076
 5845 04d4 0B08     		.short	2059
 5846 04d6 FB07     		.short	2043
 5847 04d8 C807     		.short	1992
 5848 04da 0908     		.short	2057
 5849 04dc E607     		.short	2022
 5850 04de 0708     		.short	2055
 5851 04e0 1508     		.short	2069
 5852 04e2 E407     		.short	2020
 5853 04e4 0F08     		.short	2063
 5854 04e6 FC07     		.short	2044
 5855 04e8 2208     		.short	2082
 5856 04ea F507     		.short	2037
 5857 04ec E407     		.short	2020
 5858 04ee 1408     		.short	2068
 5859 04f0 F807     		.short	2040
 5860 04f2 2D08     		.short	2093
 5861 04f4 ED07     		.short	2029
 5862 04f6 E507     		.short	2021
 5863 04f8 0B08     		.short	2059
 5864 04fa F007     		.short	2032
 5865 04fc 2508     		.short	2085
 5866 04fe F607     		.short	2038
 5867 0500 0F08     		.short	2063
 5868 0502 0C08     		.short	2060
 5869 0504 FF07     		.short	2047
 5870 0506 0008     		.short	2048
 5871 0508 D107     		.short	2001
 5872 050a F307     		.short	2035
 5873 050c 0E08     		.short	2062
 5874 050e 0408     		.short	2052
 5875 0510 2608     		.short	2086
 5876 0512 F507     		.short	2037
 5877 0514 F407     		.short	2036
 5878 0516 1008     		.short	2064
 5879 0518 0408     		.short	2052
 5880 051a 1A08     		.short	2074
 5881 051c F807     		.short	2040
 5882 051e E407     		.short	2020
 5883 0520 0208     		.short	2050
 5884 0522 F907     		.short	2041
 5885 0524 1208     		.short	2066
 5886 0526 F707     		.short	2039
 5887 0528 F407     		.short	2036
 5888 052a 0308     		.short	2051
 5889 052c 0308     		.short	2051
 5890 052e 1C08     		.short	2076
 5891 0530 FF07     		.short	2047
 5892 0532 EC07     		.short	2028
 5893 0534 E907     		.short	2025
 5894 0536 0008     		.short	2048
 5895 0538 0108     		.short	2049
 5896 053a 1508     		.short	2069
 5897 053c 0108     		.short	2049
ARM GAS  C:\Users\maraz\AppData\Local\Temp\ccyEBQ4t.s 			page 134


 5898 053e 0C08     		.short	2060
 5899 0540 FA07     		.short	2042
 5900 0542 F607     		.short	2038
 5901 0544 1208     		.short	2066
 5902 0546 F607     		.short	2038
 5903 0548 F307     		.short	2035
 5904 054a FF07     		.short	2047
 5905 054c 0308     		.short	2051
 5906 054e 1A08     		.short	2074
 5907 0550 FB07     		.short	2043
 5908 0552 FE07     		.short	2046
 5909 0554 F907     		.short	2041
 5910 0556 E307     		.short	2019
 5911 0558 1808     		.short	2072
 5912 055a DC07     		.short	2012
 5913 055c FF07     		.short	2047
 5914 055e F607     		.short	2038
 5915 0560 0B08     		.short	2059
 5916 0562 F507     		.short	2037
 5917 0564 F307     		.short	2035
 5918 0566 0D08     		.short	2061
 5919 0568 0908     		.short	2057
 5920 056a EF07     		.short	2031
 5921 056c 2208     		.short	2082
 5922 056e 1108     		.short	2065
 5923 0570 0108     		.short	2049
 5924 0572 FA07     		.short	2042
 5925 0574 F507     		.short	2037
 5926 0576 0508     		.short	2053
 5927 0578 E407     		.short	2020
 5928 057a 1B08     		.short	2075
 5929 057c FB07     		.short	2043
 5930 057e F607     		.short	2038
 5931 0580 FB07     		.short	2043
 5932 0582 0508     		.short	2053
 5933 0584 0408     		.short	2052
 5934 0586 1008     		.short	2064
 5935 0588 D509     		.short	2517
 5936 058a 5E09     		.short	2398
 5937 058c 6607     		.short	1894
 5938 058e 7906     		.short	1657
 5939 0590 7606     		.short	1654
 5940 0592 1407     		.short	1812
 5941 0594 8F08     		.short	2191
 5942 0596 8409     		.short	2436
 5943 0598 6F09     		.short	2415
 5944 059a 6F08     		.short	2159
 5945 059c 4E07     		.short	1870
 5946 059e A006     		.short	1696
 5947 05a0 C606     		.short	1734
 5948 05a2 DF07     		.short	2015
 5949 05a4 D008     		.short	2256
 5950 05a6 2609     		.short	2342
 5951 05a8 B408     		.short	2228
 5952 05aa 1008     		.short	2064
 5953 05ac 3007     		.short	1840
 5954 05ae 0207     		.short	1794
ARM GAS  C:\Users\maraz\AppData\Local\Temp\ccyEBQ4t.s 			page 135


 5955 05b0 8907     		.short	1929
 5956 05b2 3508     		.short	2101
 5957 05b4 B808     		.short	2232
 5958 05b6 C608     		.short	2246
 5959 05b8 5B08     		.short	2139
 5960 05ba A707     		.short	1959
 5961 05bc 5207     		.short	1874
 5962 05be 9207     		.short	1938
 5963 05c0 E107     		.short	2017
 5964 05c2 5708     		.short	2135
 5965 05c4 8A08     		.short	2186
 5966 05c6 4D08     		.short	2125
 5967 05c8 E707     		.short	2023
 5968 05ca DF07     		.short	2015
 5969 05cc 2208     		.short	2082
 5970 05ce 1A08     		.short	2074
 5971 05d0 0908     		.short	2057
 5972 05d2 0808     		.short	2056
 5973 05d4 F807     		.short	2040
 5974 05d6 F207     		.short	2034
 5975 05d8 FD07     		.short	2045
 5976 05da 0208     		.short	2050
 5977 05dc FC07     		.short	2044
 5978 05de FB07     		.short	2043
 5979 05e0 FC07     		.short	2044
 5980 05e2 FA07     		.short	2042
 5981 05e4 0208     		.short	2050
 5982 05e6 0808     		.short	2056
 5983 05e8 1408     		.short	2068
 5984 05ea 0808     		.short	2056
 5985 05ec E707     		.short	2023
 5986 05ee EE07     		.short	2030
 5987 05f0 F607     		.short	2038
 5988 05f2 1F08     		.short	2079
 5989 05f4 1708     		.short	2071
 5990 05f6 FF07     		.short	2047
 5991 05f8 EB07     		.short	2027
 5992 05fa E607     		.short	2022
 5993 05fc 0208     		.short	2050
 5994 05fe 0508     		.short	2053
 5995 0600 1008     		.short	2064
 5996 0602 0608     		.short	2054
 5997 0604 FA07     		.short	2042
 5998 0606 F207     		.short	2034
 5999 0608 FF06     		.short	1791
 6000 060a A309     		.short	2467
 6001 060c 6A0A     		.short	2666
 6002 060e 2106     		.short	1569
 6003 0610 DD08     		.short	2269
 6004 0612 E407     		.short	2020
 6005 0614 9B08     		.short	2203
 6006 0616 1C08     		.short	2076
 6007 0618 D904     		.short	1241
 6008 061a D108     		.short	2257
 6009 061c 4608     		.short	2118
 6010 061e 600A     		.short	2656
 6011 0620 4009     		.short	2368
ARM GAS  C:\Users\maraz\AppData\Local\Temp\ccyEBQ4t.s 			page 136


 6012 0622 6405     		.short	1380
 6013 0624 8A07     		.short	1930
 6014 0626 8B06     		.short	1675
 6015 0628 9909     		.short	2457
 6016 062a EE08     		.short	2286
 6017 062c F206     		.short	1778
 6018 062e 0F09     		.short	2319
 6019 0630 4E07     		.short	1870
 6020 0632 2C09     		.short	2348
 6021 0634 5B07     		.short	1883
 6022 0636 2406     		.short	1572
 6023 0638 3B08     		.short	2107
 6024 063a 1308     		.short	2067
 6025 063c 3D0A     		.short	2621
 6026 063e 3A08     		.short	2106
 6027 0640 0007     		.short	1792
 6028 0642 9407     		.short	1940
 6029 0644 1507     		.short	1813
 6030 0646 EE08     		.short	2286
 6031 0648 D507     		.short	2005
 6032 064a C807     		.short	1992
 6033 064c 7008     		.short	2160
 6034 064e 1108     		.short	2065
 6035 0650 BF08     		.short	2239
 6036 0652 3F07     		.short	1855
 6037 0654 1C07     		.short	1820
 6038 0656 ED07     		.short	2029
 6039 0658 3C08     		.short	2108
 6040 065a 3009     		.short	2352
 6041 065c 0808     		.short	2056
 6042 065e A107     		.short	1953
 6043 0660 8207     		.short	1922
 6044 0662 B107     		.short	1969
 6045 0664 5D08     		.short	2141
 6046 0666 EB07     		.short	2027
 6047 0668 1E08     		.short	2078
 6048 066a 2608     		.short	2086
 6049 066c 1608     		.short	2070
 6050 066e 2F08     		.short	2095
 6051 0670 BA07     		.short	1978
 6052 0672 CB07     		.short	1995
 6053 0674 D807     		.short	2008
 6054 0676 1F08     		.short	2079
 6055 0678 6708     		.short	2151
 6056 067a 2408     		.short	2084
 6057 067c 0D08     		.short	2061
 6058 067e D507     		.short	2005
 6059 0680 E907     		.short	2025
 6060 0682 FC07     		.short	2044
 6061 0684 FF07     		.short	2047
 6062 0686 2908     		.short	2089
 6063 0688 4206     		.short	1602
 6064 068a 080D     		.short	3336
 6065 068c 9C05     		.short	1436
 6066 068e 5B06     		.short	1627
 6067 0690 EC07     		.short	2028
 6068 0692 2C06     		.short	1580
ARM GAS  C:\Users\maraz\AppData\Local\Temp\ccyEBQ4t.s 			page 137


 6069 0694 DA0C     		.short	3290
 6070 0696 B707     		.short	1975
 6071 0698 1108     		.short	2065
 6072 069a D907     		.short	2009
 6073 069c DA04     		.short	1242
 6074 069e DC09     		.short	2524
 6075 06a0 5307     		.short	1875
 6076 06a2 A408     		.short	2212
 6077 06a4 0E09     		.short	2318
 6078 06a6 D006     		.short	1744
 6079 06a8 5C09     		.short	2396
 6080 06aa 0507     		.short	1797
 6081 06ac 6807     		.short	1896
 6082 06ae C807     		.short	1992
 6083 06b0 1807     		.short	1816
 6084 06b2 4E09     		.short	2382
 6085 06b4 E608     		.short	2278
 6086 06b6 7308     		.short	2163
 6087 06b8 B907     		.short	1977
 6088 06ba 5D06     		.short	1629
 6089 06bc 7307     		.short	1907
 6090 06be 3B08     		.short	2107
 6091 06c0 A008     		.short	2208
 6092 06c2 1B09     		.short	2331
 6093 06c4 CA07     		.short	1994
 6094 06c6 D207     		.short	2002
 6095 06c8 F207     		.short	2034
 6096 06ca 8107     		.short	1921
 6097 06cc B307     		.short	1971
 6098 06ce 0508     		.short	2053
 6099 06d0 E707     		.short	2023
 6100 06d2 F908     		.short	2297
 6101 06d4 1B08     		.short	2075
 6102 06d6 1E08     		.short	2078
 6103 06d8 8C07     		.short	1932
 6104 06da 1807     		.short	1816
 6105 06dc 5508     		.short	2133
 6106 06de F207     		.short	2034
 6107 06e0 B708     		.short	2231
 6108 06e2 4D08     		.short	2125
 6109 06e4 9E07     		.short	1950
 6110 06e6 1008     		.short	2064
 6111 06e8 7507     		.short	1909
 6112 06ea 3E08     		.short	2110
 6113 06ec F407     		.short	2036
 6114 06ee A507     		.short	1957
 6115 06f0 5D08     		.short	2141
 6116 06f2 F207     		.short	2034
 6117 06f4 7F08     		.short	2175
 6118 06f6 FB07     		.short	2043
 6119 06f8 6707     		.short	1895
 6120 06fa F507     		.short	2037
 6121 06fc E107     		.short	2017
 6122 06fe 9708     		.short	2199
 6123 0700 3E08     		.short	2110
 6124 0702 8E07     		.short	1934
 6125 0704 FF07     		.short	2047
ARM GAS  C:\Users\maraz\AppData\Local\Temp\ccyEBQ4t.s 			page 138


 6126 0706 C107     		.short	1985
 6127 0708 B907     		.short	1977
 6128 070a 7D07     		.short	1917
 6129 070c 960A     		.short	2710
 6130 070e BB07     		.short	1979
 6131 0710 3108     		.short	2097
 6132 0712 9704     		.short	1175
 6133 0714 EC07     		.short	2028
 6134 0716 4109     		.short	2369
 6135 0718 0909     		.short	2313
 6136 071a F208     		.short	2290
 6137 071c 7307     		.short	1907
 6138 071e 4907     		.short	1865
 6139 0720 A705     		.short	1447
 6140 0722 B309     		.short	2483
 6141 0724 6C09     		.short	2412
 6142 0726 B107     		.short	1969
 6143 0728 F206     		.short	1778
 6144 072a 7808     		.short	2168
 6145 072c CC08     		.short	2252
 6146 072e 5606     		.short	1622
 6147 0730 EF08     		.short	2287
 6148 0732 EE07     		.short	2030
 6149 0734 F207     		.short	2034
 6150 0736 C907     		.short	1993
 6151 0738 2F09     		.short	2351
 6152 073a 9307     		.short	1939
 6153 073c 3305     		.short	1331
 6154 073e A109     		.short	2465
 6155 0740 5209     		.short	2386
 6156 0742 5D08     		.short	2141
 6157 0744 F106     		.short	1777
 6158 0746 E407     		.short	2020
 6159 0748 8707     		.short	1927
 6160 074a A507     		.short	1957
 6161 074c C209     		.short	2498
 6162 074e B907     		.short	1977
 6163 0750 6507     		.short	1893
 6164 0752 6107     		.short	1889
 6165 0754 CB08     		.short	2251
 6166 0756 5308     		.short	2131
 6167 0758 2B07     		.short	1835
 6168 075a 5308     		.short	2131
 6169 075c C907     		.short	1993
 6170 075e 3A08     		.short	2106
 6171 0760 2208     		.short	2082
 6172 0762 2508     		.short	2085
 6173 0764 6E07     		.short	1902
 6174 0766 4407     		.short	1860
 6175 0768 E208     		.short	2274
 6176 076a 7A08     		.short	2170
 6177 076c 1A08     		.short	2074
 6178 076e 5A07     		.short	1882
 6179 0770 0408     		.short	2052
 6180 0772 B907     		.short	1977
 6181 0774 1308     		.short	2067
 6182 0776 BD08     		.short	2237
ARM GAS  C:\Users\maraz\AppData\Local\Temp\ccyEBQ4t.s 			page 139


 6183 0778 0008     		.short	2048
 6184 077a BF07     		.short	1983
 6185 077c 9607     		.short	1942
 6186 077e 7808     		.short	2168
 6187 0780 F207     		.short	2034
 6188 0782 D707     		.short	2007
 6189 0784 0208     		.short	2050
 6190 0786 0408     		.short	2052
 6191 0788 6D08     		.short	2157
 6192 078a D206     		.short	1746
 6193 078c 0904     		.short	1033
 6194 078e 2007     		.short	1824
 6195 0790 5308     		.short	2131
 6196 0792 F808     		.short	2296
 6197 0794 CB0A     		.short	2763
 6198 0796 FB08     		.short	2299
 6199 0798 4107     		.short	1857
 6200 079a A105     		.short	1441
 6201 079c 9C07     		.short	1948
 6202 079e 0307     		.short	1795
 6203 07a0 5208     		.short	2130
 6204 07a2 E409     		.short	2532
 6205 07a4 4709     		.short	2375
 6206 07a6 4E08     		.short	2126
 6207 07a8 0706     		.short	1543
 6208 07aa C607     		.short	1990
 6209 07ac 0207     		.short	1794
 6210 07ae 2308     		.short	2083
 6211 07b0 3D09     		.short	2365
 6212 07b2 B508     		.short	2229
 6213 07b4 5108     		.short	2129
 6214 07b6 C906     		.short	1737
 6215 07b8 2608     		.short	2086
 6216 07ba 3E07     		.short	1854
 6217 07bc A707     		.short	1959
 6218 07be 7C08     		.short	2172
 6219 07c0 AE08     		.short	2222
 6220 07c2 6708     		.short	2151
 6221 07c4 6F07     		.short	1903
 6222 07c6 3708     		.short	2103
 6223 07c8 A307     		.short	1955
 6224 07ca E607     		.short	2022
 6225 07cc 1108     		.short	2065
 6226 07ce 3C08     		.short	2108
 6227 07d0 E507     		.short	2021
 6228 07d2 6407     		.short	1892
 6229 07d4 9608     		.short	2198
 6230 07d6 C307     		.short	1987
 6231 07d8 3408     		.short	2100
 6232 07da E507     		.short	2021
 6233 07dc 2F08     		.short	2095
 6234 07de D907     		.short	2009
 6235 07e0 6D07     		.short	1901
 6236 07e2 A008     		.short	2208
 6237 07e4 FA07     		.short	2042
 6238 07e6 0108     		.short	2049
 6239 07e8 E207     		.short	2018
ARM GAS  C:\Users\maraz\AppData\Local\Temp\ccyEBQ4t.s 			page 140


 6240 07ea 0208     		.short	2050
 6241 07ec D907     		.short	2009
 6242 07ee A207     		.short	1954
 6243 07f0 9808     		.short	2200
 6244 07f2 0D08     		.short	2061
 6245 07f4 E407     		.short	2020
 6246 07f6 1508     		.short	2069
 6247 07f8 0B08     		.short	2059
 6248 07fa CF07     		.short	1999
 6249 07fc B707     		.short	1975
 6250 07fe 5308     		.short	2131
 6251 0800 3008     		.short	2096
 6252 0802 0D08     		.short	2061
 6253 0804 E507     		.short	2021
 6254 0806 5D07     		.short	1885
 6255 0808 A407     		.short	1956
 6256 080a DB09     		.short	2523
 6257 080c 6B06     		.short	1643
 6258 080e A80E     		.short	3752
 6259 0810 4706     		.short	1607
 6260 0812 E10B     		.short	3041
 6261 0814 8507     		.short	1925
 6262 0816 5508     		.short	2133
 6263 0818 0009     		.short	2304
 6264 081a C505     		.short	1477
 6265 081c E509     		.short	2533
 6266 081e 3D07     		.short	1853
 6267 0820 3508     		.short	2101
 6268 0822 D508     		.short	2261
 6269 0824 1B07     		.short	1819
 6270 0826 D309     		.short	2515
 6271 0828 3006     		.short	1584
 6272 082a C508     		.short	2245
 6273 082c A806     		.short	1704
 6274 082e D406     		.short	1748
 6275 0830 1407     		.short	1812
 6276 0832 BD06     		.short	1725
 6277 0834 7307     		.short	1907
 6278 0836 AB07     		.short	1963
 6279 0838 9208     		.short	2194
 6280 083a B108     		.short	2225
 6281 083c 2A09     		.short	2346
 6282 083e 9908     		.short	2201
 6283 0840 E109     		.short	2529
 6284 0842 5307     		.short	1875
 6285 0844 2709     		.short	2343
 6286 0846 6507     		.short	1893
 6287 0848 0108     		.short	2049
 6288 084a D007     		.short	2000
 6289 084c 4F07     		.short	1871
 6290 084e 6108     		.short	2145
 6291 0850 CE07     		.short	1998
 6292 0852 4B08     		.short	2123
 6293 0854 2108     		.short	2081
 6294 0856 A807     		.short	1960
 6295 0858 6B08     		.short	2155
 6296 085a EB06     		.short	1771
ARM GAS  C:\Users\maraz\AppData\Local\Temp\ccyEBQ4t.s 			page 141


 6297 085c 0808     		.short	2056
 6298 085e DE06     		.short	1758
 6299 0860 6007     		.short	1888
 6300 0862 AF07     		.short	1967
 6301 0864 9E07     		.short	1950
 6302 0866 B208     		.short	2226
 6303 0868 D607     		.short	2006
 6304 086a E108     		.short	2273
 6305 086c F707     		.short	2039
 6306 086e 9508     		.short	2197
 6307 0870 3D08     		.short	2109
 6308 0872 4008     		.short	2112
 6309 0874 0E08     		.short	2062
 6310 0876 0308     		.short	2051
 6311 0878 F707     		.short	2039
 6312 087a 4608     		.short	2118
 6313 087c DF07     		.short	2015
 6314 087e 5208     		.short	2130
 6315 0880 DF07     		.short	2015
 6316 0882 0408     		.short	2052
 6317 0884 E607     		.short	2022
 6318 0886 B107     		.short	1969
 6319 0888 FF07     		.short	2047
 6320 088a B707     		.short	1975
 6321 088c A707     		.short	1959
 6322 088e CA07     		.short	1994
 6323 0890 C407     		.short	1988
 6324 0892 0A08     		.short	2058
 6325 0894 EF07     		.short	2031
 6326 0896 5108     		.short	2129
 6327 0898 2F08     		.short	2095
 6328 089a EB07     		.short	2027
 6329 089c 3208     		.short	2098
 6330 089e E307     		.short	2019
 6331 08a0 4F08     		.short	2127
 6332 08a2 E307     		.short	2019
 6333 08a4 3A08     		.short	2106
 6334 08a6 2C08     		.short	2092
 6335 08a8 BA07     		.short	1978
 6336 08aa F107     		.short	2033
 6337 08ac B707     		.short	1975
 6338 08ae EE07     		.short	2030
 6339 08b0 3A08     		.short	2106
 6340 08b2 1208     		.short	2066
 6341 08b4 5E08     		.short	2142
 6342 08b6 A307     		.short	1955
 6343 08b8 D007     		.short	2000
 6344 08ba C607     		.short	1990
 6345 08bc E607     		.short	2022
 6346 08be 4308     		.short	2115
 6347 08c0 1208     		.short	2066
 6348 08c2 4F08     		.short	2127
 6349 08c4 CE07     		.short	1998
 6350 08c6 F107     		.short	2033
 6351 08c8 0B08     		.short	2059
 6352 08ca 0C08     		.short	2060
 6353 08cc 2008     		.short	2080
ARM GAS  C:\Users\maraz\AppData\Local\Temp\ccyEBQ4t.s 			page 142


 6354 08ce 0608     		.short	2054
 6355 08d0 1A08     		.short	2074
 6356 08d2 E607     		.short	2022
 6357 08d4 DC07     		.short	2012
 6358 08d6 1908     		.short	2073
 6359 08d8 FA07     		.short	2042
 6360 08da 0908     		.short	2057
 6361 08dc 0808     		.short	2056
 6362 08de 1308     		.short	2067
 6363 08e0 F007     		.short	2032
 6364 08e2 FE07     		.short	2046
 6365 08e4 0B08     		.short	2059
 6366 08e6 F107     		.short	2033
 6367 08e8 E907     		.short	2025
 6368 08ea FC07     		.short	2044
 6369 08ec 0508     		.short	2053
 6370 08ee 1208     		.short	2066
 6371 08f0 ED07     		.short	2029
 6372 08f2 0C08     		.short	2060
 6373 08f4 F907     		.short	2041
 6374 08f6 0008     		.short	2048
 6375 08f8 2008     		.short	2080
 6376 08fa 0B08     		.short	2059
 6377 08fc 1408     		.short	2068
 6378 08fe E407     		.short	2020
 6379 0900 FE07     		.short	2046
 6380 0902 0808     		.short	2056
 6381 0904 0108     		.short	2049
 6382 0906 6A08     		.short	2154
 6383 0908 DC07     		.short	2012
 6384 090a F807     		.short	2040
 6385 090c A007     		.short	1952
 6386 090e 6B07     		.short	1899
 6387 0910 2908     		.short	2089
 6388 0912 5907     		.short	1881
 6389 0914 6C08     		.short	2156
 6390 0916 8207     		.short	1922
 6391 0918 3E08     		.short	2110
 6392 091a 5D08     		.short	2141
 6393 091c 0C08     		.short	2060
 6394 091e A008     		.short	2208
 6395 0920 A607     		.short	1958
 6396 0922 4E08     		.short	2126
 6397 0924 DF07     		.short	2015
 6398 0926 0108     		.short	2049
 6399 0928 3008     		.short	2096
 6400 092a B407     		.short	1972
 6401 092c 5408     		.short	2132
 6402 092e EF07     		.short	2031
 6403 0930 1408     		.short	2068
 6404 0932 2E08     		.short	2094
 6405 0934 C707     		.short	1991
 6406 0936 5108     		.short	2129
 6407 0938 9707     		.short	1943
 6408 093a 1908     		.short	2073
 6409 093c 9F07     		.short	1951
 6410 093e E307     		.short	2019
ARM GAS  C:\Users\maraz\AppData\Local\Temp\ccyEBQ4t.s 			page 143


 6411 0940 E707     		.short	2023
 6412 0942 F707     		.short	2039
 6413 0944 1408     		.short	2068
 6414 0946 EC07     		.short	2028
 6415 0948 1F08     		.short	2079
 6416 094a 0608     		.short	2054
 6417 094c 3708     		.short	2103
 6418 094e 0708     		.short	2055
 6419 0950 FF07     		.short	2047
 6420 0952 E907     		.short	2025
 6421 0954 1308     		.short	2067
 6422 0956 0808     		.short	2056
 6423 0958 0D08     		.short	2061
 6424 095a F507     		.short	2037
 6425 095c FD07     		.short	2045
 6426 095e 0908     		.short	2057
 6427 0960 0608     		.short	2054
 6428 0962 0E08     		.short	2062
 6429 0964 0308     		.short	2051
 6430 0966 E207     		.short	2018
 6431 0968 0C08     		.short	2060
 6432 096a D007     		.short	2000
 6433 096c 0408     		.short	2052
 6434 096e CF07     		.short	1999
 6435 0970 0B08     		.short	2059
 6436 0972 F607     		.short	2038
 6437 0974 F907     		.short	2041
 6438 0976 2708     		.short	2087
 6439 0978 E707     		.short	2023
 6440 097a 2708     		.short	2087
 6441 097c F107     		.short	2033
 6442 097e 1608     		.short	2070
 6443 0980 FF07     		.short	2047
 6444 0982 0008     		.short	2048
 6445 0984 F507     		.short	2037
 6446 0986 E207     		.short	2018
 6447 0988 8704     		.short	1159
 6448 098a D004     		.short	1232
 6449 098c 3507     		.short	1845
 6450 098e E306     		.short	1763
 6451 0990 7A0A     		.short	2682
 6452 0992 BA06     		.short	1722
 6453 0994 9208     		.short	2194
 6454 0996 5004     		.short	1104
 6455 0998 7507     		.short	1909
 6456 099a 0A07     		.short	1802
 6457 099c 6109     		.short	2401
 6458 099e 470A     		.short	2631
 6459 09a0 8608     		.short	2182
 6460 09a2 1609     		.short	2326
 6461 09a4 A806     		.short	1704
 6462 09a6 F508     		.short	2293
 6463 09a8 E307     		.short	2019
 6464 09aa 000A     		.short	2560
 6465 09ac 3F09     		.short	2367
 6466 09ae D908     		.short	2265
 6467 09b0 F107     		.short	2033
ARM GAS  C:\Users\maraz\AppData\Local\Temp\ccyEBQ4t.s 			page 144


 6468 09b2 D606     		.short	1750
 6469 09b4 8107     		.short	1921
 6470 09b6 5F07     		.short	1887
 6471 09b8 FB07     		.short	2043
 6472 09ba 2608     		.short	2086
 6473 09bc 4407     		.short	1860
 6474 09be FA07     		.short	2042
 6475 09c0 7706     		.short	1655
 6476 09c2 0308     		.short	2051
 6477 09c4 E306     		.short	1763
 6478 09c6 9E08     		.short	2206
 6479 09c8 AE07     		.short	1966
 6480 09ca C307     		.short	1987
 6481 09cc DC07     		.short	2012
 6482 09ce C107     		.short	1985
 6483 09d0 1609     		.short	2326
 6484 09d2 5F08     		.short	2143
 6485 09d4 3709     		.short	2359
 6486 09d6 D907     		.short	2009
 6487 09d8 3608     		.short	2102
 6488 09da 9807     		.short	1944
 6489 09dc 2008     		.short	2080
 6490 09de 7F08     		.short	2175
 6491 09e0 5508     		.short	2133
 6492 09e2 4D08     		.short	2125
 6493 09e4 8407     		.short	1924
 6494 09e6 8F07     		.short	1935
 6495 09e8 6007     		.short	1888
 6496 09ea 8007     		.short	1920
 6497 09ec 1A08     		.short	2074
 6498 09ee A807     		.short	1960
 6499 09f0 4908     		.short	2121
 6500 09f2 4507     		.short	1861
 6501 09f4 FC07     		.short	2044
 6502 09f6 8507     		.short	1925
 6503 09f8 0708     		.short	2055
 6504 09fa 4D08     		.short	2125
 6505 09fc 1F08     		.short	2079
 6506 09fe 7808     		.short	2168
 6507 0a00 D307     		.short	2003
 6508 0a02 6208     		.short	2146
 6509 0a04 DD07     		.short	2013
 6510 0a06 9D07     		.short	1949
 6511 0a08 8F07     		.short	1935
 6512 0a0a ED06     		.short	1773
 6513 0a0c 3108     		.short	2097
 6514 0a0e 2907     		.short	1833
 6515 0a10 3508     		.short	2101
 6516 0a12 5708     		.short	2135
 6517 0a14 2808     		.short	2088
 6518 0a16 BD07     		.short	1981
 6519 0a18 A907     		.short	1961
 6520 0a1a A506     		.short	1701
 6521 0a1c FF07     		.short	2047
 6522 0a1e E305     		.short	1507
 6523 0a20 8608     		.short	2182
 6524 0a22 D206     		.short	1746
ARM GAS  C:\Users\maraz\AppData\Local\Temp\ccyEBQ4t.s 			page 145


 6525 0a24 FD08     		.short	2301
 6526 0a26 B008     		.short	2224
 6527 0a28 4408     		.short	2116
 6528 0a2a F109     		.short	2545
 6529 0a2c 5407     		.short	1876
 6530 0a2e 2A0A     		.short	2602
 6531 0a30 EC06     		.short	1772
 6532 0a32 BD08     		.short	2237
 6533 0a34 9607     		.short	1942
 6534 0a36 6E07     		.short	1902
 6535 0a38 5F08     		.short	2143
 6536 0a3a CB06     		.short	1739
 6537 0a3c 7508     		.short	2165
 6538 0a3e A307     		.short	1955
 6539 0a40 A707     		.short	1959
 6540 0a42 9608     		.short	2198
 6541 0a44 E906     		.short	1769
 6542 0a46 C508     		.short	2245
 6543 0a48 CE06     		.short	1742
 6544 0a4a 3E08     		.short	2110
 6545 0a4c 6B07     		.short	1899
 6546 0a4e 9D07     		.short	1949
 6547 0a50 7208     		.short	2162
 6548 0a52 9107     		.short	1937
 6549 0a54 0B09     		.short	2315
 6550 0a56 EA07     		.short	2026
 6551 0a58 E408     		.short	2276
 6552 0a5a 5408     		.short	2132
 6553 0a5c 4308     		.short	2115
 6554 0a5e 4308     		.short	2115
 6555 0a60 E307     		.short	2019
 6556 0a62 D007     		.short	2000
 6557 0a64 0808     		.short	2056
 6558 0a66 9C07     		.short	1948
 6559 0a68 5108     		.short	2129
 6560 0a6a D007     		.short	2000
 6561 0a6c 3408     		.short	2100
 6562 0a6e FD07     		.short	2045
 6563 0a70 CA07     		.short	1994
 6564 0a72 D507     		.short	2005
 6565 0a74 9707     		.short	1943
 6566 0a76 9D07     		.short	1949
 6567 0a78 AA07     		.short	1962
 6568 0a7a A007     		.short	1952
 6569 0a7c 1408     		.short	2068
 6570 0a7e CD07     		.short	1997
 6571 0a80 3F08     		.short	2111
 6572 0a82 3708     		.short	2103
 6573 0a84 2508     		.short	2085
 6574 0a86 3E09     		.short	2366
 6575 0a88 3708     		.short	2103
 6576 0a8a 4907     		.short	1865
 6577 0a8c 8109     		.short	2433
 6578 0a8e 3A07     		.short	1850
 6579 0a90 2908     		.short	2089
 6580 0a92 E208     		.short	2274
 6581 0a94 AB06     		.short	1707
ARM GAS  C:\Users\maraz\AppData\Local\Temp\ccyEBQ4t.s 			page 146


 6582 0a96 EF08     		.short	2287
 6583 0a98 6A07     		.short	1898
 6584 0a9a 1F07     		.short	1823
 6585 0a9c 2009     		.short	2336
 6586 0a9e CC06     		.short	1740
 6587 0aa0 A508     		.short	2213
 6588 0aa2 1C08     		.short	2076
 6589 0aa4 B106     		.short	1713
 6590 0aa6 A208     		.short	2210
 6591 0aa8 CA06     		.short	1738
 6592 0aaa F507     		.short	2037
 6593 0aac E208     		.short	2274
 6594 0aae 4007     		.short	1856
 6595 0ab0 2D09     		.short	2349
 6596 0ab2 D207     		.short	2002
 6597 0ab4 9D07     		.short	1949
 6598 0ab6 0309     		.short	2307
 6599 0ab8 2E07     		.short	1838
 6600 0aba E308     		.short	2275
 6601 0abc 3A08     		.short	2106
 6602 0abe 9D07     		.short	1949
 6603 0ac0 B908     		.short	2233
 6604 0ac2 2207     		.short	1826
 6605 0ac4 2C08     		.short	2092
 6606 0ac6 1808     		.short	2072
 6607 0ac8 D907     		.short	2009
 6608 0aca 1408     		.short	2068
 6609 0acc CF07     		.short	1999
 6610 0ace B207     		.short	1970
 6611 0ad0 0C08     		.short	2060
 6612 0ad2 FB08     		.short	2299
 6613 0ad4 0309     		.short	2307
 6614 0ad6 DA0C     		.short	3290
 6615 0ad8 C307     		.short	1987
 6616 0ada 7F07     		.short	1919
 6617 0adc 2308     		.short	2083
 6618 0ade 1E05     		.short	1310
 6619 0ae0 9207     		.short	1938
 6620 0ae2 5306     		.short	1619
 6621 0ae4 F409     		.short	2548
 6622 0ae6 0107     		.short	1793
 6623 0ae8 F307     		.short	2035
 6624 0aea 3B08     		.short	2107
 6625 0aec 5508     		.short	2133
 6626 0aee FA07     		.short	2042
 6627 0af0 0F0A     		.short	2575
 6628 0af2 9308     		.short	2195
 6629 0af4 7F08     		.short	2175
 6630 0af6 AB07     		.short	1963
 6631 0af8 D006     		.short	1744
 6632 0afa 8807     		.short	1928
 6633 0afc 2206     		.short	1570
 6634 0afe 0409     		.short	2308
 6635 0b00 5307     		.short	1875
 6636 0b02 2B08     		.short	2091
 6637 0b04 2408     		.short	2084
 6638 0b06 7B09     		.short	2427
ARM GAS  C:\Users\maraz\AppData\Local\Temp\ccyEBQ4t.s 			page 147


 6639 0b08 9807     		.short	1944
 6640 0b0a 5D08     		.short	2141
 6641 0b0c DB09     		.short	2523
 6642 0b0e CF08     		.short	2255
 6643 0b10 B406     		.short	1716
 6644 0b12 6D08     		.short	2157
 6645 0b14 2B08     		.short	2091
 6646 0b16 9C05     		.short	1436
 6647 0b18 3808     		.short	2104
 6648 0b1a 3508     		.short	2101
 6649 0b1c 2D08     		.short	2093
 6650 0b1e 4F07     		.short	1871
 6651 0b20 5609     		.short	2390
 6652 0b22 1008     		.short	2064
 6653 0b24 C307     		.short	1987
 6654 0b26 3E08     		.short	2110
 6655 0b28 2009     		.short	2336
 6656 0b2a F006     		.short	1776
 6657 0b2c D307     		.short	2003
 6658 0b2e 7608     		.short	2166
 6659 0b30 D906     		.short	1753
 6660 0b32 CE07     		.short	1998
 6661 0b34 4208     		.short	2114
 6662 0b36 A708     		.short	2215
 6663 0b38 7107     		.short	1905
 6664 0b3a 5408     		.short	2132
 6665 0b3c A808     		.short	2216
 6666 0b3e C107     		.short	1985
 6667 0b40 9807     		.short	1944
 6668 0b42 5409     		.short	2388
 6669 0b44 B607     		.short	1974
 6670 0b46 B507     		.short	1973
 6671 0b48 1608     		.short	2070
 6672 0b4a 3B07     		.short	1851
 6673 0b4c FE07     		.short	2046
 6674 0b4e 5A07     		.short	1882
 6675 0b50 A408     		.short	2212
 6676 0b52 0D08     		.short	2061
 6677 0b54 BD07     		.short	1981
 6678 0b56 6308     		.short	2147
 6679 0b58 D907     		.short	2009
 6680 0b5a 9D07     		.short	1949
 6681 0b5c 6808     		.short	2152
 6682 0b5e 1208     		.short	2066
 6683 0b60 1908     		.short	2073
 6684 0b62 B207     		.short	1970
 6685 0b64 F807     		.short	2040
 6686 0b66 0208     		.short	2050
 6687 0b68 6307     		.short	1891
 6688 0b6a 7A08     		.short	2170
 6689 0b6c 1C08     		.short	2076
 6690 0b6e 1408     		.short	2068
 6691 0b70 F807     		.short	2040
 6692 0b72 0C08     		.short	2060
 6693 0b74 0108     		.short	2049
 6694 0b76 E507     		.short	2021
 6695 0b78 0908     		.short	2057
ARM GAS  C:\Users\maraz\AppData\Local\Temp\ccyEBQ4t.s 			page 148


 6696 0b7a 5408     		.short	2132
 6697 0b7c CC07     		.short	1996
 6698 0b7e D107     		.short	2001
 6699 0b80 1808     		.short	2072
 6700 0b82 9D07     		.short	1949
 6701 0b84 4E01     		.short	334
 6702 0b86 9906     		.short	1689
 6703 0b88 C406     		.short	1732
 6704 0b8a 6A0C     		.short	3178
 6705 0b8c 270A     		.short	2599
 6706 0b8e 7307     		.short	1907
 6707 0b90 5F0A     		.short	2655
 6708 0b92 6B06     		.short	1643
 6709 0b94 7A08     		.short	2170
 6710 0b96 FF04     		.short	1279
 6711 0b98 0B05     		.short	1291
 6712 0b9a 080A     		.short	2568
 6713 0b9c 0E0A     		.short	2574
 6714 0b9e 790C     		.short	3193
 6715 0ba0 0607     		.short	1798
 6716 0ba2 1405     		.short	1300
 6717 0ba4 BE06     		.short	1726
 6718 0ba6 3306     		.short	1587
 6719 0ba8 5A0A     		.short	2650
 6720 0baa 4B08     		.short	2123
 6721 0bac 8508     		.short	2181
 6722 0bae F908     		.short	2297
 6723 0bb0 5307     		.short	1875
 6724 0bb2 B408     		.short	2228
 6725 0bb4 0906     		.short	1545
 6726 0bb6 D306     		.short	1747
 6727 0bb8 5708     		.short	2135
 6728 0bba CA08     		.short	2250
 6729 0bbc 490A     		.short	2633
 6730 0bbe D507     		.short	2005
 6731 0bc0 CD06     		.short	1741
 6732 0bc2 D006     		.short	1744
 6733 0bc4 1907     		.short	1817
 6734 0bc6 2809     		.short	2344
 6735 0bc8 2608     		.short	2086
 6736 0bca F907     		.short	2041
 6737 0bcc EA07     		.short	2026
 6738 0bce A207     		.short	1954
 6739 0bd0 4308     		.short	2115
 6740 0bd2 6A07     		.short	1898
 6741 0bd4 CC07     		.short	1996
 6742 0bd6 8007     		.short	1920
 6743 0bd8 2208     		.short	2082
 6744 0bda 9508     		.short	2197
 6745 0bdc 6D08     		.short	2157
 6746 0bde 7607     		.short	1910
 6747 0be0 9D07     		.short	1949
 6748 0be2 A607     		.short	1958
 6749 0be4 6F08     		.short	2159
 6750 0be6 8108     		.short	2177
 6751 0be8 7008     		.short	2160
 6752 0bea 2A08     		.short	2090
ARM GAS  C:\Users\maraz\AppData\Local\Temp\ccyEBQ4t.s 			page 149


 6753 0bec AE07     		.short	1966
 6754 0bee B307     		.short	1971
 6755 0bf0 D007     		.short	2000
 6756 0bf2 C907     		.short	1993
 6757 0bf4 F007     		.short	2032
 6758 0bf6 6208     		.short	2146
 6759 0bf8 0908     		.short	2057
 6760 0bfa 5208     		.short	2130
 6761 0bfc CA07     		.short	1994
 6762 0bfe F507     		.short	2037
 6763 0c00 BD07     		.short	1981
 6764 0c02 ED07     		.short	2029
 6765 0c04 B308     		.short	2227
 6766 0c06 4108     		.short	2113
 6767 0c08 F207     		.short	2034
 6768 0c0a D607     		.short	2006
 6769 0c0c 6107     		.short	1889
 6770 0c0e CD07     		.short	1997
 6771 0c10 FF07     		.short	2047
 6772 0c12 8C08     		.short	2188
 6773 0c14 0508     		.short	2053
 6774 0c16 B307     		.short	1971
 6775 0c18 4E08     		.short	2126
 6776 0c1a F907     		.short	2041
 6777 0c1c 0408     		.short	2052
 6778 0c1e 0F08     		.short	2063
 6779 0c20 E507     		.short	2021
 6780 0c22 1808     		.short	2072
 6781 0c24 FA07     		.short	2042
 6782 0c26 6808     		.short	2152
 6783 0c28 D507     		.short	2005
 6784 0c2a 9C07     		.short	1948
 6785 0c2c F907     		.short	2041
 6786 0c2e 1608     		.short	2070
 6787 0c30 4E08     		.short	2126
 6788 0c32 0808     		.short	2056
 6789 0c34 D107     		.short	2001
 6790 0c36 F307     		.short	2035
 6791 0c38 D307     		.short	2003
 6792 0c3a 2D08     		.short	2093
 6793 0c3c FB07     		.short	2043
 6794 0c3e E507     		.short	2021
 6795 0c40 2608     		.short	2086
 6796 0c42 F607     		.short	2038
 6797 0c44 1008     		.short	2064
 6798 0c46 C207     		.short	1986
 6799 0c48 DC07     		.short	2012
 6800 0c4a E107     		.short	2017
 6801 0c4c 0F08     		.short	2063
 6802 0c4e 4908     		.short	2121
 6803 0c50 2708     		.short	2087
 6804 0c52 F407     		.short	2036
 6805 0c54 0708     		.short	2055
 6806 0c56 FE07     		.short	2046
 6807 0c58 0C08     		.short	2060
 6808 0c5a F207     		.short	2034
 6809 0c5c E307     		.short	2019
ARM GAS  C:\Users\maraz\AppData\Local\Temp\ccyEBQ4t.s 			page 150


 6810 0c5e F807     		.short	2040
 6811 0c60 F207     		.short	2034
 6812 0c62 1E08     		.short	2078
 6813 0c64 FD07     		.short	2045
 6814 0c66 F507     		.short	2037
 6815 0c68 0708     		.short	2055
 6816 0c6a FC07     		.short	2044
 6817 0c6c 1508     		.short	2069
 6818 0c6e 1408     		.short	2068
 6819 0c70 0708     		.short	2055
 6820 0c72 F607     		.short	2038
 6821 0c74 D607     		.short	2006
 6822 0c76 DF07     		.short	2015
 6823 0c78 0F08     		.short	2063
 6824 0c7a 1808     		.short	2072
 6825 0c7c 1508     		.short	2069
 6826 0c7e 0C08     		.short	2060
 6827 0c80 1508     		.short	2069
 6828 0c82 0508     		.short	2053
 6829 0c84 5B07     		.short	1883
 6830 0c86 E607     		.short	2022
 6831 0c88 1308     		.short	2067
 6832 0c8a DC07     		.short	2012
 6833 0c8c 9508     		.short	2197
 6834 0c8e 3408     		.short	2100
 6835 0c90 1F08     		.short	2079
 6836 0c92 8D07     		.short	1933
 6837 0c94 F706     		.short	1783
 6838 0c96 2908     		.short	2089
 6839 0c98 0608     		.short	2054
 6840 0c9a CD08     		.short	2253
 6841 0c9c 6408     		.short	2148
 6842 0c9e 9907     		.short	1945
 6843 0ca0 1108     		.short	2065
 6844 0ca2 7707     		.short	1911
 6845 0ca4 2508     		.short	2085
 6846 0ca6 DF07     		.short	2015
 6847 0ca8 F607     		.short	2038
 6848 0caa 7608     		.short	2166
 6849 0cac 0308     		.short	2051
 6850 0cae 3C08     		.short	2108
 6851 0cb0 AE07     		.short	1966
 6852 0cb2 8D07     		.short	1933
 6853 0cb4 F907     		.short	2041
 6854 0cb6 E807     		.short	2024
 6855 0cb8 8E08     		.short	2190
 6856 0cba 1508     		.short	2069
 6857 0cbc 0B08     		.short	2059
 6858 0cbe EC07     		.short	2028
 6859 0cc0 C107     		.short	1985
 6860 0cc2 FC07     		.short	2044
 6861 0cc4 E807     		.short	2024
 6862 0cc6 ED07     		.short	2029
 6863 0cc8 2908     		.short	2089
 6864 0cca 0E08     		.short	2062
 6865 0ccc 0B08     		.short	2059
 6866 0cce F307     		.short	2035
ARM GAS  C:\Users\maraz\AppData\Local\Temp\ccyEBQ4t.s 			page 151


 6867 0cd0 ED07     		.short	2029
 6868 0cd2 0308     		.short	2051
 6869 0cd4 E507     		.short	2021
 6870 0cd6 1608     		.short	2070
 6871 0cd8 0D08     		.short	2061
 6872 0cda 0108     		.short	2049
 6873 0cdc 0808     		.short	2056
 6874 0cde EA07     		.short	2026
 6875 0ce0 F007     		.short	2032
 6876 0ce2 0908     		.short	2057
 6877 0ce4 0608     		.short	2054
 6878 0ce6 1808     		.short	2072
 6879 0ce8 FC07     		.short	2044
 6880 0cea 0708     		.short	2055
 6881 0cec 0F08     		.short	2063
 6882 0cee EE07     		.short	2030
 6883 0cf0 D307     		.short	2003
 6884 0cf2 0508     		.short	2053
 6885 0cf4 F307     		.short	2035
 6886 0cf6 2908     		.short	2089
 6887 0cf8 0B08     		.short	2059
 6888 0cfa 0108     		.short	2049
 6889 0cfc F707     		.short	2039
 6890 0cfe E107     		.short	2017
 6891 0d00 1B08     		.short	2075
 6892 0d02 0608     		.short	2054
 6893 0d04 E607     		.short	2022
 6894 0d06 0608     		.short	2054
 6895 0d08 E107     		.short	2017
 6896 0d0a 1B08     		.short	2075
 6897 0d0c 0B08     		.short	2059
 6898 0d0e F107     		.short	2033
 6899 0d10 0208     		.short	2050
 6900 0d12 E107     		.short	2017
 6901 0d14 0708     		.short	2055
 6902 0d16 1308     		.short	2067
 6903 0d18 0B08     		.short	2059
 6904 0d1a FE07     		.short	2046
 6905 0d1c DF07     		.short	2015
 6906 0d1e F507     		.short	2037
 6907 0d20 FC07     		.short	2044
 6908 0d22 0408     		.short	2052
 6909 0d24 0808     		.short	2056
 6910 0d26 FF07     		.short	2047
 6911 0d28 0E08     		.short	2062
 6912 0d2a FA07     		.short	2042
 6913 0d2c FF07     		.short	2047
 6914 0d2e DF07     		.short	2015
 6915 0d30 0308     		.short	2051
 6916 0d32 1608     		.short	2070
 6917 0d34 0C08     		.short	2060
 6918 0d36 F007     		.short	2032
 6919 0d38 EA07     		.short	2026
 6920 0d3a FF07     		.short	2047
 6921 0d3c 0808     		.short	2056
 6922 0d3e 0B08     		.short	2059
 6923 0d40 0C08     		.short	2060
ARM GAS  C:\Users\maraz\AppData\Local\Temp\ccyEBQ4t.s 			page 152


 6924 0d42 FF07     		.short	2047
 6925 0d44 FF07     		.short	2047
 6926 0d46 0108     		.short	2049
 6927 0d48 FD07     		.short	2045
 6928 0d4a EE07     		.short	2030
 6929 0d4c FA07     		.short	2042
 6930 0d4e FF07     		.short	2047
 6931 0d50 1C08     		.short	2076
 6932 0d52 FB07     		.short	2043
 6933 0d54 FE07     		.short	2046
 6934 0d56 FF07     		.short	2047
 6935 0d58 1708     		.short	2071
 6936 0d5a F907     		.short	2041
 6937 0d5c 1108     		.short	2065
 6938 0d5e FD07     		.short	2045
 6939 0d60 E607     		.short	2022
 6940 0d62 0608     		.short	2054
 6941 0d64 EF07     		.short	2031
 6942 0d66 0E08     		.short	2062
 6943 0d68 E807     		.short	2024
 6944 0d6a 0D08     		.short	2061
 6945 0d6c 0608     		.short	2054
 6946 0d6e FA07     		.short	2042
 6947 0d70 0808     		.short	2056
 6948 0d72 0B08     		.short	2059
 6949 0d74 FB07     		.short	2043
 6950 0d76 1008     		.short	2064
 6951 0d78 F707     		.short	2039
 6952 0d7a 0008     		.short	2048
 6953 0d7c F907     		.short	2041
 6954 0d7e F507     		.short	2037
 6955 0d80 1108     		.short	2065
 6956 0d82 E707     		.short	2023
 6957 0d84 2607     		.short	1830
 6958 0d86 3704     		.short	1079
 6959 0d88 050C     		.short	3077
 6960 0d8a 4809     		.short	2376
 6961 0d8c F00B     		.short	3056
 6962 0d8e 0B08     		.short	2059
 6963 0d90 E302     		.short	739
 6964 0d92 0407     		.short	1796
 6965 0d94 6606     		.short	1638
 6966 0d96 650B     		.short	2917
 6967 0d98 CC09     		.short	2508
 6968 0d9a 1B07     		.short	1819
 6969 0d9c 4109     		.short	2369
 6970 0d9e 6C06     		.short	1644
 6971 0da0 AC08     		.short	2220
 6972 0da2 A106     		.short	1697
 6973 0da4 9105     		.short	1425
 6974 0da6 6509     		.short	2405
 6975 0da8 2F09     		.short	2351
 6976 0daa 630B     		.short	2915
 6977 0dac A807     		.short	1960
 6978 0dae 0305     		.short	1283
 6979 0db0 C406     		.short	1732
 6980 0db2 C206     		.short	1730
ARM GAS  C:\Users\maraz\AppData\Local\Temp\ccyEBQ4t.s 			page 153


 6981 0db4 3E0A     		.short	2622
 6982 0db6 0B09     		.short	2315
 6983 0db8 CC07     		.short	1996
 6984 0dba 5908     		.short	2137
 6985 0dbc 3307     		.short	1843
 6986 0dbe 6208     		.short	2146
 6987 0dc0 EA06     		.short	1770
 6988 0dc2 A106     		.short	1697
 6989 0dc4 7108     		.short	2161
 6990 0dc6 7A08     		.short	2170
 6991 0dc8 9C09     		.short	2460
 6992 0dca FE07     		.short	2046
 6993 0dcc 9E06     		.short	1694
 6994 0dce 1E07     		.short	1822
 6995 0dd0 9107     		.short	1937
 6996 0dd2 1909     		.short	2329
 6997 0dd4 9C08     		.short	2204
 6998 0dd6 C107     		.short	1985
 6999 0dd8 0008     		.short	2048
 7000 0dda AD07     		.short	1965
 7001 0ddc 3608     		.short	2102
 7002 0dde C607     		.short	1990
 7003 0de0 7C07     		.short	1916
 7004 0de2 1308     		.short	2067
 7005 0de4 5A08     		.short	2138
 7006 0de6 B408     		.short	2228
 7007 0de8 2508     		.short	2085
 7008 0dea 6E07     		.short	1902
 7009 0dec 9707     		.short	1943
 7010 0dee D707     		.short	2007
 7011 0df0 2608     		.short	2086
 7012 0df2 5708     		.short	2135
 7013 0df4 1608     		.short	2070
 7014 0df6 1008     		.short	2064
 7015 0df8 1D08     		.short	2077
 7016 0dfa D307     		.short	2003
 7017 0dfc E707     		.short	2023
 7018 0dfe CF07     		.short	1999
 7019 0e00 0308     		.short	2051
 7020 0e02 5008     		.short	2128
 7021 0e04 ED09     		.short	2541
 7022 0e06 1108     		.short	2065
 7023 0e08 9806     		.short	1688
 7024 0e0a E807     		.short	2024
 7025 0e0c B406     		.short	1716
 7026 0e0e A509     		.short	2469
 7027 0e10 1C08     		.short	2076
 7028 0e12 2006     		.short	1568
 7029 0e14 4A06     		.short	1610
 7030 0e16 8E08     		.short	2190
 7031 0e18 4809     		.short	2376
 7032 0e1a 6508     		.short	2149
 7033 0e1c BD09     		.short	2493
 7034 0e1e 6A08     		.short	2154
 7035 0e20 E607     		.short	2022
 7036 0e22 2C07     		.short	1836
 7037 0e24 CD07     		.short	1997
ARM GAS  C:\Users\maraz\AppData\Local\Temp\ccyEBQ4t.s 			page 154


 7038 0e26 E605     		.short	1510
 7039 0e28 E506     		.short	1765
 7040 0e2a 6409     		.short	2404
 7041 0e2c 9D09     		.short	2461
 7042 0e2e 7E08     		.short	2174
 7043 0e30 9407     		.short	1940
 7044 0e32 3F08     		.short	2111
 7045 0e34 2607     		.short	1830
 7046 0e36 8C08     		.short	2188
 7047 0e38 9208     		.short	2194
 7048 0e3a 8807     		.short	1928
 7049 0e3c 2406     		.short	1572
 7050 0e3e 8107     		.short	1921
 7051 0e40 FD08     		.short	2301
 7052 0e42 9708     		.short	2199
 7053 0e44 DC08     		.short	2268
 7054 0e46 8008     		.short	2176
 7055 0e48 0708     		.short	2055
 7056 0e4a 1E07     		.short	1822
 7057 0e4c F307     		.short	2035
 7058 0e4e 5E07     		.short	1886
 7059 0e50 3707     		.short	1847
 7060 0e52 EE07     		.short	2030
 7061 0e54 EA08     		.short	2282
 7062 0e56 BA08     		.short	2234
 7063 0e58 C007     		.short	1984
 7064 0e5a 3E08     		.short	2110
 7065 0e5c B407     		.short	1972
 7066 0e5e 4608     		.short	2118
 7067 0e60 0208     		.short	2050
 7068 0e62 3C08     		.short	2108
 7069 0e64 2707     		.short	1831
 7070 0e66 3107     		.short	1841
 7071 0e68 5D08     		.short	2141
 7072 0e6a 8108     		.short	2177
 7073 0e6c 9B08     		.short	2203
 7074 0e6e 3408     		.short	2100
 7075 0e70 4108     		.short	2113
 7076 0e72 7A07     		.short	1914
 7077 0e74 D207     		.short	2002
 7078 0e76 0008     		.short	2048
 7079 0e78 E307     		.short	2019
 7080 0e7a D107     		.short	2001
 7081 0e7c 2008     		.short	2080
 7082 0e7e 4808     		.short	2120
 7083 0e80 DD07     		.short	2013
 7084 0e82 A107     		.short	1953
 7085 0e84 3909     		.short	2361
 7086 0e86 0608     		.short	2054
 7087 0e88 2E08     		.short	2094
 7088 0e8a 3C09     		.short	2364
 7089 0e8c 8306     		.short	1667
 7090 0e8e 3C08     		.short	2108
 7091 0e90 6607     		.short	1894
 7092 0e92 BA07     		.short	1978
 7093 0e94 FD08     		.short	2301
 7094 0e96 0007     		.short	1792
ARM GAS  C:\Users\maraz\AppData\Local\Temp\ccyEBQ4t.s 			page 155


 7095 0e98 0509     		.short	2309
 7096 0e9a F907     		.short	2041
 7097 0e9c B507     		.short	1973
 7098 0e9e BD08     		.short	2237
 7099 0ea0 E006     		.short	1760
 7100 0ea2 FA07     		.short	2042
 7101 0ea4 4808     		.short	2120
 7102 0ea6 D607     		.short	2006
 7103 0ea8 CC08     		.short	2252
 7104 0eaa 7107     		.short	1905
 7105 0eac C807     		.short	1992
 7106 0eae 8208     		.short	2178
 7107 0eb0 5F07     		.short	1887
 7108 0eb2 C408     		.short	2244
 7109 0eb4 CB07     		.short	1995
 7110 0eb6 8907     		.short	1929
 7111 0eb8 BC08     		.short	2236
 7112 0eba BE07     		.short	1982
 7113 0ebc 0D08     		.short	2061
 7114 0ebe C807     		.short	1992
 7115 0ec0 6807     		.short	1896
 7116 0ec2 8D08     		.short	2189
 7117 0ec4 4A08     		.short	2122
 7118 0ec6 2908     		.short	2089
 7119 0ec8 F407     		.short	2036
 7120 0eca D407     		.short	2004
 7121 0ecc D407     		.short	2004
 7122 0ece 1D08     		.short	2077
 7123 0ed0 0D08     		.short	2061
 7124 0ed2 CA07     		.short	1994
 7125 0ed4 FF07     		.short	2047
 7126 0ed6 4408     		.short	2116
 7127 0ed8 0208     		.short	2050
 7128 0eda 2D08     		.short	2093
 7129 0edc B907     		.short	1977
 7130 0ede BE07     		.short	1982
 7131 0ee0 F207     		.short	2034
 7132 0ee2 2808     		.short	2088
 7133 0ee4 4208     		.short	2114
 7134 0ee6 0C08     		.short	2060
 7135 0ee8 F307     		.short	2035
 7136 0eea E607     		.short	2022
 7137 0eec DE07     		.short	2014
 7138 0eee F307     		.short	2035
 7139 0ef0 1208     		.short	2066
 7140 0ef2 0C08     		.short	2060
 7141 0ef4 F007     		.short	2032
 7142 0ef6 2108     		.short	2081
 7143 0ef8 0808     		.short	2056
 7144 0efa F007     		.short	2032
 7145 0efc 0E08     		.short	2062
 7146 0efe EA07     		.short	2026
 7147 0f00 2408     		.short	2084
 7148 0f02 C106     		.short	1729
 7149 0f04 1F06     		.short	1567
 7150 0f06 AC09     		.short	2476
 7151 0f08 800B     		.short	2944
ARM GAS  C:\Users\maraz\AppData\Local\Temp\ccyEBQ4t.s 			page 156


 7152 0f0a 1609     		.short	2326
 7153 0f0c 9105     		.short	1425
 7154 0f0e 5E09     		.short	2398
 7155 0f10 C607     		.short	1990
 7156 0f12 5608     		.short	2134
 7157 0f14 9F08     		.short	2207
 7158 0f16 1308     		.short	2067
 7159 0f18 2704     		.short	1063
 7160 0f1a 9506     		.short	1685
 7161 0f1c E00A     		.short	2784
 7162 0f1e FA08     		.short	2298
 7163 0f20 8A08     		.short	2186
 7164 0f22 AD08     		.short	2221
 7165 0f24 8E08     		.short	2190
 7166 0f26 D505     		.short	1493
 7167 0f28 7C08     		.short	2172
 7168 0f2a 0408     		.short	2052
 7169 0f2c 3406     		.short	1588
 7170 0f2e 1307     		.short	1811
 7171 0f30 F309     		.short	2547
 7172 0f32 8C09     		.short	2444
 7173 0f34 0707     		.short	1799
 7174 0f36 D408     		.short	2260
 7175 0f38 0508     		.short	2053
 7176 0f3a 4207     		.short	1858
 7177 0f3c 0408     		.short	2052
 7178 0f3e 9D09     		.short	2461
 7179 0f40 5B06     		.short	1627
 7180 0f42 0806     		.short	1544
 7181 0f44 5608     		.short	2134
 7182 0f46 EC08     		.short	2284
 7183 0f48 E308     		.short	2275
 7184 0f4a 4808     		.short	2120
 7185 0f4c B708     		.short	2231
 7186 0f4e 2207     		.short	1826
 7187 0f50 EF07     		.short	2031
 7188 0f52 EF07     		.short	2031
 7189 0f54 7E07     		.short	1918
 7190 0f56 EC06     		.short	1772
 7191 0f58 3E08     		.short	2110
 7192 0f5a 2309     		.short	2339
 7193 0f5c 2E08     		.short	2094
 7194 0f5e 5308     		.short	2131
 7195 0f60 BB07     		.short	1979
 7196 0f62 C107     		.short	1985
 7197 0f64 A607     		.short	1958
 7198 0f66 E908     		.short	2281
 7199 0f68 E707     		.short	2023
 7200 0f6a E206     		.short	1762
 7201 0f6c 6707     		.short	1895
 7202 0f6e 5708     		.short	2135
 7203 0f70 A508     		.short	2213
 7204 0f72 6608     		.short	2150
 7205 0f74 D408     		.short	2260
 7206 0f76 9B07     		.short	1947
 7207 0f78 7507     		.short	1909
 7208 0f7a B107     		.short	1969
ARM GAS  C:\Users\maraz\AppData\Local\Temp\ccyEBQ4t.s 			page 157


 7209 0f7c 3C08     		.short	2108
 7210 0f7e 8807     		.short	1928
 7211 0f80 A407     		.short	1956
 7212 0f82 B207     		.short	1970
 7213 0f84 FD08     		.short	2301
 7214 0f86 B109     		.short	2481
 7215 0f88 5F09     		.short	2399
 7216 0f8a FA08     		.short	2298
 7217 0f8c FC06     		.short	1788
 7218 0f8e BF06     		.short	1727
 7219 0f90 E206     		.short	1762
 7220 0f92 1D07     		.short	1821
 7221 0f94 2608     		.short	2086
 7222 0f96 4109     		.short	2369
 7223 0f98 9809     		.short	2456
 7224 0f9a AF08     		.short	2223
 7225 0f9c 8207     		.short	1922
 7226 0f9e D906     		.short	1753
 7227 0fa0 FD06     		.short	1789
 7228 0fa2 9107     		.short	1937
 7229 0fa4 F108     		.short	2289
 7230 0fa6 E408     		.short	2276
 7231 0fa8 8F08     		.short	2191
 7232 0faa D407     		.short	2004
 7233 0fac 1207     		.short	1810
 7234 0fae 4E07     		.short	1870
 7235 0fb0 BF07     		.short	1983
 7236 0fb2 BD08     		.short	2237
 7237 0fb4 B208     		.short	2226
 7238 0fb6 9508     		.short	2197
 7239 0fb8 1A08     		.short	2074
 7240 0fba 7907     		.short	1913
 7241 0fbc 0F07     		.short	1807
 7242 0fbe 9407     		.short	1940
 7243 0fc0 0108     		.short	2049
 7244 0fc2 5808     		.short	2136
 7245 0fc4 6708     		.short	2151
 7246 0fc6 2D08     		.short	2093
 7247 0fc8 F507     		.short	2037
 7248 0fca C907     		.short	1993
 7249 0fcc 1708     		.short	2071
 7250 0fce EA07     		.short	2026
 7251 0fd0 F807     		.short	2040
 7252 0fd2 E707     		.short	2023
 7253 0fd4 EF07     		.short	2031
 7254 0fd6 F307     		.short	2035
 7255 0fd8 F407     		.short	2036
 7256 0fda 0A08     		.short	2058
 7257 0fdc 0008     		.short	2048
 7258 0fde 1A08     		.short	2074
 7259 0fe0 1E08     		.short	2078
 7260 0fe2 1908     		.short	2073
 7261 0fe4 F807     		.short	2040
 7262 0fe6 C207     		.short	1986
 7263 0fe8 D507     		.short	2005
 7264 0fea 1C08     		.short	2076
 7265 0fec 2408     		.short	2084
ARM GAS  C:\Users\maraz\AppData\Local\Temp\ccyEBQ4t.s 			page 158


 7266 0fee 0F08     		.short	2063
 7267 0ff0 DD07     		.short	2013
 7268 0ff2 EF07     		.short	2031
 7269 0ff4 FF07     		.short	2047
 7270 0ff6 0408     		.short	2052
 7271 0ff8 2D08     		.short	2093
 7272 0ffa 1308     		.short	2067
 7273 0ffc 00000000 		.space	4098
 7273      00000000 
 7273      00000000 
 7273      00000000 
 7273      00000000 
 7274              		.global	triangleLUT
 7275              		.section	.data.triangleLUT,"aw"
 7276              		.align	2
 7279              	triangleLUT:
 7280 0000 0000     		.short	0
 7281 0002 0200     		.short	2
 7282 0004 0400     		.short	4
 7283 0006 0600     		.short	6
 7284 0008 0800     		.short	8
 7285 000a 0A00     		.short	10
 7286 000c 0C00     		.short	12
 7287 000e 0E00     		.short	14
 7288 0010 1000     		.short	16
 7289 0012 1200     		.short	18
 7290 0014 1400     		.short	20
 7291 0016 1600     		.short	22
 7292 0018 1800     		.short	24
 7293 001a 1A00     		.short	26
 7294 001c 1C00     		.short	28
 7295 001e 1E00     		.short	30
 7296 0020 2000     		.short	32
 7297 0022 2200     		.short	34
 7298 0024 2400     		.short	36
 7299 0026 2600     		.short	38
 7300 0028 2800     		.short	40
 7301 002a 2A00     		.short	42
 7302 002c 2C00     		.short	44
 7303 002e 2E00     		.short	46
 7304 0030 3000     		.short	48
 7305 0032 3200     		.short	50
 7306 0034 3400     		.short	52
 7307 0036 3600     		.short	54
 7308 0038 3800     		.short	56
 7309 003a 3A00     		.short	58
 7310 003c 3C00     		.short	60
 7311 003e 3E00     		.short	62
 7312 0040 4000     		.short	64
 7313 0042 4200     		.short	66
 7314 0044 4400     		.short	68
 7315 0046 4600     		.short	70
 7316 0048 4800     		.short	72
 7317 004a 4A00     		.short	74
 7318 004c 4C00     		.short	76
 7319 004e 4E00     		.short	78
 7320 0050 5000     		.short	80
ARM GAS  C:\Users\maraz\AppData\Local\Temp\ccyEBQ4t.s 			page 159


 7321 0052 5200     		.short	82
 7322 0054 5400     		.short	84
 7323 0056 5600     		.short	86
 7324 0058 5800     		.short	88
 7325 005a 5A00     		.short	90
 7326 005c 5C00     		.short	92
 7327 005e 5E00     		.short	94
 7328 0060 6000     		.short	96
 7329 0062 6200     		.short	98
 7330 0064 6400     		.short	100
 7331 0066 6600     		.short	102
 7332 0068 6800     		.short	104
 7333 006a 6A00     		.short	106
 7334 006c 6C00     		.short	108
 7335 006e 6E00     		.short	110
 7336 0070 7000     		.short	112
 7337 0072 7200     		.short	114
 7338 0074 7400     		.short	116
 7339 0076 7600     		.short	118
 7340 0078 7800     		.short	120
 7341 007a 7A00     		.short	122
 7342 007c 7C00     		.short	124
 7343 007e 7E00     		.short	126
 7344 0080 8000     		.short	128
 7345 0082 8200     		.short	130
 7346 0084 8400     		.short	132
 7347 0086 8600     		.short	134
 7348 0088 8800     		.short	136
 7349 008a 8A00     		.short	138
 7350 008c 8C00     		.short	140
 7351 008e 8E00     		.short	142
 7352 0090 9000     		.short	144
 7353 0092 9200     		.short	146
 7354 0094 9400     		.short	148
 7355 0096 9600     		.short	150
 7356 0098 9800     		.short	152
 7357 009a 9A00     		.short	154
 7358 009c 9C00     		.short	156
 7359 009e 9E00     		.short	158
 7360 00a0 A000     		.short	160
 7361 00a2 A200     		.short	162
 7362 00a4 A400     		.short	164
 7363 00a6 A600     		.short	166
 7364 00a8 A800     		.short	168
 7365 00aa AA00     		.short	170
 7366 00ac AC00     		.short	172
 7367 00ae AE00     		.short	174
 7368 00b0 B000     		.short	176
 7369 00b2 B200     		.short	178
 7370 00b4 B400     		.short	180
 7371 00b6 B600     		.short	182
 7372 00b8 B800     		.short	184
 7373 00ba BA00     		.short	186
 7374 00bc BC00     		.short	188
 7375 00be BE00     		.short	190
 7376 00c0 C000     		.short	192
 7377 00c2 C200     		.short	194
ARM GAS  C:\Users\maraz\AppData\Local\Temp\ccyEBQ4t.s 			page 160


 7378 00c4 C400     		.short	196
 7379 00c6 C600     		.short	198
 7380 00c8 C800     		.short	200
 7381 00ca CA00     		.short	202
 7382 00cc CC00     		.short	204
 7383 00ce CE00     		.short	206
 7384 00d0 D000     		.short	208
 7385 00d2 D200     		.short	210
 7386 00d4 D400     		.short	212
 7387 00d6 D600     		.short	214
 7388 00d8 D800     		.short	216
 7389 00da DA00     		.short	218
 7390 00dc DC00     		.short	220
 7391 00de DE00     		.short	222
 7392 00e0 E000     		.short	224
 7393 00e2 E200     		.short	226
 7394 00e4 E400     		.short	228
 7395 00e6 E600     		.short	230
 7396 00e8 E800     		.short	232
 7397 00ea EA00     		.short	234
 7398 00ec EC00     		.short	236
 7399 00ee EE00     		.short	238
 7400 00f0 F000     		.short	240
 7401 00f2 F200     		.short	242
 7402 00f4 F400     		.short	244
 7403 00f6 F600     		.short	246
 7404 00f8 F800     		.short	248
 7405 00fa FA00     		.short	250
 7406 00fc FC00     		.short	252
 7407 00fe FE00     		.short	254
 7408 0100 0001     		.short	256
 7409 0102 0201     		.short	258
 7410 0104 0401     		.short	260
 7411 0106 0601     		.short	262
 7412 0108 0801     		.short	264
 7413 010a 0A01     		.short	266
 7414 010c 0C01     		.short	268
 7415 010e 0E01     		.short	270
 7416 0110 1001     		.short	272
 7417 0112 1201     		.short	274
 7418 0114 1401     		.short	276
 7419 0116 1601     		.short	278
 7420 0118 1801     		.short	280
 7421 011a 1A01     		.short	282
 7422 011c 1C01     		.short	284
 7423 011e 1E01     		.short	286
 7424 0120 2001     		.short	288
 7425 0122 2201     		.short	290
 7426 0124 2401     		.short	292
 7427 0126 2601     		.short	294
 7428 0128 2801     		.short	296
 7429 012a 2A01     		.short	298
 7430 012c 2C01     		.short	300
 7431 012e 2E01     		.short	302
 7432 0130 3001     		.short	304
 7433 0132 3201     		.short	306
 7434 0134 3401     		.short	308
ARM GAS  C:\Users\maraz\AppData\Local\Temp\ccyEBQ4t.s 			page 161


 7435 0136 3601     		.short	310
 7436 0138 3801     		.short	312
 7437 013a 3A01     		.short	314
 7438 013c 3C01     		.short	316
 7439 013e 3E01     		.short	318
 7440 0140 4001     		.short	320
 7441 0142 4201     		.short	322
 7442 0144 4401     		.short	324
 7443 0146 4601     		.short	326
 7444 0148 4801     		.short	328
 7445 014a 4A01     		.short	330
 7446 014c 4C01     		.short	332
 7447 014e 4E01     		.short	334
 7448 0150 5001     		.short	336
 7449 0152 5201     		.short	338
 7450 0154 5401     		.short	340
 7451 0156 5601     		.short	342
 7452 0158 5801     		.short	344
 7453 015a 5A01     		.short	346
 7454 015c 5C01     		.short	348
 7455 015e 5E01     		.short	350
 7456 0160 6001     		.short	352
 7457 0162 6201     		.short	354
 7458 0164 6401     		.short	356
 7459 0166 6601     		.short	358
 7460 0168 6801     		.short	360
 7461 016a 6A01     		.short	362
 7462 016c 6C01     		.short	364
 7463 016e 6E01     		.short	366
 7464 0170 7001     		.short	368
 7465 0172 7201     		.short	370
 7466 0174 7401     		.short	372
 7467 0176 7601     		.short	374
 7468 0178 7801     		.short	376
 7469 017a 7A01     		.short	378
 7470 017c 7C01     		.short	380
 7471 017e 7E01     		.short	382
 7472 0180 8001     		.short	384
 7473 0182 8201     		.short	386
 7474 0184 8401     		.short	388
 7475 0186 8601     		.short	390
 7476 0188 8801     		.short	392
 7477 018a 8A01     		.short	394
 7478 018c 8C01     		.short	396
 7479 018e 8E01     		.short	398
 7480 0190 9001     		.short	400
 7481 0192 9201     		.short	402
 7482 0194 9401     		.short	404
 7483 0196 9601     		.short	406
 7484 0198 9801     		.short	408
 7485 019a 9A01     		.short	410
 7486 019c 9C01     		.short	412
 7487 019e 9E01     		.short	414
 7488 01a0 A001     		.short	416
 7489 01a2 A201     		.short	418
 7490 01a4 A401     		.short	420
 7491 01a6 A601     		.short	422
ARM GAS  C:\Users\maraz\AppData\Local\Temp\ccyEBQ4t.s 			page 162


 7492 01a8 A801     		.short	424
 7493 01aa AA01     		.short	426
 7494 01ac AC01     		.short	428
 7495 01ae AE01     		.short	430
 7496 01b0 B001     		.short	432
 7497 01b2 B201     		.short	434
 7498 01b4 B401     		.short	436
 7499 01b6 B601     		.short	438
 7500 01b8 B801     		.short	440
 7501 01ba BA01     		.short	442
 7502 01bc BC01     		.short	444
 7503 01be BE01     		.short	446
 7504 01c0 C001     		.short	448
 7505 01c2 C201     		.short	450
 7506 01c4 C401     		.short	452
 7507 01c6 C601     		.short	454
 7508 01c8 C801     		.short	456
 7509 01ca CA01     		.short	458
 7510 01cc CC01     		.short	460
 7511 01ce CE01     		.short	462
 7512 01d0 D001     		.short	464
 7513 01d2 D201     		.short	466
 7514 01d4 D401     		.short	468
 7515 01d6 D601     		.short	470
 7516 01d8 D801     		.short	472
 7517 01da DA01     		.short	474
 7518 01dc DC01     		.short	476
 7519 01de DE01     		.short	478
 7520 01e0 E001     		.short	480
 7521 01e2 E201     		.short	482
 7522 01e4 E401     		.short	484
 7523 01e6 E601     		.short	486
 7524 01e8 E801     		.short	488
 7525 01ea EA01     		.short	490
 7526 01ec EC01     		.short	492
 7527 01ee EE01     		.short	494
 7528 01f0 F001     		.short	496
 7529 01f2 F201     		.short	498
 7530 01f4 F401     		.short	500
 7531 01f6 F601     		.short	502
 7532 01f8 F801     		.short	504
 7533 01fa FA01     		.short	506
 7534 01fc FC01     		.short	508
 7535 01fe FE01     		.short	510
 7536 0200 0002     		.short	512
 7537 0202 0202     		.short	514
 7538 0204 0402     		.short	516
 7539 0206 0602     		.short	518
 7540 0208 0802     		.short	520
 7541 020a 0A02     		.short	522
 7542 020c 0C02     		.short	524
 7543 020e 0E02     		.short	526
 7544 0210 1002     		.short	528
 7545 0212 1202     		.short	530
 7546 0214 1402     		.short	532
 7547 0216 1602     		.short	534
 7548 0218 1802     		.short	536
ARM GAS  C:\Users\maraz\AppData\Local\Temp\ccyEBQ4t.s 			page 163


 7549 021a 1A02     		.short	538
 7550 021c 1C02     		.short	540
 7551 021e 1E02     		.short	542
 7552 0220 2002     		.short	544
 7553 0222 2202     		.short	546
 7554 0224 2402     		.short	548
 7555 0226 2602     		.short	550
 7556 0228 2802     		.short	552
 7557 022a 2A02     		.short	554
 7558 022c 2C02     		.short	556
 7559 022e 2E02     		.short	558
 7560 0230 3002     		.short	560
 7561 0232 3202     		.short	562
 7562 0234 3402     		.short	564
 7563 0236 3602     		.short	566
 7564 0238 3802     		.short	568
 7565 023a 3A02     		.short	570
 7566 023c 3C02     		.short	572
 7567 023e 3E02     		.short	574
 7568 0240 4002     		.short	576
 7569 0242 4202     		.short	578
 7570 0244 4402     		.short	580
 7571 0246 4602     		.short	582
 7572 0248 4802     		.short	584
 7573 024a 4A02     		.short	586
 7574 024c 4C02     		.short	588
 7575 024e 4E02     		.short	590
 7576 0250 5002     		.short	592
 7577 0252 5202     		.short	594
 7578 0254 5402     		.short	596
 7579 0256 5602     		.short	598
 7580 0258 5802     		.short	600
 7581 025a 5A02     		.short	602
 7582 025c 5C02     		.short	604
 7583 025e 5E02     		.short	606
 7584 0260 6002     		.short	608
 7585 0262 6202     		.short	610
 7586 0264 6402     		.short	612
 7587 0266 6602     		.short	614
 7588 0268 6802     		.short	616
 7589 026a 6A02     		.short	618
 7590 026c 6C02     		.short	620
 7591 026e 6E02     		.short	622
 7592 0270 7002     		.short	624
 7593 0272 7202     		.short	626
 7594 0274 7402     		.short	628
 7595 0276 7602     		.short	630
 7596 0278 7802     		.short	632
 7597 027a 7A02     		.short	634
 7598 027c 7C02     		.short	636
 7599 027e 7E02     		.short	638
 7600 0280 8002     		.short	640
 7601 0282 8202     		.short	642
 7602 0284 8402     		.short	644
 7603 0286 8602     		.short	646
 7604 0288 8802     		.short	648
 7605 028a 8A02     		.short	650
ARM GAS  C:\Users\maraz\AppData\Local\Temp\ccyEBQ4t.s 			page 164


 7606 028c 8C02     		.short	652
 7607 028e 8E02     		.short	654
 7608 0290 9002     		.short	656
 7609 0292 9202     		.short	658
 7610 0294 9402     		.short	660
 7611 0296 9602     		.short	662
 7612 0298 9802     		.short	664
 7613 029a 9A02     		.short	666
 7614 029c 9C02     		.short	668
 7615 029e 9E02     		.short	670
 7616 02a0 A002     		.short	672
 7617 02a2 A202     		.short	674
 7618 02a4 A402     		.short	676
 7619 02a6 A602     		.short	678
 7620 02a8 A802     		.short	680
 7621 02aa AA02     		.short	682
 7622 02ac AC02     		.short	684
 7623 02ae AE02     		.short	686
 7624 02b0 B002     		.short	688
 7625 02b2 B202     		.short	690
 7626 02b4 B402     		.short	692
 7627 02b6 B602     		.short	694
 7628 02b8 B802     		.short	696
 7629 02ba BA02     		.short	698
 7630 02bc BC02     		.short	700
 7631 02be BE02     		.short	702
 7632 02c0 C002     		.short	704
 7633 02c2 C202     		.short	706
 7634 02c4 C402     		.short	708
 7635 02c6 C602     		.short	710
 7636 02c8 C802     		.short	712
 7637 02ca CA02     		.short	714
 7638 02cc CC02     		.short	716
 7639 02ce CE02     		.short	718
 7640 02d0 D002     		.short	720
 7641 02d2 D202     		.short	722
 7642 02d4 D402     		.short	724
 7643 02d6 D602     		.short	726
 7644 02d8 D802     		.short	728
 7645 02da DA02     		.short	730
 7646 02dc DC02     		.short	732
 7647 02de DE02     		.short	734
 7648 02e0 E002     		.short	736
 7649 02e2 E202     		.short	738
 7650 02e4 E402     		.short	740
 7651 02e6 E602     		.short	742
 7652 02e8 E802     		.short	744
 7653 02ea EA02     		.short	746
 7654 02ec EC02     		.short	748
 7655 02ee EE02     		.short	750
 7656 02f0 F002     		.short	752
 7657 02f2 F202     		.short	754
 7658 02f4 F402     		.short	756
 7659 02f6 F602     		.short	758
 7660 02f8 F802     		.short	760
 7661 02fa FA02     		.short	762
 7662 02fc FC02     		.short	764
ARM GAS  C:\Users\maraz\AppData\Local\Temp\ccyEBQ4t.s 			page 165


 7663 02fe FE02     		.short	766
 7664 0300 0003     		.short	768
 7665 0302 0203     		.short	770
 7666 0304 0403     		.short	772
 7667 0306 0603     		.short	774
 7668 0308 0803     		.short	776
 7669 030a 0A03     		.short	778
 7670 030c 0C03     		.short	780
 7671 030e 0E03     		.short	782
 7672 0310 1003     		.short	784
 7673 0312 1203     		.short	786
 7674 0314 1403     		.short	788
 7675 0316 1603     		.short	790
 7676 0318 1803     		.short	792
 7677 031a 1A03     		.short	794
 7678 031c 1C03     		.short	796
 7679 031e 1E03     		.short	798
 7680 0320 2003     		.short	800
 7681 0322 2203     		.short	802
 7682 0324 2403     		.short	804
 7683 0326 2603     		.short	806
 7684 0328 2803     		.short	808
 7685 032a 2A03     		.short	810
 7686 032c 2C03     		.short	812
 7687 032e 2E03     		.short	814
 7688 0330 3003     		.short	816
 7689 0332 3203     		.short	818
 7690 0334 3403     		.short	820
 7691 0336 3603     		.short	822
 7692 0338 3803     		.short	824
 7693 033a 3A03     		.short	826
 7694 033c 3C03     		.short	828
 7695 033e 3E03     		.short	830
 7696 0340 4003     		.short	832
 7697 0342 4203     		.short	834
 7698 0344 4403     		.short	836
 7699 0346 4603     		.short	838
 7700 0348 4803     		.short	840
 7701 034a 4A03     		.short	842
 7702 034c 4C03     		.short	844
 7703 034e 4E03     		.short	846
 7704 0350 5003     		.short	848
 7705 0352 5203     		.short	850
 7706 0354 5403     		.short	852
 7707 0356 5603     		.short	854
 7708 0358 5803     		.short	856
 7709 035a 5A03     		.short	858
 7710 035c 5C03     		.short	860
 7711 035e 5E03     		.short	862
 7712 0360 6003     		.short	864
 7713 0362 6203     		.short	866
 7714 0364 6403     		.short	868
 7715 0366 6603     		.short	870
 7716 0368 6803     		.short	872
 7717 036a 6A03     		.short	874
 7718 036c 6C03     		.short	876
 7719 036e 6E03     		.short	878
ARM GAS  C:\Users\maraz\AppData\Local\Temp\ccyEBQ4t.s 			page 166


 7720 0370 7003     		.short	880
 7721 0372 7203     		.short	882
 7722 0374 7403     		.short	884
 7723 0376 7603     		.short	886
 7724 0378 7803     		.short	888
 7725 037a 7A03     		.short	890
 7726 037c 7C03     		.short	892
 7727 037e 7E03     		.short	894
 7728 0380 8003     		.short	896
 7729 0382 8203     		.short	898
 7730 0384 8403     		.short	900
 7731 0386 8603     		.short	902
 7732 0388 8803     		.short	904
 7733 038a 8A03     		.short	906
 7734 038c 8C03     		.short	908
 7735 038e 8E03     		.short	910
 7736 0390 9003     		.short	912
 7737 0392 9203     		.short	914
 7738 0394 9403     		.short	916
 7739 0396 9603     		.short	918
 7740 0398 9803     		.short	920
 7741 039a 9A03     		.short	922
 7742 039c 9C03     		.short	924
 7743 039e 9E03     		.short	926
 7744 03a0 A003     		.short	928
 7745 03a2 A203     		.short	930
 7746 03a4 A403     		.short	932
 7747 03a6 A603     		.short	934
 7748 03a8 A803     		.short	936
 7749 03aa AA03     		.short	938
 7750 03ac AC03     		.short	940
 7751 03ae AE03     		.short	942
 7752 03b0 B003     		.short	944
 7753 03b2 B203     		.short	946
 7754 03b4 B403     		.short	948
 7755 03b6 B603     		.short	950
 7756 03b8 B803     		.short	952
 7757 03ba BA03     		.short	954
 7758 03bc BC03     		.short	956
 7759 03be BE03     		.short	958
 7760 03c0 C003     		.short	960
 7761 03c2 C203     		.short	962
 7762 03c4 C403     		.short	964
 7763 03c6 C603     		.short	966
 7764 03c8 C803     		.short	968
 7765 03ca CA03     		.short	970
 7766 03cc CC03     		.short	972
 7767 03ce CE03     		.short	974
 7768 03d0 D003     		.short	976
 7769 03d2 D203     		.short	978
 7770 03d4 D403     		.short	980
 7771 03d6 D603     		.short	982
 7772 03d8 D803     		.short	984
 7773 03da DA03     		.short	986
 7774 03dc DC03     		.short	988
 7775 03de DE03     		.short	990
 7776 03e0 E003     		.short	992
ARM GAS  C:\Users\maraz\AppData\Local\Temp\ccyEBQ4t.s 			page 167


 7777 03e2 E203     		.short	994
 7778 03e4 E403     		.short	996
 7779 03e6 E603     		.short	998
 7780 03e8 E803     		.short	1000
 7781 03ea EA03     		.short	1002
 7782 03ec EC03     		.short	1004
 7783 03ee EE03     		.short	1006
 7784 03f0 F003     		.short	1008
 7785 03f2 F203     		.short	1010
 7786 03f4 F403     		.short	1012
 7787 03f6 F603     		.short	1014
 7788 03f8 F803     		.short	1016
 7789 03fa FA03     		.short	1018
 7790 03fc FC03     		.short	1020
 7791 03fe FE03     		.short	1022
 7792 0400 0004     		.short	1024
 7793 0402 0204     		.short	1026
 7794 0404 0404     		.short	1028
 7795 0406 0604     		.short	1030
 7796 0408 0804     		.short	1032
 7797 040a 0A04     		.short	1034
 7798 040c 0C04     		.short	1036
 7799 040e 0E04     		.short	1038
 7800 0410 1004     		.short	1040
 7801 0412 1204     		.short	1042
 7802 0414 1404     		.short	1044
 7803 0416 1604     		.short	1046
 7804 0418 1804     		.short	1048
 7805 041a 1A04     		.short	1050
 7806 041c 1C04     		.short	1052
 7807 041e 1E04     		.short	1054
 7808 0420 2004     		.short	1056
 7809 0422 2204     		.short	1058
 7810 0424 2404     		.short	1060
 7811 0426 2604     		.short	1062
 7812 0428 2804     		.short	1064
 7813 042a 2A04     		.short	1066
 7814 042c 2C04     		.short	1068
 7815 042e 2E04     		.short	1070
 7816 0430 3004     		.short	1072
 7817 0432 3204     		.short	1074
 7818 0434 3404     		.short	1076
 7819 0436 3604     		.short	1078
 7820 0438 3804     		.short	1080
 7821 043a 3A04     		.short	1082
 7822 043c 3C04     		.short	1084
 7823 043e 3E04     		.short	1086
 7824 0440 4004     		.short	1088
 7825 0442 4204     		.short	1090
 7826 0444 4404     		.short	1092
 7827 0446 4604     		.short	1094
 7828 0448 4804     		.short	1096
 7829 044a 4A04     		.short	1098
 7830 044c 4C04     		.short	1100
 7831 044e 4E04     		.short	1102
 7832 0450 5004     		.short	1104
 7833 0452 5204     		.short	1106
ARM GAS  C:\Users\maraz\AppData\Local\Temp\ccyEBQ4t.s 			page 168


 7834 0454 5404     		.short	1108
 7835 0456 5604     		.short	1110
 7836 0458 5804     		.short	1112
 7837 045a 5A04     		.short	1114
 7838 045c 5C04     		.short	1116
 7839 045e 5E04     		.short	1118
 7840 0460 6004     		.short	1120
 7841 0462 6204     		.short	1122
 7842 0464 6404     		.short	1124
 7843 0466 6604     		.short	1126
 7844 0468 6804     		.short	1128
 7845 046a 6A04     		.short	1130
 7846 046c 6C04     		.short	1132
 7847 046e 6E04     		.short	1134
 7848 0470 7004     		.short	1136
 7849 0472 7204     		.short	1138
 7850 0474 7404     		.short	1140
 7851 0476 7604     		.short	1142
 7852 0478 7804     		.short	1144
 7853 047a 7A04     		.short	1146
 7854 047c 7C04     		.short	1148
 7855 047e 7E04     		.short	1150
 7856 0480 8004     		.short	1152
 7857 0482 8204     		.short	1154
 7858 0484 8404     		.short	1156
 7859 0486 8604     		.short	1158
 7860 0488 8804     		.short	1160
 7861 048a 8A04     		.short	1162
 7862 048c 8C04     		.short	1164
 7863 048e 8E04     		.short	1166
 7864 0490 9004     		.short	1168
 7865 0492 9204     		.short	1170
 7866 0494 9404     		.short	1172
 7867 0496 9604     		.short	1174
 7868 0498 9804     		.short	1176
 7869 049a 9A04     		.short	1178
 7870 049c 9C04     		.short	1180
 7871 049e 9E04     		.short	1182
 7872 04a0 A004     		.short	1184
 7873 04a2 A204     		.short	1186
 7874 04a4 A404     		.short	1188
 7875 04a6 A604     		.short	1190
 7876 04a8 A804     		.short	1192
 7877 04aa AA04     		.short	1194
 7878 04ac AC04     		.short	1196
 7879 04ae AE04     		.short	1198
 7880 04b0 B004     		.short	1200
 7881 04b2 B204     		.short	1202
 7882 04b4 B404     		.short	1204
 7883 04b6 B604     		.short	1206
 7884 04b8 B804     		.short	1208
 7885 04ba BA04     		.short	1210
 7886 04bc BC04     		.short	1212
 7887 04be BE04     		.short	1214
 7888 04c0 C004     		.short	1216
 7889 04c2 C204     		.short	1218
 7890 04c4 C404     		.short	1220
ARM GAS  C:\Users\maraz\AppData\Local\Temp\ccyEBQ4t.s 			page 169


 7891 04c6 C604     		.short	1222
 7892 04c8 C804     		.short	1224
 7893 04ca CA04     		.short	1226
 7894 04cc CC04     		.short	1228
 7895 04ce CE04     		.short	1230
 7896 04d0 D004     		.short	1232
 7897 04d2 D204     		.short	1234
 7898 04d4 D404     		.short	1236
 7899 04d6 D604     		.short	1238
 7900 04d8 D804     		.short	1240
 7901 04da DA04     		.short	1242
 7902 04dc DC04     		.short	1244
 7903 04de DE04     		.short	1246
 7904 04e0 E004     		.short	1248
 7905 04e2 E204     		.short	1250
 7906 04e4 E404     		.short	1252
 7907 04e6 E604     		.short	1254
 7908 04e8 E804     		.short	1256
 7909 04ea EA04     		.short	1258
 7910 04ec EC04     		.short	1260
 7911 04ee EE04     		.short	1262
 7912 04f0 F004     		.short	1264
 7913 04f2 F204     		.short	1266
 7914 04f4 F404     		.short	1268
 7915 04f6 F604     		.short	1270
 7916 04f8 F804     		.short	1272
 7917 04fa FA04     		.short	1274
 7918 04fc FC04     		.short	1276
 7919 04fe FE04     		.short	1278
 7920 0500 0005     		.short	1280
 7921 0502 0205     		.short	1282
 7922 0504 0405     		.short	1284
 7923 0506 0605     		.short	1286
 7924 0508 0805     		.short	1288
 7925 050a 0A05     		.short	1290
 7926 050c 0C05     		.short	1292
 7927 050e 0E05     		.short	1294
 7928 0510 1005     		.short	1296
 7929 0512 1205     		.short	1298
 7930 0514 1405     		.short	1300
 7931 0516 1605     		.short	1302
 7932 0518 1805     		.short	1304
 7933 051a 1A05     		.short	1306
 7934 051c 1C05     		.short	1308
 7935 051e 1E05     		.short	1310
 7936 0520 2005     		.short	1312
 7937 0522 2205     		.short	1314
 7938 0524 2405     		.short	1316
 7939 0526 2605     		.short	1318
 7940 0528 2805     		.short	1320
 7941 052a 2A05     		.short	1322
 7942 052c 2C05     		.short	1324
 7943 052e 2E05     		.short	1326
 7944 0530 3005     		.short	1328
 7945 0532 3205     		.short	1330
 7946 0534 3405     		.short	1332
 7947 0536 3605     		.short	1334
ARM GAS  C:\Users\maraz\AppData\Local\Temp\ccyEBQ4t.s 			page 170


 7948 0538 3805     		.short	1336
 7949 053a 3A05     		.short	1338
 7950 053c 3C05     		.short	1340
 7951 053e 3E05     		.short	1342
 7952 0540 4005     		.short	1344
 7953 0542 4205     		.short	1346
 7954 0544 4405     		.short	1348
 7955 0546 4605     		.short	1350
 7956 0548 4805     		.short	1352
 7957 054a 4A05     		.short	1354
 7958 054c 4C05     		.short	1356
 7959 054e 4E05     		.short	1358
 7960 0550 5005     		.short	1360
 7961 0552 5205     		.short	1362
 7962 0554 5505     		.short	1365
 7963 0556 5705     		.short	1367
 7964 0558 5905     		.short	1369
 7965 055a 5B05     		.short	1371
 7966 055c 5D05     		.short	1373
 7967 055e 5F05     		.short	1375
 7968 0560 6105     		.short	1377
 7969 0562 6305     		.short	1379
 7970 0564 6505     		.short	1381
 7971 0566 6705     		.short	1383
 7972 0568 6905     		.short	1385
 7973 056a 6B05     		.short	1387
 7974 056c 6D05     		.short	1389
 7975 056e 6F05     		.short	1391
 7976 0570 7105     		.short	1393
 7977 0572 7305     		.short	1395
 7978 0574 7505     		.short	1397
 7979 0576 7705     		.short	1399
 7980 0578 7905     		.short	1401
 7981 057a 7B05     		.short	1403
 7982 057c 7D05     		.short	1405
 7983 057e 7F05     		.short	1407
 7984 0580 8105     		.short	1409
 7985 0582 8305     		.short	1411
 7986 0584 8505     		.short	1413
 7987 0586 8705     		.short	1415
 7988 0588 8905     		.short	1417
 7989 058a 8B05     		.short	1419
 7990 058c 8D05     		.short	1421
 7991 058e 8F05     		.short	1423
 7992 0590 9105     		.short	1425
 7993 0592 9305     		.short	1427
 7994 0594 9505     		.short	1429
 7995 0596 9705     		.short	1431
 7996 0598 9905     		.short	1433
 7997 059a 9B05     		.short	1435
 7998 059c 9D05     		.short	1437
 7999 059e 9F05     		.short	1439
 8000 05a0 A105     		.short	1441
 8001 05a2 A305     		.short	1443
 8002 05a4 A505     		.short	1445
 8003 05a6 A705     		.short	1447
 8004 05a8 A905     		.short	1449
ARM GAS  C:\Users\maraz\AppData\Local\Temp\ccyEBQ4t.s 			page 171


 8005 05aa AB05     		.short	1451
 8006 05ac AD05     		.short	1453
 8007 05ae AF05     		.short	1455
 8008 05b0 B105     		.short	1457
 8009 05b2 B305     		.short	1459
 8010 05b4 B505     		.short	1461
 8011 05b6 B705     		.short	1463
 8012 05b8 B905     		.short	1465
 8013 05ba BB05     		.short	1467
 8014 05bc BD05     		.short	1469
 8015 05be BF05     		.short	1471
 8016 05c0 C105     		.short	1473
 8017 05c2 C305     		.short	1475
 8018 05c4 C505     		.short	1477
 8019 05c6 C705     		.short	1479
 8020 05c8 C905     		.short	1481
 8021 05ca CB05     		.short	1483
 8022 05cc CD05     		.short	1485
 8023 05ce CF05     		.short	1487
 8024 05d0 D105     		.short	1489
 8025 05d2 D305     		.short	1491
 8026 05d4 D505     		.short	1493
 8027 05d6 D705     		.short	1495
 8028 05d8 D905     		.short	1497
 8029 05da DB05     		.short	1499
 8030 05dc DD05     		.short	1501
 8031 05de DF05     		.short	1503
 8032 05e0 E105     		.short	1505
 8033 05e2 E305     		.short	1507
 8034 05e4 E505     		.short	1509
 8035 05e6 E705     		.short	1511
 8036 05e8 E905     		.short	1513
 8037 05ea EB05     		.short	1515
 8038 05ec ED05     		.short	1517
 8039 05ee EF05     		.short	1519
 8040 05f0 F105     		.short	1521
 8041 05f2 F305     		.short	1523
 8042 05f4 F505     		.short	1525
 8043 05f6 F705     		.short	1527
 8044 05f8 F905     		.short	1529
 8045 05fa FB05     		.short	1531
 8046 05fc FD05     		.short	1533
 8047 05fe FF05     		.short	1535
 8048 0600 0106     		.short	1537
 8049 0602 0306     		.short	1539
 8050 0604 0506     		.short	1541
 8051 0606 0706     		.short	1543
 8052 0608 0906     		.short	1545
 8053 060a 0B06     		.short	1547
 8054 060c 0D06     		.short	1549
 8055 060e 0F06     		.short	1551
 8056 0610 1106     		.short	1553
 8057 0612 1306     		.short	1555
 8058 0614 1506     		.short	1557
 8059 0616 1706     		.short	1559
 8060 0618 1906     		.short	1561
 8061 061a 1B06     		.short	1563
ARM GAS  C:\Users\maraz\AppData\Local\Temp\ccyEBQ4t.s 			page 172


 8062 061c 1D06     		.short	1565
 8063 061e 1F06     		.short	1567
 8064 0620 2106     		.short	1569
 8065 0622 2306     		.short	1571
 8066 0624 2506     		.short	1573
 8067 0626 2706     		.short	1575
 8068 0628 2906     		.short	1577
 8069 062a 2B06     		.short	1579
 8070 062c 2D06     		.short	1581
 8071 062e 2F06     		.short	1583
 8072 0630 3106     		.short	1585
 8073 0632 3306     		.short	1587
 8074 0634 3506     		.short	1589
 8075 0636 3706     		.short	1591
 8076 0638 3906     		.short	1593
 8077 063a 3B06     		.short	1595
 8078 063c 3D06     		.short	1597
 8079 063e 3F06     		.short	1599
 8080 0640 4106     		.short	1601
 8081 0642 4306     		.short	1603
 8082 0644 4506     		.short	1605
 8083 0646 4706     		.short	1607
 8084 0648 4906     		.short	1609
 8085 064a 4B06     		.short	1611
 8086 064c 4D06     		.short	1613
 8087 064e 4F06     		.short	1615
 8088 0650 5106     		.short	1617
 8089 0652 5306     		.short	1619
 8090 0654 5506     		.short	1621
 8091 0656 5706     		.short	1623
 8092 0658 5906     		.short	1625
 8093 065a 5B06     		.short	1627
 8094 065c 5D06     		.short	1629
 8095 065e 5F06     		.short	1631
 8096 0660 6106     		.short	1633
 8097 0662 6306     		.short	1635
 8098 0664 6506     		.short	1637
 8099 0666 6706     		.short	1639
 8100 0668 6906     		.short	1641
 8101 066a 6B06     		.short	1643
 8102 066c 6D06     		.short	1645
 8103 066e 6F06     		.short	1647
 8104 0670 7106     		.short	1649
 8105 0672 7306     		.short	1651
 8106 0674 7506     		.short	1653
 8107 0676 7706     		.short	1655
 8108 0678 7906     		.short	1657
 8109 067a 7B06     		.short	1659
 8110 067c 7D06     		.short	1661
 8111 067e 7F06     		.short	1663
 8112 0680 8106     		.short	1665
 8113 0682 8306     		.short	1667
 8114 0684 8506     		.short	1669
 8115 0686 8706     		.short	1671
 8116 0688 8906     		.short	1673
 8117 068a 8B06     		.short	1675
 8118 068c 8D06     		.short	1677
ARM GAS  C:\Users\maraz\AppData\Local\Temp\ccyEBQ4t.s 			page 173


 8119 068e 8F06     		.short	1679
 8120 0690 9106     		.short	1681
 8121 0692 9306     		.short	1683
 8122 0694 9506     		.short	1685
 8123 0696 9706     		.short	1687
 8124 0698 9906     		.short	1689
 8125 069a 9B06     		.short	1691
 8126 069c 9D06     		.short	1693
 8127 069e 9F06     		.short	1695
 8128 06a0 A106     		.short	1697
 8129 06a2 A306     		.short	1699
 8130 06a4 A506     		.short	1701
 8131 06a6 A706     		.short	1703
 8132 06a8 A906     		.short	1705
 8133 06aa AB06     		.short	1707
 8134 06ac AD06     		.short	1709
 8135 06ae AF06     		.short	1711
 8136 06b0 B106     		.short	1713
 8137 06b2 B306     		.short	1715
 8138 06b4 B506     		.short	1717
 8139 06b6 B706     		.short	1719
 8140 06b8 B906     		.short	1721
 8141 06ba BB06     		.short	1723
 8142 06bc BD06     		.short	1725
 8143 06be BF06     		.short	1727
 8144 06c0 C106     		.short	1729
 8145 06c2 C306     		.short	1731
 8146 06c4 C506     		.short	1733
 8147 06c6 C706     		.short	1735
 8148 06c8 C906     		.short	1737
 8149 06ca CB06     		.short	1739
 8150 06cc CD06     		.short	1741
 8151 06ce CF06     		.short	1743
 8152 06d0 D106     		.short	1745
 8153 06d2 D306     		.short	1747
 8154 06d4 D506     		.short	1749
 8155 06d6 D706     		.short	1751
 8156 06d8 D906     		.short	1753
 8157 06da DB06     		.short	1755
 8158 06dc DD06     		.short	1757
 8159 06de DF06     		.short	1759
 8160 06e0 E106     		.short	1761
 8161 06e2 E306     		.short	1763
 8162 06e4 E506     		.short	1765
 8163 06e6 E706     		.short	1767
 8164 06e8 E906     		.short	1769
 8165 06ea EB06     		.short	1771
 8166 06ec ED06     		.short	1773
 8167 06ee EF06     		.short	1775
 8168 06f0 F106     		.short	1777
 8169 06f2 F306     		.short	1779
 8170 06f4 F506     		.short	1781
 8171 06f6 F706     		.short	1783
 8172 06f8 F906     		.short	1785
 8173 06fa FB06     		.short	1787
 8174 06fc FD06     		.short	1789
 8175 06fe FF06     		.short	1791
ARM GAS  C:\Users\maraz\AppData\Local\Temp\ccyEBQ4t.s 			page 174


 8176 0700 0107     		.short	1793
 8177 0702 0307     		.short	1795
 8178 0704 0507     		.short	1797
 8179 0706 0707     		.short	1799
 8180 0708 0907     		.short	1801
 8181 070a 0B07     		.short	1803
 8182 070c 0D07     		.short	1805
 8183 070e 0F07     		.short	1807
 8184 0710 1107     		.short	1809
 8185 0712 1307     		.short	1811
 8186 0714 1507     		.short	1813
 8187 0716 1707     		.short	1815
 8188 0718 1907     		.short	1817
 8189 071a 1B07     		.short	1819
 8190 071c 1D07     		.short	1821
 8191 071e 1F07     		.short	1823
 8192 0720 2107     		.short	1825
 8193 0722 2307     		.short	1827
 8194 0724 2507     		.short	1829
 8195 0726 2707     		.short	1831
 8196 0728 2907     		.short	1833
 8197 072a 2B07     		.short	1835
 8198 072c 2D07     		.short	1837
 8199 072e 2F07     		.short	1839
 8200 0730 3107     		.short	1841
 8201 0732 3307     		.short	1843
 8202 0734 3507     		.short	1845
 8203 0736 3707     		.short	1847
 8204 0738 3907     		.short	1849
 8205 073a 3B07     		.short	1851
 8206 073c 3D07     		.short	1853
 8207 073e 3F07     		.short	1855
 8208 0740 4107     		.short	1857
 8209 0742 4307     		.short	1859
 8210 0744 4507     		.short	1861
 8211 0746 4707     		.short	1863
 8212 0748 4907     		.short	1865
 8213 074a 4B07     		.short	1867
 8214 074c 4D07     		.short	1869
 8215 074e 4F07     		.short	1871
 8216 0750 5107     		.short	1873
 8217 0752 5307     		.short	1875
 8218 0754 5507     		.short	1877
 8219 0756 5707     		.short	1879
 8220 0758 5907     		.short	1881
 8221 075a 5B07     		.short	1883
 8222 075c 5D07     		.short	1885
 8223 075e 5F07     		.short	1887
 8224 0760 6107     		.short	1889
 8225 0762 6307     		.short	1891
 8226 0764 6507     		.short	1893
 8227 0766 6707     		.short	1895
 8228 0768 6907     		.short	1897
 8229 076a 6B07     		.short	1899
 8230 076c 6D07     		.short	1901
 8231 076e 6F07     		.short	1903
 8232 0770 7107     		.short	1905
ARM GAS  C:\Users\maraz\AppData\Local\Temp\ccyEBQ4t.s 			page 175


 8233 0772 7307     		.short	1907
 8234 0774 7507     		.short	1909
 8235 0776 7707     		.short	1911
 8236 0778 7907     		.short	1913
 8237 077a 7B07     		.short	1915
 8238 077c 7D07     		.short	1917
 8239 077e 7F07     		.short	1919
 8240 0780 8107     		.short	1921
 8241 0782 8307     		.short	1923
 8242 0784 8507     		.short	1925
 8243 0786 8707     		.short	1927
 8244 0788 8907     		.short	1929
 8245 078a 8B07     		.short	1931
 8246 078c 8D07     		.short	1933
 8247 078e 8F07     		.short	1935
 8248 0790 9107     		.short	1937
 8249 0792 9307     		.short	1939
 8250 0794 9507     		.short	1941
 8251 0796 9707     		.short	1943
 8252 0798 9907     		.short	1945
 8253 079a 9B07     		.short	1947
 8254 079c 9D07     		.short	1949
 8255 079e 9F07     		.short	1951
 8256 07a0 A107     		.short	1953
 8257 07a2 A307     		.short	1955
 8258 07a4 A507     		.short	1957
 8259 07a6 A707     		.short	1959
 8260 07a8 A907     		.short	1961
 8261 07aa AB07     		.short	1963
 8262 07ac AD07     		.short	1965
 8263 07ae AF07     		.short	1967
 8264 07b0 B107     		.short	1969
 8265 07b2 B307     		.short	1971
 8266 07b4 B507     		.short	1973
 8267 07b6 B707     		.short	1975
 8268 07b8 B907     		.short	1977
 8269 07ba BB07     		.short	1979
 8270 07bc BD07     		.short	1981
 8271 07be BF07     		.short	1983
 8272 07c0 C107     		.short	1985
 8273 07c2 C307     		.short	1987
 8274 07c4 C507     		.short	1989
 8275 07c6 C707     		.short	1991
 8276 07c8 C907     		.short	1993
 8277 07ca CB07     		.short	1995
 8278 07cc CD07     		.short	1997
 8279 07ce CF07     		.short	1999
 8280 07d0 D107     		.short	2001
 8281 07d2 D307     		.short	2003
 8282 07d4 D507     		.short	2005
 8283 07d6 D707     		.short	2007
 8284 07d8 D907     		.short	2009
 8285 07da DB07     		.short	2011
 8286 07dc DD07     		.short	2013
 8287 07de DF07     		.short	2015
 8288 07e0 E107     		.short	2017
 8289 07e2 E307     		.short	2019
ARM GAS  C:\Users\maraz\AppData\Local\Temp\ccyEBQ4t.s 			page 176


 8290 07e4 E507     		.short	2021
 8291 07e6 E707     		.short	2023
 8292 07e8 E907     		.short	2025
 8293 07ea EB07     		.short	2027
 8294 07ec ED07     		.short	2029
 8295 07ee EF07     		.short	2031
 8296 07f0 F107     		.short	2033
 8297 07f2 F307     		.short	2035
 8298 07f4 F507     		.short	2037
 8299 07f6 F707     		.short	2039
 8300 07f8 F907     		.short	2041
 8301 07fa FB07     		.short	2043
 8302 07fc FD07     		.short	2045
 8303 07fe FF07     		.short	2047
 8304 0800 0108     		.short	2049
 8305 0802 0308     		.short	2051
 8306 0804 0508     		.short	2053
 8307 0806 0708     		.short	2055
 8308 0808 0908     		.short	2057
 8309 080a 0B08     		.short	2059
 8310 080c 0D08     		.short	2061
 8311 080e 0F08     		.short	2063
 8312 0810 1108     		.short	2065
 8313 0812 1308     		.short	2067
 8314 0814 1508     		.short	2069
 8315 0816 1708     		.short	2071
 8316 0818 1908     		.short	2073
 8317 081a 1B08     		.short	2075
 8318 081c 1D08     		.short	2077
 8319 081e 1F08     		.short	2079
 8320 0820 2108     		.short	2081
 8321 0822 2308     		.short	2083
 8322 0824 2508     		.short	2085
 8323 0826 2708     		.short	2087
 8324 0828 2908     		.short	2089
 8325 082a 2B08     		.short	2091
 8326 082c 2D08     		.short	2093
 8327 082e 2F08     		.short	2095
 8328 0830 3108     		.short	2097
 8329 0832 3308     		.short	2099
 8330 0834 3508     		.short	2101
 8331 0836 3708     		.short	2103
 8332 0838 3908     		.short	2105
 8333 083a 3B08     		.short	2107
 8334 083c 3D08     		.short	2109
 8335 083e 3F08     		.short	2111
 8336 0840 4108     		.short	2113
 8337 0842 4308     		.short	2115
 8338 0844 4508     		.short	2117
 8339 0846 4708     		.short	2119
 8340 0848 4908     		.short	2121
 8341 084a 4B08     		.short	2123
 8342 084c 4D08     		.short	2125
 8343 084e 4F08     		.short	2127
 8344 0850 5108     		.short	2129
 8345 0852 5308     		.short	2131
 8346 0854 5508     		.short	2133
ARM GAS  C:\Users\maraz\AppData\Local\Temp\ccyEBQ4t.s 			page 177


 8347 0856 5708     		.short	2135
 8348 0858 5908     		.short	2137
 8349 085a 5B08     		.short	2139
 8350 085c 5D08     		.short	2141
 8351 085e 5F08     		.short	2143
 8352 0860 6108     		.short	2145
 8353 0862 6308     		.short	2147
 8354 0864 6508     		.short	2149
 8355 0866 6708     		.short	2151
 8356 0868 6908     		.short	2153
 8357 086a 6B08     		.short	2155
 8358 086c 6D08     		.short	2157
 8359 086e 6F08     		.short	2159
 8360 0870 7108     		.short	2161
 8361 0872 7308     		.short	2163
 8362 0874 7508     		.short	2165
 8363 0876 7708     		.short	2167
 8364 0878 7908     		.short	2169
 8365 087a 7B08     		.short	2171
 8366 087c 7D08     		.short	2173
 8367 087e 7F08     		.short	2175
 8368 0880 8108     		.short	2177
 8369 0882 8308     		.short	2179
 8370 0884 8508     		.short	2181
 8371 0886 8708     		.short	2183
 8372 0888 8908     		.short	2185
 8373 088a 8B08     		.short	2187
 8374 088c 8D08     		.short	2189
 8375 088e 8F08     		.short	2191
 8376 0890 9108     		.short	2193
 8377 0892 9308     		.short	2195
 8378 0894 9508     		.short	2197
 8379 0896 9708     		.short	2199
 8380 0898 9908     		.short	2201
 8381 089a 9B08     		.short	2203
 8382 089c 9D08     		.short	2205
 8383 089e 9F08     		.short	2207
 8384 08a0 A108     		.short	2209
 8385 08a2 A308     		.short	2211
 8386 08a4 A508     		.short	2213
 8387 08a6 A708     		.short	2215
 8388 08a8 A908     		.short	2217
 8389 08aa AB08     		.short	2219
 8390 08ac AD08     		.short	2221
 8391 08ae AF08     		.short	2223
 8392 08b0 B108     		.short	2225
 8393 08b2 B308     		.short	2227
 8394 08b4 B508     		.short	2229
 8395 08b6 B708     		.short	2231
 8396 08b8 B908     		.short	2233
 8397 08ba BB08     		.short	2235
 8398 08bc BD08     		.short	2237
 8399 08be BF08     		.short	2239
 8400 08c0 C108     		.short	2241
 8401 08c2 C308     		.short	2243
 8402 08c4 C508     		.short	2245
 8403 08c6 C708     		.short	2247
ARM GAS  C:\Users\maraz\AppData\Local\Temp\ccyEBQ4t.s 			page 178


 8404 08c8 C908     		.short	2249
 8405 08ca CB08     		.short	2251
 8406 08cc CD08     		.short	2253
 8407 08ce CF08     		.short	2255
 8408 08d0 D108     		.short	2257
 8409 08d2 D308     		.short	2259
 8410 08d4 D508     		.short	2261
 8411 08d6 D708     		.short	2263
 8412 08d8 D908     		.short	2265
 8413 08da DB08     		.short	2267
 8414 08dc DD08     		.short	2269
 8415 08de DF08     		.short	2271
 8416 08e0 E108     		.short	2273
 8417 08e2 E308     		.short	2275
 8418 08e4 E508     		.short	2277
 8419 08e6 E708     		.short	2279
 8420 08e8 E908     		.short	2281
 8421 08ea EB08     		.short	2283
 8422 08ec ED08     		.short	2285
 8423 08ee EF08     		.short	2287
 8424 08f0 F108     		.short	2289
 8425 08f2 F308     		.short	2291
 8426 08f4 F508     		.short	2293
 8427 08f6 F708     		.short	2295
 8428 08f8 F908     		.short	2297
 8429 08fa FB08     		.short	2299
 8430 08fc FD08     		.short	2301
 8431 08fe FF08     		.short	2303
 8432 0900 0109     		.short	2305
 8433 0902 0309     		.short	2307
 8434 0904 0509     		.short	2309
 8435 0906 0709     		.short	2311
 8436 0908 0909     		.short	2313
 8437 090a 0B09     		.short	2315
 8438 090c 0D09     		.short	2317
 8439 090e 0F09     		.short	2319
 8440 0910 1109     		.short	2321
 8441 0912 1309     		.short	2323
 8442 0914 1509     		.short	2325
 8443 0916 1709     		.short	2327
 8444 0918 1909     		.short	2329
 8445 091a 1B09     		.short	2331
 8446 091c 1D09     		.short	2333
 8447 091e 1F09     		.short	2335
 8448 0920 2109     		.short	2337
 8449 0922 2309     		.short	2339
 8450 0924 2509     		.short	2341
 8451 0926 2709     		.short	2343
 8452 0928 2909     		.short	2345
 8453 092a 2B09     		.short	2347
 8454 092c 2D09     		.short	2349
 8455 092e 2F09     		.short	2351
 8456 0930 3109     		.short	2353
 8457 0932 3309     		.short	2355
 8458 0934 3509     		.short	2357
 8459 0936 3709     		.short	2359
 8460 0938 3909     		.short	2361
ARM GAS  C:\Users\maraz\AppData\Local\Temp\ccyEBQ4t.s 			page 179


 8461 093a 3B09     		.short	2363
 8462 093c 3D09     		.short	2365
 8463 093e 3F09     		.short	2367
 8464 0940 4109     		.short	2369
 8465 0942 4309     		.short	2371
 8466 0944 4509     		.short	2373
 8467 0946 4709     		.short	2375
 8468 0948 4909     		.short	2377
 8469 094a 4B09     		.short	2379
 8470 094c 4D09     		.short	2381
 8471 094e 4F09     		.short	2383
 8472 0950 5109     		.short	2385
 8473 0952 5309     		.short	2387
 8474 0954 5509     		.short	2389
 8475 0956 5709     		.short	2391
 8476 0958 5909     		.short	2393
 8477 095a 5B09     		.short	2395
 8478 095c 5D09     		.short	2397
 8479 095e 5F09     		.short	2399
 8480 0960 6109     		.short	2401
 8481 0962 6309     		.short	2403
 8482 0964 6509     		.short	2405
 8483 0966 6709     		.short	2407
 8484 0968 6909     		.short	2409
 8485 096a 6B09     		.short	2411
 8486 096c 6D09     		.short	2413
 8487 096e 6F09     		.short	2415
 8488 0970 7109     		.short	2417
 8489 0972 7309     		.short	2419
 8490 0974 7509     		.short	2421
 8491 0976 7709     		.short	2423
 8492 0978 7909     		.short	2425
 8493 097a 7B09     		.short	2427
 8494 097c 7D09     		.short	2429
 8495 097e 7F09     		.short	2431
 8496 0980 8109     		.short	2433
 8497 0982 8309     		.short	2435
 8498 0984 8509     		.short	2437
 8499 0986 8709     		.short	2439
 8500 0988 8909     		.short	2441
 8501 098a 8B09     		.short	2443
 8502 098c 8D09     		.short	2445
 8503 098e 8F09     		.short	2447
 8504 0990 9109     		.short	2449
 8505 0992 9309     		.short	2451
 8506 0994 9509     		.short	2453
 8507 0996 9709     		.short	2455
 8508 0998 9909     		.short	2457
 8509 099a 9B09     		.short	2459
 8510 099c 9D09     		.short	2461
 8511 099e 9F09     		.short	2463
 8512 09a0 A109     		.short	2465
 8513 09a2 A309     		.short	2467
 8514 09a4 A509     		.short	2469
 8515 09a6 A709     		.short	2471
 8516 09a8 A909     		.short	2473
 8517 09aa AB09     		.short	2475
ARM GAS  C:\Users\maraz\AppData\Local\Temp\ccyEBQ4t.s 			page 180


 8518 09ac AD09     		.short	2477
 8519 09ae AF09     		.short	2479
 8520 09b0 B109     		.short	2481
 8521 09b2 B309     		.short	2483
 8522 09b4 B509     		.short	2485
 8523 09b6 B709     		.short	2487
 8524 09b8 B909     		.short	2489
 8525 09ba BB09     		.short	2491
 8526 09bc BD09     		.short	2493
 8527 09be BF09     		.short	2495
 8528 09c0 C109     		.short	2497
 8529 09c2 C309     		.short	2499
 8530 09c4 C509     		.short	2501
 8531 09c6 C709     		.short	2503
 8532 09c8 C909     		.short	2505
 8533 09ca CB09     		.short	2507
 8534 09cc CD09     		.short	2509
 8535 09ce CF09     		.short	2511
 8536 09d0 D109     		.short	2513
 8537 09d2 D309     		.short	2515
 8538 09d4 D509     		.short	2517
 8539 09d6 D709     		.short	2519
 8540 09d8 D909     		.short	2521
 8541 09da DB09     		.short	2523
 8542 09dc DD09     		.short	2525
 8543 09de DF09     		.short	2527
 8544 09e0 E109     		.short	2529
 8545 09e2 E309     		.short	2531
 8546 09e4 E509     		.short	2533
 8547 09e6 E709     		.short	2535
 8548 09e8 E909     		.short	2537
 8549 09ea EB09     		.short	2539
 8550 09ec ED09     		.short	2541
 8551 09ee EF09     		.short	2543
 8552 09f0 F109     		.short	2545
 8553 09f2 F309     		.short	2547
 8554 09f4 F509     		.short	2549
 8555 09f6 F709     		.short	2551
 8556 09f8 F909     		.short	2553
 8557 09fa FB09     		.short	2555
 8558 09fc FD09     		.short	2557
 8559 09fe FF09     		.short	2559
 8560 0a00 010A     		.short	2561
 8561 0a02 030A     		.short	2563
 8562 0a04 050A     		.short	2565
 8563 0a06 070A     		.short	2567
 8564 0a08 090A     		.short	2569
 8565 0a0a 0B0A     		.short	2571
 8566 0a0c 0D0A     		.short	2573
 8567 0a0e 0F0A     		.short	2575
 8568 0a10 110A     		.short	2577
 8569 0a12 130A     		.short	2579
 8570 0a14 150A     		.short	2581
 8571 0a16 170A     		.short	2583
 8572 0a18 190A     		.short	2585
 8573 0a1a 1B0A     		.short	2587
 8574 0a1c 1D0A     		.short	2589
ARM GAS  C:\Users\maraz\AppData\Local\Temp\ccyEBQ4t.s 			page 181


 8575 0a1e 1F0A     		.short	2591
 8576 0a20 210A     		.short	2593
 8577 0a22 230A     		.short	2595
 8578 0a24 250A     		.short	2597
 8579 0a26 270A     		.short	2599
 8580 0a28 290A     		.short	2601
 8581 0a2a 2B0A     		.short	2603
 8582 0a2c 2D0A     		.short	2605
 8583 0a2e 2F0A     		.short	2607
 8584 0a30 310A     		.short	2609
 8585 0a32 330A     		.short	2611
 8586 0a34 350A     		.short	2613
 8587 0a36 370A     		.short	2615
 8588 0a38 390A     		.short	2617
 8589 0a3a 3B0A     		.short	2619
 8590 0a3c 3D0A     		.short	2621
 8591 0a3e 3F0A     		.short	2623
 8592 0a40 410A     		.short	2625
 8593 0a42 430A     		.short	2627
 8594 0a44 450A     		.short	2629
 8595 0a46 470A     		.short	2631
 8596 0a48 490A     		.short	2633
 8597 0a4a 4B0A     		.short	2635
 8598 0a4c 4D0A     		.short	2637
 8599 0a4e 4F0A     		.short	2639
 8600 0a50 510A     		.short	2641
 8601 0a52 530A     		.short	2643
 8602 0a54 550A     		.short	2645
 8603 0a56 570A     		.short	2647
 8604 0a58 590A     		.short	2649
 8605 0a5a 5B0A     		.short	2651
 8606 0a5c 5D0A     		.short	2653
 8607 0a5e 5F0A     		.short	2655
 8608 0a60 610A     		.short	2657
 8609 0a62 630A     		.short	2659
 8610 0a64 650A     		.short	2661
 8611 0a66 670A     		.short	2663
 8612 0a68 690A     		.short	2665
 8613 0a6a 6B0A     		.short	2667
 8614 0a6c 6D0A     		.short	2669
 8615 0a6e 6F0A     		.short	2671
 8616 0a70 710A     		.short	2673
 8617 0a72 730A     		.short	2675
 8618 0a74 750A     		.short	2677
 8619 0a76 770A     		.short	2679
 8620 0a78 790A     		.short	2681
 8621 0a7a 7B0A     		.short	2683
 8622 0a7c 7D0A     		.short	2685
 8623 0a7e 7F0A     		.short	2687
 8624 0a80 810A     		.short	2689
 8625 0a82 830A     		.short	2691
 8626 0a84 850A     		.short	2693
 8627 0a86 870A     		.short	2695
 8628 0a88 890A     		.short	2697
 8629 0a8a 8B0A     		.short	2699
 8630 0a8c 8D0A     		.short	2701
 8631 0a8e 8F0A     		.short	2703
ARM GAS  C:\Users\maraz\AppData\Local\Temp\ccyEBQ4t.s 			page 182


 8632 0a90 910A     		.short	2705
 8633 0a92 930A     		.short	2707
 8634 0a94 950A     		.short	2709
 8635 0a96 970A     		.short	2711
 8636 0a98 990A     		.short	2713
 8637 0a9a 9B0A     		.short	2715
 8638 0a9c 9D0A     		.short	2717
 8639 0a9e 9F0A     		.short	2719
 8640 0aa0 A10A     		.short	2721
 8641 0aa2 A30A     		.short	2723
 8642 0aa4 A50A     		.short	2725
 8643 0aa6 A70A     		.short	2727
 8644 0aa8 AA0A     		.short	2730
 8645 0aaa AC0A     		.short	2732
 8646 0aac AE0A     		.short	2734
 8647 0aae B00A     		.short	2736
 8648 0ab0 B20A     		.short	2738
 8649 0ab2 B40A     		.short	2740
 8650 0ab4 B60A     		.short	2742
 8651 0ab6 B80A     		.short	2744
 8652 0ab8 BA0A     		.short	2746
 8653 0aba BC0A     		.short	2748
 8654 0abc BE0A     		.short	2750
 8655 0abe C00A     		.short	2752
 8656 0ac0 C20A     		.short	2754
 8657 0ac2 C40A     		.short	2756
 8658 0ac4 C60A     		.short	2758
 8659 0ac6 C80A     		.short	2760
 8660 0ac8 CA0A     		.short	2762
 8661 0aca CC0A     		.short	2764
 8662 0acc CE0A     		.short	2766
 8663 0ace D00A     		.short	2768
 8664 0ad0 D20A     		.short	2770
 8665 0ad2 D40A     		.short	2772
 8666 0ad4 D60A     		.short	2774
 8667 0ad6 D80A     		.short	2776
 8668 0ad8 DA0A     		.short	2778
 8669 0ada DC0A     		.short	2780
 8670 0adc DE0A     		.short	2782
 8671 0ade E00A     		.short	2784
 8672 0ae0 E20A     		.short	2786
 8673 0ae2 E40A     		.short	2788
 8674 0ae4 E60A     		.short	2790
 8675 0ae6 E80A     		.short	2792
 8676 0ae8 EA0A     		.short	2794
 8677 0aea EC0A     		.short	2796
 8678 0aec EE0A     		.short	2798
 8679 0aee F00A     		.short	2800
 8680 0af0 F20A     		.short	2802
 8681 0af2 F40A     		.short	2804
 8682 0af4 F60A     		.short	2806
 8683 0af6 F80A     		.short	2808
 8684 0af8 FA0A     		.short	2810
 8685 0afa FC0A     		.short	2812
 8686 0afc FE0A     		.short	2814
 8687 0afe 000B     		.short	2816
 8688 0b00 020B     		.short	2818
ARM GAS  C:\Users\maraz\AppData\Local\Temp\ccyEBQ4t.s 			page 183


 8689 0b02 040B     		.short	2820
 8690 0b04 060B     		.short	2822
 8691 0b06 080B     		.short	2824
 8692 0b08 0A0B     		.short	2826
 8693 0b0a 0C0B     		.short	2828
 8694 0b0c 0E0B     		.short	2830
 8695 0b0e 100B     		.short	2832
 8696 0b10 120B     		.short	2834
 8697 0b12 140B     		.short	2836
 8698 0b14 160B     		.short	2838
 8699 0b16 180B     		.short	2840
 8700 0b18 1A0B     		.short	2842
 8701 0b1a 1C0B     		.short	2844
 8702 0b1c 1E0B     		.short	2846
 8703 0b1e 200B     		.short	2848
 8704 0b20 220B     		.short	2850
 8705 0b22 240B     		.short	2852
 8706 0b24 260B     		.short	2854
 8707 0b26 280B     		.short	2856
 8708 0b28 2A0B     		.short	2858
 8709 0b2a 2C0B     		.short	2860
 8710 0b2c 2E0B     		.short	2862
 8711 0b2e 300B     		.short	2864
 8712 0b30 320B     		.short	2866
 8713 0b32 340B     		.short	2868
 8714 0b34 360B     		.short	2870
 8715 0b36 380B     		.short	2872
 8716 0b38 3A0B     		.short	2874
 8717 0b3a 3C0B     		.short	2876
 8718 0b3c 3E0B     		.short	2878
 8719 0b3e 400B     		.short	2880
 8720 0b40 420B     		.short	2882
 8721 0b42 440B     		.short	2884
 8722 0b44 460B     		.short	2886
 8723 0b46 480B     		.short	2888
 8724 0b48 4A0B     		.short	2890
 8725 0b4a 4C0B     		.short	2892
 8726 0b4c 4E0B     		.short	2894
 8727 0b4e 500B     		.short	2896
 8728 0b50 520B     		.short	2898
 8729 0b52 540B     		.short	2900
 8730 0b54 560B     		.short	2902
 8731 0b56 580B     		.short	2904
 8732 0b58 5A0B     		.short	2906
 8733 0b5a 5C0B     		.short	2908
 8734 0b5c 5E0B     		.short	2910
 8735 0b5e 600B     		.short	2912
 8736 0b60 620B     		.short	2914
 8737 0b62 640B     		.short	2916
 8738 0b64 660B     		.short	2918
 8739 0b66 680B     		.short	2920
 8740 0b68 6A0B     		.short	2922
 8741 0b6a 6C0B     		.short	2924
 8742 0b6c 6E0B     		.short	2926
 8743 0b6e 700B     		.short	2928
 8744 0b70 720B     		.short	2930
 8745 0b72 740B     		.short	2932
ARM GAS  C:\Users\maraz\AppData\Local\Temp\ccyEBQ4t.s 			page 184


 8746 0b74 760B     		.short	2934
 8747 0b76 780B     		.short	2936
 8748 0b78 7A0B     		.short	2938
 8749 0b7a 7C0B     		.short	2940
 8750 0b7c 7E0B     		.short	2942
 8751 0b7e 800B     		.short	2944
 8752 0b80 820B     		.short	2946
 8753 0b82 840B     		.short	2948
 8754 0b84 860B     		.short	2950
 8755 0b86 880B     		.short	2952
 8756 0b88 8A0B     		.short	2954
 8757 0b8a 8C0B     		.short	2956
 8758 0b8c 8E0B     		.short	2958
 8759 0b8e 900B     		.short	2960
 8760 0b90 920B     		.short	2962
 8761 0b92 940B     		.short	2964
 8762 0b94 960B     		.short	2966
 8763 0b96 980B     		.short	2968
 8764 0b98 9A0B     		.short	2970
 8765 0b9a 9C0B     		.short	2972
 8766 0b9c 9E0B     		.short	2974
 8767 0b9e A00B     		.short	2976
 8768 0ba0 A20B     		.short	2978
 8769 0ba2 A40B     		.short	2980
 8770 0ba4 A60B     		.short	2982
 8771 0ba6 A80B     		.short	2984
 8772 0ba8 AA0B     		.short	2986
 8773 0baa AC0B     		.short	2988
 8774 0bac AE0B     		.short	2990
 8775 0bae B00B     		.short	2992
 8776 0bb0 B20B     		.short	2994
 8777 0bb2 B40B     		.short	2996
 8778 0bb4 B60B     		.short	2998
 8779 0bb6 B80B     		.short	3000
 8780 0bb8 BA0B     		.short	3002
 8781 0bba BC0B     		.short	3004
 8782 0bbc BE0B     		.short	3006
 8783 0bbe C00B     		.short	3008
 8784 0bc0 C20B     		.short	3010
 8785 0bc2 C40B     		.short	3012
 8786 0bc4 C60B     		.short	3014
 8787 0bc6 C80B     		.short	3016
 8788 0bc8 CA0B     		.short	3018
 8789 0bca CC0B     		.short	3020
 8790 0bcc CE0B     		.short	3022
 8791 0bce D00B     		.short	3024
 8792 0bd0 D20B     		.short	3026
 8793 0bd2 D40B     		.short	3028
 8794 0bd4 D60B     		.short	3030
 8795 0bd6 D80B     		.short	3032
 8796 0bd8 DA0B     		.short	3034
 8797 0bda DC0B     		.short	3036
 8798 0bdc DE0B     		.short	3038
 8799 0bde E00B     		.short	3040
 8800 0be0 E20B     		.short	3042
 8801 0be2 E40B     		.short	3044
 8802 0be4 E60B     		.short	3046
ARM GAS  C:\Users\maraz\AppData\Local\Temp\ccyEBQ4t.s 			page 185


 8803 0be6 E80B     		.short	3048
 8804 0be8 EA0B     		.short	3050
 8805 0bea EC0B     		.short	3052
 8806 0bec EE0B     		.short	3054
 8807 0bee F00B     		.short	3056
 8808 0bf0 F20B     		.short	3058
 8809 0bf2 F40B     		.short	3060
 8810 0bf4 F60B     		.short	3062
 8811 0bf6 F80B     		.short	3064
 8812 0bf8 FA0B     		.short	3066
 8813 0bfa FC0B     		.short	3068
 8814 0bfc FE0B     		.short	3070
 8815 0bfe 000C     		.short	3072
 8816 0c00 020C     		.short	3074
 8817 0c02 040C     		.short	3076
 8818 0c04 060C     		.short	3078
 8819 0c06 080C     		.short	3080
 8820 0c08 0A0C     		.short	3082
 8821 0c0a 0C0C     		.short	3084
 8822 0c0c 0E0C     		.short	3086
 8823 0c0e 100C     		.short	3088
 8824 0c10 120C     		.short	3090
 8825 0c12 140C     		.short	3092
 8826 0c14 160C     		.short	3094
 8827 0c16 180C     		.short	3096
 8828 0c18 1A0C     		.short	3098
 8829 0c1a 1C0C     		.short	3100
 8830 0c1c 1E0C     		.short	3102
 8831 0c1e 200C     		.short	3104
 8832 0c20 220C     		.short	3106
 8833 0c22 240C     		.short	3108
 8834 0c24 260C     		.short	3110
 8835 0c26 280C     		.short	3112
 8836 0c28 2A0C     		.short	3114
 8837 0c2a 2C0C     		.short	3116
 8838 0c2c 2E0C     		.short	3118
 8839 0c2e 300C     		.short	3120
 8840 0c30 320C     		.short	3122
 8841 0c32 340C     		.short	3124
 8842 0c34 360C     		.short	3126
 8843 0c36 380C     		.short	3128
 8844 0c38 3A0C     		.short	3130
 8845 0c3a 3C0C     		.short	3132
 8846 0c3c 3E0C     		.short	3134
 8847 0c3e 400C     		.short	3136
 8848 0c40 420C     		.short	3138
 8849 0c42 440C     		.short	3140
 8850 0c44 460C     		.short	3142
 8851 0c46 480C     		.short	3144
 8852 0c48 4A0C     		.short	3146
 8853 0c4a 4C0C     		.short	3148
 8854 0c4c 4E0C     		.short	3150
 8855 0c4e 500C     		.short	3152
 8856 0c50 520C     		.short	3154
 8857 0c52 540C     		.short	3156
 8858 0c54 560C     		.short	3158
 8859 0c56 580C     		.short	3160
ARM GAS  C:\Users\maraz\AppData\Local\Temp\ccyEBQ4t.s 			page 186


 8860 0c58 5A0C     		.short	3162
 8861 0c5a 5C0C     		.short	3164
 8862 0c5c 5E0C     		.short	3166
 8863 0c5e 600C     		.short	3168
 8864 0c60 620C     		.short	3170
 8865 0c62 640C     		.short	3172
 8866 0c64 660C     		.short	3174
 8867 0c66 680C     		.short	3176
 8868 0c68 6A0C     		.short	3178
 8869 0c6a 6C0C     		.short	3180
 8870 0c6c 6E0C     		.short	3182
 8871 0c6e 700C     		.short	3184
 8872 0c70 720C     		.short	3186
 8873 0c72 740C     		.short	3188
 8874 0c74 760C     		.short	3190
 8875 0c76 780C     		.short	3192
 8876 0c78 7A0C     		.short	3194
 8877 0c7a 7C0C     		.short	3196
 8878 0c7c 7E0C     		.short	3198
 8879 0c7e 800C     		.short	3200
 8880 0c80 820C     		.short	3202
 8881 0c82 840C     		.short	3204
 8882 0c84 860C     		.short	3206
 8883 0c86 880C     		.short	3208
 8884 0c88 8A0C     		.short	3210
 8885 0c8a 8C0C     		.short	3212
 8886 0c8c 8E0C     		.short	3214
 8887 0c8e 900C     		.short	3216
 8888 0c90 920C     		.short	3218
 8889 0c92 940C     		.short	3220
 8890 0c94 960C     		.short	3222
 8891 0c96 980C     		.short	3224
 8892 0c98 9A0C     		.short	3226
 8893 0c9a 9C0C     		.short	3228
 8894 0c9c 9E0C     		.short	3230
 8895 0c9e A00C     		.short	3232
 8896 0ca0 A20C     		.short	3234
 8897 0ca2 A40C     		.short	3236
 8898 0ca4 A60C     		.short	3238
 8899 0ca6 A80C     		.short	3240
 8900 0ca8 AA0C     		.short	3242
 8901 0caa AC0C     		.short	3244
 8902 0cac AE0C     		.short	3246
 8903 0cae B00C     		.short	3248
 8904 0cb0 B20C     		.short	3250
 8905 0cb2 B40C     		.short	3252
 8906 0cb4 B60C     		.short	3254
 8907 0cb6 B80C     		.short	3256
 8908 0cb8 BA0C     		.short	3258
 8909 0cba BC0C     		.short	3260
 8910 0cbc BE0C     		.short	3262
 8911 0cbe C00C     		.short	3264
 8912 0cc0 C20C     		.short	3266
 8913 0cc2 C40C     		.short	3268
 8914 0cc4 C60C     		.short	3270
 8915 0cc6 C80C     		.short	3272
 8916 0cc8 CA0C     		.short	3274
ARM GAS  C:\Users\maraz\AppData\Local\Temp\ccyEBQ4t.s 			page 187


 8917 0cca CC0C     		.short	3276
 8918 0ccc CE0C     		.short	3278
 8919 0cce D00C     		.short	3280
 8920 0cd0 D20C     		.short	3282
 8921 0cd2 D40C     		.short	3284
 8922 0cd4 D60C     		.short	3286
 8923 0cd6 D80C     		.short	3288
 8924 0cd8 DA0C     		.short	3290
 8925 0cda DC0C     		.short	3292
 8926 0cdc DE0C     		.short	3294
 8927 0cde E00C     		.short	3296
 8928 0ce0 E20C     		.short	3298
 8929 0ce2 E40C     		.short	3300
 8930 0ce4 E60C     		.short	3302
 8931 0ce6 E80C     		.short	3304
 8932 0ce8 EA0C     		.short	3306
 8933 0cea EC0C     		.short	3308
 8934 0cec EE0C     		.short	3310
 8935 0cee F00C     		.short	3312
 8936 0cf0 F20C     		.short	3314
 8937 0cf2 F40C     		.short	3316
 8938 0cf4 F60C     		.short	3318
 8939 0cf6 F80C     		.short	3320
 8940 0cf8 FA0C     		.short	3322
 8941 0cfa FC0C     		.short	3324
 8942 0cfc FE0C     		.short	3326
 8943 0cfe 000D     		.short	3328
 8944 0d00 020D     		.short	3330
 8945 0d02 040D     		.short	3332
 8946 0d04 060D     		.short	3334
 8947 0d06 080D     		.short	3336
 8948 0d08 0A0D     		.short	3338
 8949 0d0a 0C0D     		.short	3340
 8950 0d0c 0E0D     		.short	3342
 8951 0d0e 100D     		.short	3344
 8952 0d10 120D     		.short	3346
 8953 0d12 140D     		.short	3348
 8954 0d14 160D     		.short	3350
 8955 0d16 180D     		.short	3352
 8956 0d18 1A0D     		.short	3354
 8957 0d1a 1C0D     		.short	3356
 8958 0d1c 1E0D     		.short	3358
 8959 0d1e 200D     		.short	3360
 8960 0d20 220D     		.short	3362
 8961 0d22 240D     		.short	3364
 8962 0d24 260D     		.short	3366
 8963 0d26 280D     		.short	3368
 8964 0d28 2A0D     		.short	3370
 8965 0d2a 2C0D     		.short	3372
 8966 0d2c 2E0D     		.short	3374
 8967 0d2e 300D     		.short	3376
 8968 0d30 320D     		.short	3378
 8969 0d32 340D     		.short	3380
 8970 0d34 360D     		.short	3382
 8971 0d36 380D     		.short	3384
 8972 0d38 3A0D     		.short	3386
 8973 0d3a 3C0D     		.short	3388
ARM GAS  C:\Users\maraz\AppData\Local\Temp\ccyEBQ4t.s 			page 188


 8974 0d3c 3E0D     		.short	3390
 8975 0d3e 400D     		.short	3392
 8976 0d40 420D     		.short	3394
 8977 0d42 440D     		.short	3396
 8978 0d44 460D     		.short	3398
 8979 0d46 480D     		.short	3400
 8980 0d48 4A0D     		.short	3402
 8981 0d4a 4C0D     		.short	3404
 8982 0d4c 4E0D     		.short	3406
 8983 0d4e 500D     		.short	3408
 8984 0d50 520D     		.short	3410
 8985 0d52 540D     		.short	3412
 8986 0d54 560D     		.short	3414
 8987 0d56 580D     		.short	3416
 8988 0d58 5A0D     		.short	3418
 8989 0d5a 5C0D     		.short	3420
 8990 0d5c 5E0D     		.short	3422
 8991 0d5e 600D     		.short	3424
 8992 0d60 620D     		.short	3426
 8993 0d62 640D     		.short	3428
 8994 0d64 660D     		.short	3430
 8995 0d66 680D     		.short	3432
 8996 0d68 6A0D     		.short	3434
 8997 0d6a 6C0D     		.short	3436
 8998 0d6c 6E0D     		.short	3438
 8999 0d6e 700D     		.short	3440
 9000 0d70 720D     		.short	3442
 9001 0d72 740D     		.short	3444
 9002 0d74 760D     		.short	3446
 9003 0d76 780D     		.short	3448
 9004 0d78 7A0D     		.short	3450
 9005 0d7a 7C0D     		.short	3452
 9006 0d7c 7E0D     		.short	3454
 9007 0d7e 800D     		.short	3456
 9008 0d80 820D     		.short	3458
 9009 0d82 840D     		.short	3460
 9010 0d84 860D     		.short	3462
 9011 0d86 880D     		.short	3464
 9012 0d88 8A0D     		.short	3466
 9013 0d8a 8C0D     		.short	3468
 9014 0d8c 8E0D     		.short	3470
 9015 0d8e 900D     		.short	3472
 9016 0d90 920D     		.short	3474
 9017 0d92 940D     		.short	3476
 9018 0d94 960D     		.short	3478
 9019 0d96 980D     		.short	3480
 9020 0d98 9A0D     		.short	3482
 9021 0d9a 9C0D     		.short	3484
 9022 0d9c 9E0D     		.short	3486
 9023 0d9e A00D     		.short	3488
 9024 0da0 A20D     		.short	3490
 9025 0da2 A40D     		.short	3492
 9026 0da4 A60D     		.short	3494
 9027 0da6 A80D     		.short	3496
 9028 0da8 AA0D     		.short	3498
 9029 0daa AC0D     		.short	3500
 9030 0dac AE0D     		.short	3502
ARM GAS  C:\Users\maraz\AppData\Local\Temp\ccyEBQ4t.s 			page 189


 9031 0dae B00D     		.short	3504
 9032 0db0 B20D     		.short	3506
 9033 0db2 B40D     		.short	3508
 9034 0db4 B60D     		.short	3510
 9035 0db6 B80D     		.short	3512
 9036 0db8 BA0D     		.short	3514
 9037 0dba BC0D     		.short	3516
 9038 0dbc BE0D     		.short	3518
 9039 0dbe C00D     		.short	3520
 9040 0dc0 C20D     		.short	3522
 9041 0dc2 C40D     		.short	3524
 9042 0dc4 C60D     		.short	3526
 9043 0dc6 C80D     		.short	3528
 9044 0dc8 CA0D     		.short	3530
 9045 0dca CC0D     		.short	3532
 9046 0dcc CE0D     		.short	3534
 9047 0dce D00D     		.short	3536
 9048 0dd0 D20D     		.short	3538
 9049 0dd2 D40D     		.short	3540
 9050 0dd4 D60D     		.short	3542
 9051 0dd6 D80D     		.short	3544
 9052 0dd8 DA0D     		.short	3546
 9053 0dda DC0D     		.short	3548
 9054 0ddc DE0D     		.short	3550
 9055 0dde E00D     		.short	3552
 9056 0de0 E20D     		.short	3554
 9057 0de2 E40D     		.short	3556
 9058 0de4 E60D     		.short	3558
 9059 0de6 E80D     		.short	3560
 9060 0de8 EA0D     		.short	3562
 9061 0dea EC0D     		.short	3564
 9062 0dec EE0D     		.short	3566
 9063 0dee F00D     		.short	3568
 9064 0df0 F20D     		.short	3570
 9065 0df2 F40D     		.short	3572
 9066 0df4 F60D     		.short	3574
 9067 0df6 F80D     		.short	3576
 9068 0df8 FA0D     		.short	3578
 9069 0dfa FC0D     		.short	3580
 9070 0dfc FE0D     		.short	3582
 9071 0dfe 000E     		.short	3584
 9072 0e00 020E     		.short	3586
 9073 0e02 040E     		.short	3588
 9074 0e04 060E     		.short	3590
 9075 0e06 080E     		.short	3592
 9076 0e08 0A0E     		.short	3594
 9077 0e0a 0C0E     		.short	3596
 9078 0e0c 0E0E     		.short	3598
 9079 0e0e 100E     		.short	3600
 9080 0e10 120E     		.short	3602
 9081 0e12 140E     		.short	3604
 9082 0e14 160E     		.short	3606
 9083 0e16 180E     		.short	3608
 9084 0e18 1A0E     		.short	3610
 9085 0e1a 1C0E     		.short	3612
 9086 0e1c 1E0E     		.short	3614
 9087 0e1e 200E     		.short	3616
ARM GAS  C:\Users\maraz\AppData\Local\Temp\ccyEBQ4t.s 			page 190


 9088 0e20 220E     		.short	3618
 9089 0e22 240E     		.short	3620
 9090 0e24 260E     		.short	3622
 9091 0e26 280E     		.short	3624
 9092 0e28 2A0E     		.short	3626
 9093 0e2a 2C0E     		.short	3628
 9094 0e2c 2E0E     		.short	3630
 9095 0e2e 300E     		.short	3632
 9096 0e30 320E     		.short	3634
 9097 0e32 340E     		.short	3636
 9098 0e34 360E     		.short	3638
 9099 0e36 380E     		.short	3640
 9100 0e38 3A0E     		.short	3642
 9101 0e3a 3C0E     		.short	3644
 9102 0e3c 3E0E     		.short	3646
 9103 0e3e 400E     		.short	3648
 9104 0e40 420E     		.short	3650
 9105 0e42 440E     		.short	3652
 9106 0e44 460E     		.short	3654
 9107 0e46 480E     		.short	3656
 9108 0e48 4A0E     		.short	3658
 9109 0e4a 4C0E     		.short	3660
 9110 0e4c 4E0E     		.short	3662
 9111 0e4e 500E     		.short	3664
 9112 0e50 520E     		.short	3666
 9113 0e52 540E     		.short	3668
 9114 0e54 560E     		.short	3670
 9115 0e56 580E     		.short	3672
 9116 0e58 5A0E     		.short	3674
 9117 0e5a 5C0E     		.short	3676
 9118 0e5c 5E0E     		.short	3678
 9119 0e5e 600E     		.short	3680
 9120 0e60 620E     		.short	3682
 9121 0e62 640E     		.short	3684
 9122 0e64 660E     		.short	3686
 9123 0e66 680E     		.short	3688
 9124 0e68 6A0E     		.short	3690
 9125 0e6a 6C0E     		.short	3692
 9126 0e6c 6E0E     		.short	3694
 9127 0e6e 700E     		.short	3696
 9128 0e70 720E     		.short	3698
 9129 0e72 740E     		.short	3700
 9130 0e74 760E     		.short	3702
 9131 0e76 780E     		.short	3704
 9132 0e78 7A0E     		.short	3706
 9133 0e7a 7C0E     		.short	3708
 9134 0e7c 7E0E     		.short	3710
 9135 0e7e 800E     		.short	3712
 9136 0e80 820E     		.short	3714
 9137 0e82 840E     		.short	3716
 9138 0e84 860E     		.short	3718
 9139 0e86 880E     		.short	3720
 9140 0e88 8A0E     		.short	3722
 9141 0e8a 8C0E     		.short	3724
 9142 0e8c 8E0E     		.short	3726
 9143 0e8e 900E     		.short	3728
 9144 0e90 920E     		.short	3730
ARM GAS  C:\Users\maraz\AppData\Local\Temp\ccyEBQ4t.s 			page 191


 9145 0e92 940E     		.short	3732
 9146 0e94 960E     		.short	3734
 9147 0e96 980E     		.short	3736
 9148 0e98 9A0E     		.short	3738
 9149 0e9a 9C0E     		.short	3740
 9150 0e9c 9E0E     		.short	3742
 9151 0e9e A00E     		.short	3744
 9152 0ea0 A20E     		.short	3746
 9153 0ea2 A40E     		.short	3748
 9154 0ea4 A60E     		.short	3750
 9155 0ea6 A80E     		.short	3752
 9156 0ea8 AA0E     		.short	3754
 9157 0eaa AC0E     		.short	3756
 9158 0eac AE0E     		.short	3758
 9159 0eae B00E     		.short	3760
 9160 0eb0 B20E     		.short	3762
 9161 0eb2 B40E     		.short	3764
 9162 0eb4 B60E     		.short	3766
 9163 0eb6 B80E     		.short	3768
 9164 0eb8 BA0E     		.short	3770
 9165 0eba BC0E     		.short	3772
 9166 0ebc BE0E     		.short	3774
 9167 0ebe C00E     		.short	3776
 9168 0ec0 C20E     		.short	3778
 9169 0ec2 C40E     		.short	3780
 9170 0ec4 C60E     		.short	3782
 9171 0ec6 C80E     		.short	3784
 9172 0ec8 CA0E     		.short	3786
 9173 0eca CC0E     		.short	3788
 9174 0ecc CE0E     		.short	3790
 9175 0ece D00E     		.short	3792
 9176 0ed0 D20E     		.short	3794
 9177 0ed2 D40E     		.short	3796
 9178 0ed4 D60E     		.short	3798
 9179 0ed6 D80E     		.short	3800
 9180 0ed8 DA0E     		.short	3802
 9181 0eda DC0E     		.short	3804
 9182 0edc DE0E     		.short	3806
 9183 0ede E00E     		.short	3808
 9184 0ee0 E20E     		.short	3810
 9185 0ee2 E40E     		.short	3812
 9186 0ee4 E60E     		.short	3814
 9187 0ee6 E80E     		.short	3816
 9188 0ee8 EA0E     		.short	3818
 9189 0eea EC0E     		.short	3820
 9190 0eec EE0E     		.short	3822
 9191 0eee F00E     		.short	3824
 9192 0ef0 F20E     		.short	3826
 9193 0ef2 F40E     		.short	3828
 9194 0ef4 F60E     		.short	3830
 9195 0ef6 F80E     		.short	3832
 9196 0ef8 FA0E     		.short	3834
 9197 0efa FC0E     		.short	3836
 9198 0efc FE0E     		.short	3838
 9199 0efe 000F     		.short	3840
 9200 0f00 020F     		.short	3842
 9201 0f02 040F     		.short	3844
ARM GAS  C:\Users\maraz\AppData\Local\Temp\ccyEBQ4t.s 			page 192


 9202 0f04 060F     		.short	3846
 9203 0f06 080F     		.short	3848
 9204 0f08 0A0F     		.short	3850
 9205 0f0a 0C0F     		.short	3852
 9206 0f0c 0E0F     		.short	3854
 9207 0f0e 100F     		.short	3856
 9208 0f10 120F     		.short	3858
 9209 0f12 140F     		.short	3860
 9210 0f14 160F     		.short	3862
 9211 0f16 180F     		.short	3864
 9212 0f18 1A0F     		.short	3866
 9213 0f1a 1C0F     		.short	3868
 9214 0f1c 1E0F     		.short	3870
 9215 0f1e 200F     		.short	3872
 9216 0f20 220F     		.short	3874
 9217 0f22 240F     		.short	3876
 9218 0f24 260F     		.short	3878
 9219 0f26 280F     		.short	3880
 9220 0f28 2A0F     		.short	3882
 9221 0f2a 2C0F     		.short	3884
 9222 0f2c 2E0F     		.short	3886
 9223 0f2e 300F     		.short	3888
 9224 0f30 320F     		.short	3890
 9225 0f32 340F     		.short	3892
 9226 0f34 360F     		.short	3894
 9227 0f36 380F     		.short	3896
 9228 0f38 3A0F     		.short	3898
 9229 0f3a 3C0F     		.short	3900
 9230 0f3c 3E0F     		.short	3902
 9231 0f3e 400F     		.short	3904
 9232 0f40 420F     		.short	3906
 9233 0f42 440F     		.short	3908
 9234 0f44 460F     		.short	3910
 9235 0f46 480F     		.short	3912
 9236 0f48 4A0F     		.short	3914
 9237 0f4a 4C0F     		.short	3916
 9238 0f4c 4E0F     		.short	3918
 9239 0f4e 500F     		.short	3920
 9240 0f50 520F     		.short	3922
 9241 0f52 540F     		.short	3924
 9242 0f54 560F     		.short	3926
 9243 0f56 580F     		.short	3928
 9244 0f58 5A0F     		.short	3930
 9245 0f5a 5C0F     		.short	3932
 9246 0f5c 5E0F     		.short	3934
 9247 0f5e 600F     		.short	3936
 9248 0f60 620F     		.short	3938
 9249 0f62 640F     		.short	3940
 9250 0f64 660F     		.short	3942
 9251 0f66 680F     		.short	3944
 9252 0f68 6A0F     		.short	3946
 9253 0f6a 6C0F     		.short	3948
 9254 0f6c 6E0F     		.short	3950
 9255 0f6e 700F     		.short	3952
 9256 0f70 720F     		.short	3954
 9257 0f72 740F     		.short	3956
 9258 0f74 760F     		.short	3958
ARM GAS  C:\Users\maraz\AppData\Local\Temp\ccyEBQ4t.s 			page 193


 9259 0f76 780F     		.short	3960
 9260 0f78 7A0F     		.short	3962
 9261 0f7a 7C0F     		.short	3964
 9262 0f7c 7E0F     		.short	3966
 9263 0f7e 800F     		.short	3968
 9264 0f80 820F     		.short	3970
 9265 0f82 840F     		.short	3972
 9266 0f84 860F     		.short	3974
 9267 0f86 880F     		.short	3976
 9268 0f88 8A0F     		.short	3978
 9269 0f8a 8C0F     		.short	3980
 9270 0f8c 8E0F     		.short	3982
 9271 0f8e 900F     		.short	3984
 9272 0f90 920F     		.short	3986
 9273 0f92 940F     		.short	3988
 9274 0f94 960F     		.short	3990
 9275 0f96 980F     		.short	3992
 9276 0f98 9A0F     		.short	3994
 9277 0f9a 9C0F     		.short	3996
 9278 0f9c 9E0F     		.short	3998
 9279 0f9e A00F     		.short	4000
 9280 0fa0 A20F     		.short	4002
 9281 0fa2 A40F     		.short	4004
 9282 0fa4 A60F     		.short	4006
 9283 0fa6 A80F     		.short	4008
 9284 0fa8 AA0F     		.short	4010
 9285 0faa AC0F     		.short	4012
 9286 0fac AE0F     		.short	4014
 9287 0fae B00F     		.short	4016
 9288 0fb0 B20F     		.short	4018
 9289 0fb2 B40F     		.short	4020
 9290 0fb4 B60F     		.short	4022
 9291 0fb6 B80F     		.short	4024
 9292 0fb8 BA0F     		.short	4026
 9293 0fba BC0F     		.short	4028
 9294 0fbc BE0F     		.short	4030
 9295 0fbe C00F     		.short	4032
 9296 0fc0 C20F     		.short	4034
 9297 0fc2 C40F     		.short	4036
 9298 0fc4 C60F     		.short	4038
 9299 0fc6 C80F     		.short	4040
 9300 0fc8 CA0F     		.short	4042
 9301 0fca CC0F     		.short	4044
 9302 0fcc CE0F     		.short	4046
 9303 0fce D00F     		.short	4048
 9304 0fd0 D20F     		.short	4050
 9305 0fd2 D40F     		.short	4052
 9306 0fd4 D60F     		.short	4054
 9307 0fd6 D80F     		.short	4056
 9308 0fd8 DA0F     		.short	4058
 9309 0fda DC0F     		.short	4060
 9310 0fdc DE0F     		.short	4062
 9311 0fde E00F     		.short	4064
 9312 0fe0 E20F     		.short	4066
 9313 0fe2 E40F     		.short	4068
 9314 0fe4 E60F     		.short	4070
 9315 0fe6 E80F     		.short	4072
ARM GAS  C:\Users\maraz\AppData\Local\Temp\ccyEBQ4t.s 			page 194


 9316 0fe8 EA0F     		.short	4074
 9317 0fea EC0F     		.short	4076
 9318 0fec EE0F     		.short	4078
 9319 0fee F00F     		.short	4080
 9320 0ff0 F20F     		.short	4082
 9321 0ff2 F40F     		.short	4084
 9322 0ff4 F60F     		.short	4086
 9323 0ff6 F80F     		.short	4088
 9324 0ff8 FA0F     		.short	4090
 9325 0ffa FC0F     		.short	4092
 9326 0ffc FF0F     		.short	4095
 9327 0ffe 0400     		.short	4
 9328 1000 00000000 		.space	4094
 9328      00000000 
 9328      00000000 
 9328      00000000 
 9328      00000000 
 9329              		.global	sawLUT
 9330              		.section	.data.sawLUT,"aw"
 9331              		.align	2
 9334              	sawLUT:
 9335 0000 0000     		.short	0
 9336 0002 0100     		.short	1
 9337 0004 0200     		.short	2
 9338 0006 0300     		.short	3
 9339 0008 0400     		.short	4
 9340 000a 0500     		.short	5
 9341 000c 0600     		.short	6
 9342 000e 0700     		.short	7
 9343 0010 0800     		.short	8
 9344 0012 0900     		.short	9
 9345 0014 0A00     		.short	10
 9346 0016 0B00     		.short	11
 9347 0018 0C00     		.short	12
 9348 001a 0D00     		.short	13
 9349 001c 0E00     		.short	14
 9350 001e 0F00     		.short	15
 9351 0020 1000     		.short	16
 9352 0022 1100     		.short	17
 9353 0024 1200     		.short	18
 9354 0026 1300     		.short	19
 9355 0028 1400     		.short	20
 9356 002a 1500     		.short	21
 9357 002c 1600     		.short	22
 9358 002e 1700     		.short	23
 9359 0030 1800     		.short	24
 9360 0032 1900     		.short	25
 9361 0034 1A00     		.short	26
 9362 0036 1B00     		.short	27
 9363 0038 1C00     		.short	28
 9364 003a 1D00     		.short	29
 9365 003c 1E00     		.short	30
 9366 003e 1F00     		.short	31
 9367 0040 2000     		.short	32
 9368 0042 2100     		.short	33
 9369 0044 2200     		.short	34
 9370 0046 2300     		.short	35
ARM GAS  C:\Users\maraz\AppData\Local\Temp\ccyEBQ4t.s 			page 195


 9371 0048 2400     		.short	36
 9372 004a 2500     		.short	37
 9373 004c 2600     		.short	38
 9374 004e 2700     		.short	39
 9375 0050 2800     		.short	40
 9376 0052 2900     		.short	41
 9377 0054 2A00     		.short	42
 9378 0056 2B00     		.short	43
 9379 0058 2C00     		.short	44
 9380 005a 2D00     		.short	45
 9381 005c 2E00     		.short	46
 9382 005e 2F00     		.short	47
 9383 0060 3000     		.short	48
 9384 0062 3100     		.short	49
 9385 0064 3200     		.short	50
 9386 0066 3300     		.short	51
 9387 0068 3400     		.short	52
 9388 006a 3500     		.short	53
 9389 006c 3600     		.short	54
 9390 006e 3700     		.short	55
 9391 0070 3800     		.short	56
 9392 0072 3900     		.short	57
 9393 0074 3A00     		.short	58
 9394 0076 3B00     		.short	59
 9395 0078 3C00     		.short	60
 9396 007a 3D00     		.short	61
 9397 007c 3E00     		.short	62
 9398 007e 3F00     		.short	63
 9399 0080 4000     		.short	64
 9400 0082 4100     		.short	65
 9401 0084 4200     		.short	66
 9402 0086 4300     		.short	67
 9403 0088 4400     		.short	68
 9404 008a 4500     		.short	69
 9405 008c 4600     		.short	70
 9406 008e 4700     		.short	71
 9407 0090 4800     		.short	72
 9408 0092 4900     		.short	73
 9409 0094 4A00     		.short	74
 9410 0096 4B00     		.short	75
 9411 0098 4C00     		.short	76
 9412 009a 4D00     		.short	77
 9413 009c 4E00     		.short	78
 9414 009e 4F00     		.short	79
 9415 00a0 5000     		.short	80
 9416 00a2 5100     		.short	81
 9417 00a4 5200     		.short	82
 9418 00a6 5300     		.short	83
 9419 00a8 5400     		.short	84
 9420 00aa 5500     		.short	85
 9421 00ac 5600     		.short	86
 9422 00ae 5700     		.short	87
 9423 00b0 5800     		.short	88
 9424 00b2 5900     		.short	89
 9425 00b4 5A00     		.short	90
 9426 00b6 5B00     		.short	91
 9427 00b8 5C00     		.short	92
ARM GAS  C:\Users\maraz\AppData\Local\Temp\ccyEBQ4t.s 			page 196


 9428 00ba 5D00     		.short	93
 9429 00bc 5E00     		.short	94
 9430 00be 5F00     		.short	95
 9431 00c0 6000     		.short	96
 9432 00c2 6100     		.short	97
 9433 00c4 6200     		.short	98
 9434 00c6 6300     		.short	99
 9435 00c8 6400     		.short	100
 9436 00ca 6500     		.short	101
 9437 00cc 6600     		.short	102
 9438 00ce 6700     		.short	103
 9439 00d0 6800     		.short	104
 9440 00d2 6900     		.short	105
 9441 00d4 6A00     		.short	106
 9442 00d6 6B00     		.short	107
 9443 00d8 6C00     		.short	108
 9444 00da 6D00     		.short	109
 9445 00dc 6E00     		.short	110
 9446 00de 6F00     		.short	111
 9447 00e0 7000     		.short	112
 9448 00e2 7100     		.short	113
 9449 00e4 7200     		.short	114
 9450 00e6 7300     		.short	115
 9451 00e8 7400     		.short	116
 9452 00ea 7500     		.short	117
 9453 00ec 7600     		.short	118
 9454 00ee 7700     		.short	119
 9455 00f0 7800     		.short	120
 9456 00f2 7900     		.short	121
 9457 00f4 7A00     		.short	122
 9458 00f6 7B00     		.short	123
 9459 00f8 7C00     		.short	124
 9460 00fa 7D00     		.short	125
 9461 00fc 7E00     		.short	126
 9462 00fe 7F00     		.short	127
 9463 0100 8000     		.short	128
 9464 0102 8100     		.short	129
 9465 0104 8200     		.short	130
 9466 0106 8300     		.short	131
 9467 0108 8400     		.short	132
 9468 010a 8500     		.short	133
 9469 010c 8600     		.short	134
 9470 010e 8700     		.short	135
 9471 0110 8800     		.short	136
 9472 0112 8900     		.short	137
 9473 0114 8A00     		.short	138
 9474 0116 8B00     		.short	139
 9475 0118 8C00     		.short	140
 9476 011a 8D00     		.short	141
 9477 011c 8E00     		.short	142
 9478 011e 8F00     		.short	143
 9479 0120 9000     		.short	144
 9480 0122 9100     		.short	145
 9481 0124 9200     		.short	146
 9482 0126 9300     		.short	147
 9483 0128 9400     		.short	148
 9484 012a 9500     		.short	149
ARM GAS  C:\Users\maraz\AppData\Local\Temp\ccyEBQ4t.s 			page 197


 9485 012c 9600     		.short	150
 9486 012e 9700     		.short	151
 9487 0130 9800     		.short	152
 9488 0132 9900     		.short	153
 9489 0134 9A00     		.short	154
 9490 0136 9B00     		.short	155
 9491 0138 9C00     		.short	156
 9492 013a 9D00     		.short	157
 9493 013c 9E00     		.short	158
 9494 013e 9F00     		.short	159
 9495 0140 A000     		.short	160
 9496 0142 A100     		.short	161
 9497 0144 A200     		.short	162
 9498 0146 A300     		.short	163
 9499 0148 A400     		.short	164
 9500 014a A500     		.short	165
 9501 014c A600     		.short	166
 9502 014e A700     		.short	167
 9503 0150 A800     		.short	168
 9504 0152 A900     		.short	169
 9505 0154 AA00     		.short	170
 9506 0156 AB00     		.short	171
 9507 0158 AC00     		.short	172
 9508 015a AD00     		.short	173
 9509 015c AE00     		.short	174
 9510 015e AF00     		.short	175
 9511 0160 B000     		.short	176
 9512 0162 B100     		.short	177
 9513 0164 B200     		.short	178
 9514 0166 B300     		.short	179
 9515 0168 B400     		.short	180
 9516 016a B500     		.short	181
 9517 016c B600     		.short	182
 9518 016e B700     		.short	183
 9519 0170 B800     		.short	184
 9520 0172 B900     		.short	185
 9521 0174 BA00     		.short	186
 9522 0176 BB00     		.short	187
 9523 0178 BC00     		.short	188
 9524 017a BD00     		.short	189
 9525 017c BE00     		.short	190
 9526 017e BF00     		.short	191
 9527 0180 C000     		.short	192
 9528 0182 C100     		.short	193
 9529 0184 C200     		.short	194
 9530 0186 C300     		.short	195
 9531 0188 C400     		.short	196
 9532 018a C500     		.short	197
 9533 018c C600     		.short	198
 9534 018e C700     		.short	199
 9535 0190 C800     		.short	200
 9536 0192 C900     		.short	201
 9537 0194 CA00     		.short	202
 9538 0196 CB00     		.short	203
 9539 0198 CC00     		.short	204
 9540 019a CD00     		.short	205
 9541 019c CE00     		.short	206
ARM GAS  C:\Users\maraz\AppData\Local\Temp\ccyEBQ4t.s 			page 198


 9542 019e CF00     		.short	207
 9543 01a0 D000     		.short	208
 9544 01a2 D100     		.short	209
 9545 01a4 D200     		.short	210
 9546 01a6 D300     		.short	211
 9547 01a8 D400     		.short	212
 9548 01aa D500     		.short	213
 9549 01ac D600     		.short	214
 9550 01ae D700     		.short	215
 9551 01b0 D800     		.short	216
 9552 01b2 D900     		.short	217
 9553 01b4 DA00     		.short	218
 9554 01b6 DB00     		.short	219
 9555 01b8 DC00     		.short	220
 9556 01ba DD00     		.short	221
 9557 01bc DE00     		.short	222
 9558 01be DF00     		.short	223
 9559 01c0 E000     		.short	224
 9560 01c2 E100     		.short	225
 9561 01c4 E200     		.short	226
 9562 01c6 E300     		.short	227
 9563 01c8 E400     		.short	228
 9564 01ca E500     		.short	229
 9565 01cc E600     		.short	230
 9566 01ce E700     		.short	231
 9567 01d0 E800     		.short	232
 9568 01d2 E900     		.short	233
 9569 01d4 EA00     		.short	234
 9570 01d6 EB00     		.short	235
 9571 01d8 EC00     		.short	236
 9572 01da ED00     		.short	237
 9573 01dc EE00     		.short	238
 9574 01de EF00     		.short	239
 9575 01e0 F000     		.short	240
 9576 01e2 F100     		.short	241
 9577 01e4 F200     		.short	242
 9578 01e6 F300     		.short	243
 9579 01e8 F400     		.short	244
 9580 01ea F500     		.short	245
 9581 01ec F600     		.short	246
 9582 01ee F700     		.short	247
 9583 01f0 F800     		.short	248
 9584 01f2 F900     		.short	249
 9585 01f4 FA00     		.short	250
 9586 01f6 FB00     		.short	251
 9587 01f8 FC00     		.short	252
 9588 01fa FD00     		.short	253
 9589 01fc FE00     		.short	254
 9590 01fe FF00     		.short	255
 9591 0200 0001     		.short	256
 9592 0202 0101     		.short	257
 9593 0204 0201     		.short	258
 9594 0206 0301     		.short	259
 9595 0208 0401     		.short	260
 9596 020a 0501     		.short	261
 9597 020c 0601     		.short	262
 9598 020e 0701     		.short	263
ARM GAS  C:\Users\maraz\AppData\Local\Temp\ccyEBQ4t.s 			page 199


 9599 0210 0801     		.short	264
 9600 0212 0901     		.short	265
 9601 0214 0A01     		.short	266
 9602 0216 0B01     		.short	267
 9603 0218 0C01     		.short	268
 9604 021a 0D01     		.short	269
 9605 021c 0E01     		.short	270
 9606 021e 0F01     		.short	271
 9607 0220 1001     		.short	272
 9608 0222 1101     		.short	273
 9609 0224 1201     		.short	274
 9610 0226 1301     		.short	275
 9611 0228 1401     		.short	276
 9612 022a 1501     		.short	277
 9613 022c 1601     		.short	278
 9614 022e 1701     		.short	279
 9615 0230 1801     		.short	280
 9616 0232 1901     		.short	281
 9617 0234 1A01     		.short	282
 9618 0236 1B01     		.short	283
 9619 0238 1C01     		.short	284
 9620 023a 1D01     		.short	285
 9621 023c 1E01     		.short	286
 9622 023e 1F01     		.short	287
 9623 0240 2001     		.short	288
 9624 0242 2101     		.short	289
 9625 0244 2201     		.short	290
 9626 0246 2301     		.short	291
 9627 0248 2401     		.short	292
 9628 024a 2501     		.short	293
 9629 024c 2601     		.short	294
 9630 024e 2701     		.short	295
 9631 0250 2801     		.short	296
 9632 0252 2901     		.short	297
 9633 0254 2A01     		.short	298
 9634 0256 2B01     		.short	299
 9635 0258 2C01     		.short	300
 9636 025a 2D01     		.short	301
 9637 025c 2E01     		.short	302
 9638 025e 2F01     		.short	303
 9639 0260 3001     		.short	304
 9640 0262 3101     		.short	305
 9641 0264 3201     		.short	306
 9642 0266 3301     		.short	307
 9643 0268 3401     		.short	308
 9644 026a 3501     		.short	309
 9645 026c 3601     		.short	310
 9646 026e 3701     		.short	311
 9647 0270 3801     		.short	312
 9648 0272 3901     		.short	313
 9649 0274 3A01     		.short	314
 9650 0276 3B01     		.short	315
 9651 0278 3C01     		.short	316
 9652 027a 3D01     		.short	317
 9653 027c 3E01     		.short	318
 9654 027e 3F01     		.short	319
 9655 0280 4001     		.short	320
ARM GAS  C:\Users\maraz\AppData\Local\Temp\ccyEBQ4t.s 			page 200


 9656 0282 4101     		.short	321
 9657 0284 4201     		.short	322
 9658 0286 4301     		.short	323
 9659 0288 4401     		.short	324
 9660 028a 4501     		.short	325
 9661 028c 4601     		.short	326
 9662 028e 4701     		.short	327
 9663 0290 4801     		.short	328
 9664 0292 4901     		.short	329
 9665 0294 4A01     		.short	330
 9666 0296 4B01     		.short	331
 9667 0298 4C01     		.short	332
 9668 029a 4D01     		.short	333
 9669 029c 4E01     		.short	334
 9670 029e 4F01     		.short	335
 9671 02a0 5001     		.short	336
 9672 02a2 5101     		.short	337
 9673 02a4 5201     		.short	338
 9674 02a6 5301     		.short	339
 9675 02a8 5401     		.short	340
 9676 02aa 5501     		.short	341
 9677 02ac 5601     		.short	342
 9678 02ae 5701     		.short	343
 9679 02b0 5801     		.short	344
 9680 02b2 5901     		.short	345
 9681 02b4 5A01     		.short	346
 9682 02b6 5B01     		.short	347
 9683 02b8 5C01     		.short	348
 9684 02ba 5D01     		.short	349
 9685 02bc 5E01     		.short	350
 9686 02be 5F01     		.short	351
 9687 02c0 6001     		.short	352
 9688 02c2 6101     		.short	353
 9689 02c4 6201     		.short	354
 9690 02c6 6301     		.short	355
 9691 02c8 6401     		.short	356
 9692 02ca 6501     		.short	357
 9693 02cc 6601     		.short	358
 9694 02ce 6701     		.short	359
 9695 02d0 6801     		.short	360
 9696 02d2 6901     		.short	361
 9697 02d4 6A01     		.short	362
 9698 02d6 6B01     		.short	363
 9699 02d8 6C01     		.short	364
 9700 02da 6D01     		.short	365
 9701 02dc 6E01     		.short	366
 9702 02de 6F01     		.short	367
 9703 02e0 7001     		.short	368
 9704 02e2 7101     		.short	369
 9705 02e4 7201     		.short	370
 9706 02e6 7301     		.short	371
 9707 02e8 7401     		.short	372
 9708 02ea 7501     		.short	373
 9709 02ec 7601     		.short	374
 9710 02ee 7701     		.short	375
 9711 02f0 7801     		.short	376
 9712 02f2 7901     		.short	377
ARM GAS  C:\Users\maraz\AppData\Local\Temp\ccyEBQ4t.s 			page 201


 9713 02f4 7A01     		.short	378
 9714 02f6 7B01     		.short	379
 9715 02f8 7C01     		.short	380
 9716 02fa 7D01     		.short	381
 9717 02fc 7E01     		.short	382
 9718 02fe 7F01     		.short	383
 9719 0300 8001     		.short	384
 9720 0302 8101     		.short	385
 9721 0304 8201     		.short	386
 9722 0306 8301     		.short	387
 9723 0308 8401     		.short	388
 9724 030a 8501     		.short	389
 9725 030c 8601     		.short	390
 9726 030e 8701     		.short	391
 9727 0310 8801     		.short	392
 9728 0312 8901     		.short	393
 9729 0314 8A01     		.short	394
 9730 0316 8B01     		.short	395
 9731 0318 8C01     		.short	396
 9732 031a 8D01     		.short	397
 9733 031c 8E01     		.short	398
 9734 031e 8F01     		.short	399
 9735 0320 9001     		.short	400
 9736 0322 9101     		.short	401
 9737 0324 9201     		.short	402
 9738 0326 9301     		.short	403
 9739 0328 9401     		.short	404
 9740 032a 9501     		.short	405
 9741 032c 9601     		.short	406
 9742 032e 9701     		.short	407
 9743 0330 9801     		.short	408
 9744 0332 9901     		.short	409
 9745 0334 9A01     		.short	410
 9746 0336 9B01     		.short	411
 9747 0338 9C01     		.short	412
 9748 033a 9D01     		.short	413
 9749 033c 9E01     		.short	414
 9750 033e 9F01     		.short	415
 9751 0340 A001     		.short	416
 9752 0342 A101     		.short	417
 9753 0344 A201     		.short	418
 9754 0346 A301     		.short	419
 9755 0348 A401     		.short	420
 9756 034a A501     		.short	421
 9757 034c A601     		.short	422
 9758 034e A701     		.short	423
 9759 0350 A801     		.short	424
 9760 0352 A901     		.short	425
 9761 0354 AA01     		.short	426
 9762 0356 AB01     		.short	427
 9763 0358 AC01     		.short	428
 9764 035a AD01     		.short	429
 9765 035c AE01     		.short	430
 9766 035e AF01     		.short	431
 9767 0360 B001     		.short	432
 9768 0362 B101     		.short	433
 9769 0364 B201     		.short	434
ARM GAS  C:\Users\maraz\AppData\Local\Temp\ccyEBQ4t.s 			page 202


 9770 0366 B301     		.short	435
 9771 0368 B401     		.short	436
 9772 036a B501     		.short	437
 9773 036c B601     		.short	438
 9774 036e B701     		.short	439
 9775 0370 B801     		.short	440
 9776 0372 B901     		.short	441
 9777 0374 BA01     		.short	442
 9778 0376 BB01     		.short	443
 9779 0378 BC01     		.short	444
 9780 037a BD01     		.short	445
 9781 037c BE01     		.short	446
 9782 037e BF01     		.short	447
 9783 0380 C001     		.short	448
 9784 0382 C101     		.short	449
 9785 0384 C201     		.short	450
 9786 0386 C301     		.short	451
 9787 0388 C401     		.short	452
 9788 038a C501     		.short	453
 9789 038c C601     		.short	454
 9790 038e C701     		.short	455
 9791 0390 C801     		.short	456
 9792 0392 C901     		.short	457
 9793 0394 CA01     		.short	458
 9794 0396 CB01     		.short	459
 9795 0398 CC01     		.short	460
 9796 039a CD01     		.short	461
 9797 039c CE01     		.short	462
 9798 039e CF01     		.short	463
 9799 03a0 D001     		.short	464
 9800 03a2 D101     		.short	465
 9801 03a4 D201     		.short	466
 9802 03a6 D301     		.short	467
 9803 03a8 D401     		.short	468
 9804 03aa D501     		.short	469
 9805 03ac D601     		.short	470
 9806 03ae D701     		.short	471
 9807 03b0 D801     		.short	472
 9808 03b2 D901     		.short	473
 9809 03b4 DA01     		.short	474
 9810 03b6 DB01     		.short	475
 9811 03b8 DC01     		.short	476
 9812 03ba DD01     		.short	477
 9813 03bc DE01     		.short	478
 9814 03be DF01     		.short	479
 9815 03c0 E001     		.short	480
 9816 03c2 E101     		.short	481
 9817 03c4 E201     		.short	482
 9818 03c6 E301     		.short	483
 9819 03c8 E401     		.short	484
 9820 03ca E501     		.short	485
 9821 03cc E601     		.short	486
 9822 03ce E701     		.short	487
 9823 03d0 E801     		.short	488
 9824 03d2 E901     		.short	489
 9825 03d4 EA01     		.short	490
 9826 03d6 EB01     		.short	491
ARM GAS  C:\Users\maraz\AppData\Local\Temp\ccyEBQ4t.s 			page 203


 9827 03d8 EC01     		.short	492
 9828 03da ED01     		.short	493
 9829 03dc EE01     		.short	494
 9830 03de EF01     		.short	495
 9831 03e0 F001     		.short	496
 9832 03e2 F101     		.short	497
 9833 03e4 F201     		.short	498
 9834 03e6 F301     		.short	499
 9835 03e8 F401     		.short	500
 9836 03ea F501     		.short	501
 9837 03ec F601     		.short	502
 9838 03ee F701     		.short	503
 9839 03f0 F801     		.short	504
 9840 03f2 F901     		.short	505
 9841 03f4 FA01     		.short	506
 9842 03f6 FB01     		.short	507
 9843 03f8 FC01     		.short	508
 9844 03fa FD01     		.short	509
 9845 03fc FE01     		.short	510
 9846 03fe FF01     		.short	511
 9847 0400 0002     		.short	512
 9848 0402 0102     		.short	513
 9849 0404 0202     		.short	514
 9850 0406 0302     		.short	515
 9851 0408 0402     		.short	516
 9852 040a 0502     		.short	517
 9853 040c 0602     		.short	518
 9854 040e 0702     		.short	519
 9855 0410 0802     		.short	520
 9856 0412 0902     		.short	521
 9857 0414 0A02     		.short	522
 9858 0416 0B02     		.short	523
 9859 0418 0C02     		.short	524
 9860 041a 0D02     		.short	525
 9861 041c 0E02     		.short	526
 9862 041e 0F02     		.short	527
 9863 0420 1002     		.short	528
 9864 0422 1102     		.short	529
 9865 0424 1202     		.short	530
 9866 0426 1302     		.short	531
 9867 0428 1402     		.short	532
 9868 042a 1502     		.short	533
 9869 042c 1602     		.short	534
 9870 042e 1702     		.short	535
 9871 0430 1802     		.short	536
 9872 0432 1902     		.short	537
 9873 0434 1A02     		.short	538
 9874 0436 1B02     		.short	539
 9875 0438 1C02     		.short	540
 9876 043a 1D02     		.short	541
 9877 043c 1E02     		.short	542
 9878 043e 1F02     		.short	543
 9879 0440 2002     		.short	544
 9880 0442 2102     		.short	545
 9881 0444 2202     		.short	546
 9882 0446 2302     		.short	547
 9883 0448 2402     		.short	548
ARM GAS  C:\Users\maraz\AppData\Local\Temp\ccyEBQ4t.s 			page 204


 9884 044a 2502     		.short	549
 9885 044c 2602     		.short	550
 9886 044e 2702     		.short	551
 9887 0450 2802     		.short	552
 9888 0452 2902     		.short	553
 9889 0454 2A02     		.short	554
 9890 0456 2B02     		.short	555
 9891 0458 2C02     		.short	556
 9892 045a 2D02     		.short	557
 9893 045c 2E02     		.short	558
 9894 045e 2F02     		.short	559
 9895 0460 3002     		.short	560
 9896 0462 3102     		.short	561
 9897 0464 3202     		.short	562
 9898 0466 3302     		.short	563
 9899 0468 3402     		.short	564
 9900 046a 3502     		.short	565
 9901 046c 3602     		.short	566
 9902 046e 3702     		.short	567
 9903 0470 3802     		.short	568
 9904 0472 3902     		.short	569
 9905 0474 3A02     		.short	570
 9906 0476 3B02     		.short	571
 9907 0478 3C02     		.short	572
 9908 047a 3D02     		.short	573
 9909 047c 3E02     		.short	574
 9910 047e 3F02     		.short	575
 9911 0480 4002     		.short	576
 9912 0482 4102     		.short	577
 9913 0484 4202     		.short	578
 9914 0486 4302     		.short	579
 9915 0488 4402     		.short	580
 9916 048a 4502     		.short	581
 9917 048c 4602     		.short	582
 9918 048e 4702     		.short	583
 9919 0490 4802     		.short	584
 9920 0492 4902     		.short	585
 9921 0494 4A02     		.short	586
 9922 0496 4B02     		.short	587
 9923 0498 4C02     		.short	588
 9924 049a 4D02     		.short	589
 9925 049c 4E02     		.short	590
 9926 049e 4F02     		.short	591
 9927 04a0 5002     		.short	592
 9928 04a2 5102     		.short	593
 9929 04a4 5202     		.short	594
 9930 04a6 5302     		.short	595
 9931 04a8 5402     		.short	596
 9932 04aa 5502     		.short	597
 9933 04ac 5602     		.short	598
 9934 04ae 5702     		.short	599
 9935 04b0 5802     		.short	600
 9936 04b2 5902     		.short	601
 9937 04b4 5A02     		.short	602
 9938 04b6 5B02     		.short	603
 9939 04b8 5C02     		.short	604
 9940 04ba 5D02     		.short	605
ARM GAS  C:\Users\maraz\AppData\Local\Temp\ccyEBQ4t.s 			page 205


 9941 04bc 5E02     		.short	606
 9942 04be 5F02     		.short	607
 9943 04c0 6002     		.short	608
 9944 04c2 6102     		.short	609
 9945 04c4 6202     		.short	610
 9946 04c6 6302     		.short	611
 9947 04c8 6402     		.short	612
 9948 04ca 6502     		.short	613
 9949 04cc 6602     		.short	614
 9950 04ce 6702     		.short	615
 9951 04d0 6802     		.short	616
 9952 04d2 6902     		.short	617
 9953 04d4 6A02     		.short	618
 9954 04d6 6B02     		.short	619
 9955 04d8 6C02     		.short	620
 9956 04da 6D02     		.short	621
 9957 04dc 6E02     		.short	622
 9958 04de 6F02     		.short	623
 9959 04e0 7002     		.short	624
 9960 04e2 7102     		.short	625
 9961 04e4 7202     		.short	626
 9962 04e6 7302     		.short	627
 9963 04e8 7402     		.short	628
 9964 04ea 7502     		.short	629
 9965 04ec 7602     		.short	630
 9966 04ee 7702     		.short	631
 9967 04f0 7802     		.short	632
 9968 04f2 7902     		.short	633
 9969 04f4 7A02     		.short	634
 9970 04f6 7B02     		.short	635
 9971 04f8 7C02     		.short	636
 9972 04fa 7D02     		.short	637
 9973 04fc 7E02     		.short	638
 9974 04fe 7F02     		.short	639
 9975 0500 8002     		.short	640
 9976 0502 8102     		.short	641
 9977 0504 8202     		.short	642
 9978 0506 8302     		.short	643
 9979 0508 8402     		.short	644
 9980 050a 8502     		.short	645
 9981 050c 8602     		.short	646
 9982 050e 8702     		.short	647
 9983 0510 8802     		.short	648
 9984 0512 8902     		.short	649
 9985 0514 8A02     		.short	650
 9986 0516 8B02     		.short	651
 9987 0518 8C02     		.short	652
 9988 051a 8D02     		.short	653
 9989 051c 8E02     		.short	654
 9990 051e 8F02     		.short	655
 9991 0520 9002     		.short	656
 9992 0522 9102     		.short	657
 9993 0524 9202     		.short	658
 9994 0526 9302     		.short	659
 9995 0528 9402     		.short	660
 9996 052a 9502     		.short	661
 9997 052c 9602     		.short	662
ARM GAS  C:\Users\maraz\AppData\Local\Temp\ccyEBQ4t.s 			page 206


 9998 052e 9702     		.short	663
 9999 0530 9802     		.short	664
 10000 0532 9902     		.short	665
 10001 0534 9A02     		.short	666
 10002 0536 9B02     		.short	667
 10003 0538 9C02     		.short	668
 10004 053a 9D02     		.short	669
 10005 053c 9E02     		.short	670
 10006 053e 9F02     		.short	671
 10007 0540 A002     		.short	672
 10008 0542 A102     		.short	673
 10009 0544 A202     		.short	674
 10010 0546 A302     		.short	675
 10011 0548 A402     		.short	676
 10012 054a A502     		.short	677
 10013 054c A602     		.short	678
 10014 054e A702     		.short	679
 10015 0550 A802     		.short	680
 10016 0552 A902     		.short	681
 10017 0554 AA02     		.short	682
 10018 0556 AB02     		.short	683
 10019 0558 AC02     		.short	684
 10020 055a AD02     		.short	685
 10021 055c AE02     		.short	686
 10022 055e AF02     		.short	687
 10023 0560 B002     		.short	688
 10024 0562 B102     		.short	689
 10025 0564 B202     		.short	690
 10026 0566 B302     		.short	691
 10027 0568 B402     		.short	692
 10028 056a B502     		.short	693
 10029 056c B602     		.short	694
 10030 056e B702     		.short	695
 10031 0570 B802     		.short	696
 10032 0572 B902     		.short	697
 10033 0574 BA02     		.short	698
 10034 0576 BB02     		.short	699
 10035 0578 BC02     		.short	700
 10036 057a BD02     		.short	701
 10037 057c BE02     		.short	702
 10038 057e BF02     		.short	703
 10039 0580 C002     		.short	704
 10040 0582 C102     		.short	705
 10041 0584 C202     		.short	706
 10042 0586 C302     		.short	707
 10043 0588 C402     		.short	708
 10044 058a C502     		.short	709
 10045 058c C602     		.short	710
 10046 058e C702     		.short	711
 10047 0590 C802     		.short	712
 10048 0592 C902     		.short	713
 10049 0594 CA02     		.short	714
 10050 0596 CB02     		.short	715
 10051 0598 CC02     		.short	716
 10052 059a CD02     		.short	717
 10053 059c CE02     		.short	718
 10054 059e CF02     		.short	719
ARM GAS  C:\Users\maraz\AppData\Local\Temp\ccyEBQ4t.s 			page 207


 10055 05a0 D002     		.short	720
 10056 05a2 D102     		.short	721
 10057 05a4 D202     		.short	722
 10058 05a6 D302     		.short	723
 10059 05a8 D402     		.short	724
 10060 05aa D502     		.short	725
 10061 05ac D602     		.short	726
 10062 05ae D702     		.short	727
 10063 05b0 D802     		.short	728
 10064 05b2 D902     		.short	729
 10065 05b4 DA02     		.short	730
 10066 05b6 DB02     		.short	731
 10067 05b8 DC02     		.short	732
 10068 05ba DD02     		.short	733
 10069 05bc DE02     		.short	734
 10070 05be DF02     		.short	735
 10071 05c0 E002     		.short	736
 10072 05c2 E102     		.short	737
 10073 05c4 E202     		.short	738
 10074 05c6 E302     		.short	739
 10075 05c8 E402     		.short	740
 10076 05ca E502     		.short	741
 10077 05cc E602     		.short	742
 10078 05ce E702     		.short	743
 10079 05d0 E802     		.short	744
 10080 05d2 E902     		.short	745
 10081 05d4 EA02     		.short	746
 10082 05d6 EB02     		.short	747
 10083 05d8 EC02     		.short	748
 10084 05da ED02     		.short	749
 10085 05dc EE02     		.short	750
 10086 05de EF02     		.short	751
 10087 05e0 F002     		.short	752
 10088 05e2 F102     		.short	753
 10089 05e4 F202     		.short	754
 10090 05e6 F302     		.short	755
 10091 05e8 F402     		.short	756
 10092 05ea F502     		.short	757
 10093 05ec F602     		.short	758
 10094 05ee F702     		.short	759
 10095 05f0 F802     		.short	760
 10096 05f2 F902     		.short	761
 10097 05f4 FA02     		.short	762
 10098 05f6 FB02     		.short	763
 10099 05f8 FC02     		.short	764
 10100 05fa FD02     		.short	765
 10101 05fc FE02     		.short	766
 10102 05fe FF02     		.short	767
 10103 0600 0003     		.short	768
 10104 0602 0103     		.short	769
 10105 0604 0203     		.short	770
 10106 0606 0303     		.short	771
 10107 0608 0403     		.short	772
 10108 060a 0503     		.short	773
 10109 060c 0603     		.short	774
 10110 060e 0703     		.short	775
 10111 0610 0803     		.short	776
ARM GAS  C:\Users\maraz\AppData\Local\Temp\ccyEBQ4t.s 			page 208


 10112 0612 0903     		.short	777
 10113 0614 0A03     		.short	778
 10114 0616 0B03     		.short	779
 10115 0618 0C03     		.short	780
 10116 061a 0D03     		.short	781
 10117 061c 0E03     		.short	782
 10118 061e 0F03     		.short	783
 10119 0620 1003     		.short	784
 10120 0622 1103     		.short	785
 10121 0624 1203     		.short	786
 10122 0626 1303     		.short	787
 10123 0628 1403     		.short	788
 10124 062a 1503     		.short	789
 10125 062c 1603     		.short	790
 10126 062e 1703     		.short	791
 10127 0630 1803     		.short	792
 10128 0632 1903     		.short	793
 10129 0634 1A03     		.short	794
 10130 0636 1B03     		.short	795
 10131 0638 1C03     		.short	796
 10132 063a 1D03     		.short	797
 10133 063c 1E03     		.short	798
 10134 063e 1F03     		.short	799
 10135 0640 2003     		.short	800
 10136 0642 2103     		.short	801
 10137 0644 2203     		.short	802
 10138 0646 2303     		.short	803
 10139 0648 2403     		.short	804
 10140 064a 2503     		.short	805
 10141 064c 2603     		.short	806
 10142 064e 2703     		.short	807
 10143 0650 2803     		.short	808
 10144 0652 2903     		.short	809
 10145 0654 2A03     		.short	810
 10146 0656 2B03     		.short	811
 10147 0658 2C03     		.short	812
 10148 065a 2D03     		.short	813
 10149 065c 2E03     		.short	814
 10150 065e 2F03     		.short	815
 10151 0660 3003     		.short	816
 10152 0662 3103     		.short	817
 10153 0664 3203     		.short	818
 10154 0666 3303     		.short	819
 10155 0668 3403     		.short	820
 10156 066a 3503     		.short	821
 10157 066c 3603     		.short	822
 10158 066e 3703     		.short	823
 10159 0670 3803     		.short	824
 10160 0672 3903     		.short	825
 10161 0674 3A03     		.short	826
 10162 0676 3B03     		.short	827
 10163 0678 3C03     		.short	828
 10164 067a 3D03     		.short	829
 10165 067c 3E03     		.short	830
 10166 067e 3F03     		.short	831
 10167 0680 4003     		.short	832
 10168 0682 4103     		.short	833
ARM GAS  C:\Users\maraz\AppData\Local\Temp\ccyEBQ4t.s 			page 209


 10169 0684 4203     		.short	834
 10170 0686 4303     		.short	835
 10171 0688 4403     		.short	836
 10172 068a 4503     		.short	837
 10173 068c 4603     		.short	838
 10174 068e 4703     		.short	839
 10175 0690 4803     		.short	840
 10176 0692 4903     		.short	841
 10177 0694 4A03     		.short	842
 10178 0696 4B03     		.short	843
 10179 0698 4C03     		.short	844
 10180 069a 4D03     		.short	845
 10181 069c 4E03     		.short	846
 10182 069e 4F03     		.short	847
 10183 06a0 5003     		.short	848
 10184 06a2 5103     		.short	849
 10185 06a4 5203     		.short	850
 10186 06a6 5303     		.short	851
 10187 06a8 5403     		.short	852
 10188 06aa 5503     		.short	853
 10189 06ac 5603     		.short	854
 10190 06ae 5703     		.short	855
 10191 06b0 5803     		.short	856
 10192 06b2 5903     		.short	857
 10193 06b4 5A03     		.short	858
 10194 06b6 5B03     		.short	859
 10195 06b8 5C03     		.short	860
 10196 06ba 5D03     		.short	861
 10197 06bc 5E03     		.short	862
 10198 06be 5F03     		.short	863
 10199 06c0 6003     		.short	864
 10200 06c2 6103     		.short	865
 10201 06c4 6203     		.short	866
 10202 06c6 6303     		.short	867
 10203 06c8 6403     		.short	868
 10204 06ca 6503     		.short	869
 10205 06cc 6603     		.short	870
 10206 06ce 6703     		.short	871
 10207 06d0 6803     		.short	872
 10208 06d2 6903     		.short	873
 10209 06d4 6A03     		.short	874
 10210 06d6 6B03     		.short	875
 10211 06d8 6C03     		.short	876
 10212 06da 6D03     		.short	877
 10213 06dc 6E03     		.short	878
 10214 06de 6F03     		.short	879
 10215 06e0 7003     		.short	880
 10216 06e2 7103     		.short	881
 10217 06e4 7203     		.short	882
 10218 06e6 7303     		.short	883
 10219 06e8 7403     		.short	884
 10220 06ea 7503     		.short	885
 10221 06ec 7603     		.short	886
 10222 06ee 7703     		.short	887
 10223 06f0 7803     		.short	888
 10224 06f2 7903     		.short	889
 10225 06f4 7A03     		.short	890
ARM GAS  C:\Users\maraz\AppData\Local\Temp\ccyEBQ4t.s 			page 210


 10226 06f6 7B03     		.short	891
 10227 06f8 7C03     		.short	892
 10228 06fa 7D03     		.short	893
 10229 06fc 7E03     		.short	894
 10230 06fe 7F03     		.short	895
 10231 0700 8003     		.short	896
 10232 0702 8103     		.short	897
 10233 0704 8203     		.short	898
 10234 0706 8303     		.short	899
 10235 0708 8403     		.short	900
 10236 070a 8503     		.short	901
 10237 070c 8603     		.short	902
 10238 070e 8703     		.short	903
 10239 0710 8803     		.short	904
 10240 0712 8903     		.short	905
 10241 0714 8A03     		.short	906
 10242 0716 8B03     		.short	907
 10243 0718 8C03     		.short	908
 10244 071a 8D03     		.short	909
 10245 071c 8E03     		.short	910
 10246 071e 8F03     		.short	911
 10247 0720 9003     		.short	912
 10248 0722 9103     		.short	913
 10249 0724 9203     		.short	914
 10250 0726 9303     		.short	915
 10251 0728 9403     		.short	916
 10252 072a 9503     		.short	917
 10253 072c 9603     		.short	918
 10254 072e 9703     		.short	919
 10255 0730 9803     		.short	920
 10256 0732 9903     		.short	921
 10257 0734 9A03     		.short	922
 10258 0736 9B03     		.short	923
 10259 0738 9C03     		.short	924
 10260 073a 9D03     		.short	925
 10261 073c 9E03     		.short	926
 10262 073e 9F03     		.short	927
 10263 0740 A003     		.short	928
 10264 0742 A103     		.short	929
 10265 0744 A203     		.short	930
 10266 0746 A303     		.short	931
 10267 0748 A403     		.short	932
 10268 074a A503     		.short	933
 10269 074c A603     		.short	934
 10270 074e A703     		.short	935
 10271 0750 A803     		.short	936
 10272 0752 A903     		.short	937
 10273 0754 AA03     		.short	938
 10274 0756 AB03     		.short	939
 10275 0758 AC03     		.short	940
 10276 075a AD03     		.short	941
 10277 075c AE03     		.short	942
 10278 075e AF03     		.short	943
 10279 0760 B003     		.short	944
 10280 0762 B103     		.short	945
 10281 0764 B203     		.short	946
 10282 0766 B303     		.short	947
ARM GAS  C:\Users\maraz\AppData\Local\Temp\ccyEBQ4t.s 			page 211


 10283 0768 B403     		.short	948
 10284 076a B503     		.short	949
 10285 076c B603     		.short	950
 10286 076e B703     		.short	951
 10287 0770 B803     		.short	952
 10288 0772 B903     		.short	953
 10289 0774 BA03     		.short	954
 10290 0776 BB03     		.short	955
 10291 0778 BC03     		.short	956
 10292 077a BD03     		.short	957
 10293 077c BE03     		.short	958
 10294 077e BF03     		.short	959
 10295 0780 C003     		.short	960
 10296 0782 C103     		.short	961
 10297 0784 C203     		.short	962
 10298 0786 C303     		.short	963
 10299 0788 C403     		.short	964
 10300 078a C503     		.short	965
 10301 078c C603     		.short	966
 10302 078e C703     		.short	967
 10303 0790 C803     		.short	968
 10304 0792 C903     		.short	969
 10305 0794 CA03     		.short	970
 10306 0796 CB03     		.short	971
 10307 0798 CC03     		.short	972
 10308 079a CD03     		.short	973
 10309 079c CE03     		.short	974
 10310 079e CF03     		.short	975
 10311 07a0 D003     		.short	976
 10312 07a2 D103     		.short	977
 10313 07a4 D203     		.short	978
 10314 07a6 D303     		.short	979
 10315 07a8 D403     		.short	980
 10316 07aa D503     		.short	981
 10317 07ac D603     		.short	982
 10318 07ae D703     		.short	983
 10319 07b0 D803     		.short	984
 10320 07b2 D903     		.short	985
 10321 07b4 DA03     		.short	986
 10322 07b6 DB03     		.short	987
 10323 07b8 DC03     		.short	988
 10324 07ba DD03     		.short	989
 10325 07bc DE03     		.short	990
 10326 07be DF03     		.short	991
 10327 07c0 E003     		.short	992
 10328 07c2 E103     		.short	993
 10329 07c4 E203     		.short	994
 10330 07c6 E303     		.short	995
 10331 07c8 E403     		.short	996
 10332 07ca E503     		.short	997
 10333 07cc E603     		.short	998
 10334 07ce E703     		.short	999
 10335 07d0 E803     		.short	1000
 10336 07d2 E903     		.short	1001
 10337 07d4 EA03     		.short	1002
 10338 07d6 EB03     		.short	1003
 10339 07d8 EC03     		.short	1004
ARM GAS  C:\Users\maraz\AppData\Local\Temp\ccyEBQ4t.s 			page 212


 10340 07da ED03     		.short	1005
 10341 07dc EE03     		.short	1006
 10342 07de EF03     		.short	1007
 10343 07e0 F003     		.short	1008
 10344 07e2 F103     		.short	1009
 10345 07e4 F203     		.short	1010
 10346 07e6 F303     		.short	1011
 10347 07e8 F403     		.short	1012
 10348 07ea F503     		.short	1013
 10349 07ec F603     		.short	1014
 10350 07ee F703     		.short	1015
 10351 07f0 F803     		.short	1016
 10352 07f2 F903     		.short	1017
 10353 07f4 FA03     		.short	1018
 10354 07f6 FB03     		.short	1019
 10355 07f8 FC03     		.short	1020
 10356 07fa FD03     		.short	1021
 10357 07fc FE03     		.short	1022
 10358 07fe FF03     		.short	1023
 10359 0800 0004     		.short	1024
 10360 0802 0104     		.short	1025
 10361 0804 0204     		.short	1026
 10362 0806 0304     		.short	1027
 10363 0808 0404     		.short	1028
 10364 080a 0504     		.short	1029
 10365 080c 0604     		.short	1030
 10366 080e 0704     		.short	1031
 10367 0810 0804     		.short	1032
 10368 0812 0904     		.short	1033
 10369 0814 0A04     		.short	1034
 10370 0816 0B04     		.short	1035
 10371 0818 0C04     		.short	1036
 10372 081a 0D04     		.short	1037
 10373 081c 0E04     		.short	1038
 10374 081e 0F04     		.short	1039
 10375 0820 1004     		.short	1040
 10376 0822 1104     		.short	1041
 10377 0824 1204     		.short	1042
 10378 0826 1304     		.short	1043
 10379 0828 1404     		.short	1044
 10380 082a 1504     		.short	1045
 10381 082c 1604     		.short	1046
 10382 082e 1704     		.short	1047
 10383 0830 1804     		.short	1048
 10384 0832 1904     		.short	1049
 10385 0834 1A04     		.short	1050
 10386 0836 1B04     		.short	1051
 10387 0838 1C04     		.short	1052
 10388 083a 1D04     		.short	1053
 10389 083c 1E04     		.short	1054
 10390 083e 1F04     		.short	1055
 10391 0840 2004     		.short	1056
 10392 0842 2104     		.short	1057
 10393 0844 2204     		.short	1058
 10394 0846 2304     		.short	1059
 10395 0848 2404     		.short	1060
 10396 084a 2504     		.short	1061
ARM GAS  C:\Users\maraz\AppData\Local\Temp\ccyEBQ4t.s 			page 213


 10397 084c 2604     		.short	1062
 10398 084e 2704     		.short	1063
 10399 0850 2804     		.short	1064
 10400 0852 2904     		.short	1065
 10401 0854 2A04     		.short	1066
 10402 0856 2B04     		.short	1067
 10403 0858 2C04     		.short	1068
 10404 085a 2D04     		.short	1069
 10405 085c 2E04     		.short	1070
 10406 085e 2F04     		.short	1071
 10407 0860 3004     		.short	1072
 10408 0862 3104     		.short	1073
 10409 0864 3204     		.short	1074
 10410 0866 3304     		.short	1075
 10411 0868 3404     		.short	1076
 10412 086a 3504     		.short	1077
 10413 086c 3604     		.short	1078
 10414 086e 3704     		.short	1079
 10415 0870 3804     		.short	1080
 10416 0872 3904     		.short	1081
 10417 0874 3A04     		.short	1082
 10418 0876 3B04     		.short	1083
 10419 0878 3C04     		.short	1084
 10420 087a 3D04     		.short	1085
 10421 087c 3E04     		.short	1086
 10422 087e 3F04     		.short	1087
 10423 0880 4004     		.short	1088
 10424 0882 4104     		.short	1089
 10425 0884 4204     		.short	1090
 10426 0886 4304     		.short	1091
 10427 0888 4404     		.short	1092
 10428 088a 4504     		.short	1093
 10429 088c 4604     		.short	1094
 10430 088e 4704     		.short	1095
 10431 0890 4804     		.short	1096
 10432 0892 4904     		.short	1097
 10433 0894 4A04     		.short	1098
 10434 0896 4B04     		.short	1099
 10435 0898 4C04     		.short	1100
 10436 089a 4D04     		.short	1101
 10437 089c 4E04     		.short	1102
 10438 089e 4F04     		.short	1103
 10439 08a0 5004     		.short	1104
 10440 08a2 5104     		.short	1105
 10441 08a4 5204     		.short	1106
 10442 08a6 5304     		.short	1107
 10443 08a8 5404     		.short	1108
 10444 08aa 5504     		.short	1109
 10445 08ac 5604     		.short	1110
 10446 08ae 5704     		.short	1111
 10447 08b0 5804     		.short	1112
 10448 08b2 5904     		.short	1113
 10449 08b4 5A04     		.short	1114
 10450 08b6 5B04     		.short	1115
 10451 08b8 5C04     		.short	1116
 10452 08ba 5D04     		.short	1117
 10453 08bc 5E04     		.short	1118
ARM GAS  C:\Users\maraz\AppData\Local\Temp\ccyEBQ4t.s 			page 214


 10454 08be 5F04     		.short	1119
 10455 08c0 6004     		.short	1120
 10456 08c2 6104     		.short	1121
 10457 08c4 6204     		.short	1122
 10458 08c6 6304     		.short	1123
 10459 08c8 6404     		.short	1124
 10460 08ca 6504     		.short	1125
 10461 08cc 6604     		.short	1126
 10462 08ce 6704     		.short	1127
 10463 08d0 6804     		.short	1128
 10464 08d2 6904     		.short	1129
 10465 08d4 6A04     		.short	1130
 10466 08d6 6B04     		.short	1131
 10467 08d8 6C04     		.short	1132
 10468 08da 6D04     		.short	1133
 10469 08dc 6E04     		.short	1134
 10470 08de 6F04     		.short	1135
 10471 08e0 7004     		.short	1136
 10472 08e2 7104     		.short	1137
 10473 08e4 7204     		.short	1138
 10474 08e6 7304     		.short	1139
 10475 08e8 7404     		.short	1140
 10476 08ea 7504     		.short	1141
 10477 08ec 7604     		.short	1142
 10478 08ee 7704     		.short	1143
 10479 08f0 7804     		.short	1144
 10480 08f2 7904     		.short	1145
 10481 08f4 7A04     		.short	1146
 10482 08f6 7B04     		.short	1147
 10483 08f8 7C04     		.short	1148
 10484 08fa 7D04     		.short	1149
 10485 08fc 7E04     		.short	1150
 10486 08fe 7F04     		.short	1151
 10487 0900 8004     		.short	1152
 10488 0902 8104     		.short	1153
 10489 0904 8204     		.short	1154
 10490 0906 8304     		.short	1155
 10491 0908 8404     		.short	1156
 10492 090a 8504     		.short	1157
 10493 090c 8604     		.short	1158
 10494 090e 8704     		.short	1159
 10495 0910 8804     		.short	1160
 10496 0912 8904     		.short	1161
 10497 0914 8A04     		.short	1162
 10498 0916 8B04     		.short	1163
 10499 0918 8C04     		.short	1164
 10500 091a 8D04     		.short	1165
 10501 091c 8E04     		.short	1166
 10502 091e 8F04     		.short	1167
 10503 0920 9004     		.short	1168
 10504 0922 9104     		.short	1169
 10505 0924 9204     		.short	1170
 10506 0926 9304     		.short	1171
 10507 0928 9404     		.short	1172
 10508 092a 9504     		.short	1173
 10509 092c 9604     		.short	1174
 10510 092e 9704     		.short	1175
ARM GAS  C:\Users\maraz\AppData\Local\Temp\ccyEBQ4t.s 			page 215


 10511 0930 9804     		.short	1176
 10512 0932 9904     		.short	1177
 10513 0934 9A04     		.short	1178
 10514 0936 9B04     		.short	1179
 10515 0938 9C04     		.short	1180
 10516 093a 9D04     		.short	1181
 10517 093c 9E04     		.short	1182
 10518 093e 9F04     		.short	1183
 10519 0940 A004     		.short	1184
 10520 0942 A104     		.short	1185
 10521 0944 A204     		.short	1186
 10522 0946 A304     		.short	1187
 10523 0948 A404     		.short	1188
 10524 094a A504     		.short	1189
 10525 094c A604     		.short	1190
 10526 094e A704     		.short	1191
 10527 0950 A804     		.short	1192
 10528 0952 A904     		.short	1193
 10529 0954 AA04     		.short	1194
 10530 0956 AB04     		.short	1195
 10531 0958 AC04     		.short	1196
 10532 095a AD04     		.short	1197
 10533 095c AE04     		.short	1198
 10534 095e AF04     		.short	1199
 10535 0960 B004     		.short	1200
 10536 0962 B104     		.short	1201
 10537 0964 B204     		.short	1202
 10538 0966 B304     		.short	1203
 10539 0968 B404     		.short	1204
 10540 096a B504     		.short	1205
 10541 096c B604     		.short	1206
 10542 096e B704     		.short	1207
 10543 0970 B804     		.short	1208
 10544 0972 B904     		.short	1209
 10545 0974 BA04     		.short	1210
 10546 0976 BB04     		.short	1211
 10547 0978 BC04     		.short	1212
 10548 097a BD04     		.short	1213
 10549 097c BE04     		.short	1214
 10550 097e BF04     		.short	1215
 10551 0980 C004     		.short	1216
 10552 0982 C104     		.short	1217
 10553 0984 C204     		.short	1218
 10554 0986 C304     		.short	1219
 10555 0988 C404     		.short	1220
 10556 098a C504     		.short	1221
 10557 098c C604     		.short	1222
 10558 098e C704     		.short	1223
 10559 0990 C804     		.short	1224
 10560 0992 C904     		.short	1225
 10561 0994 CA04     		.short	1226
 10562 0996 CB04     		.short	1227
 10563 0998 CC04     		.short	1228
 10564 099a CD04     		.short	1229
 10565 099c CE04     		.short	1230
 10566 099e CF04     		.short	1231
 10567 09a0 D004     		.short	1232
ARM GAS  C:\Users\maraz\AppData\Local\Temp\ccyEBQ4t.s 			page 216


 10568 09a2 D104     		.short	1233
 10569 09a4 D204     		.short	1234
 10570 09a6 D304     		.short	1235
 10571 09a8 D404     		.short	1236
 10572 09aa D504     		.short	1237
 10573 09ac D604     		.short	1238
 10574 09ae D704     		.short	1239
 10575 09b0 D804     		.short	1240
 10576 09b2 D904     		.short	1241
 10577 09b4 DA04     		.short	1242
 10578 09b6 DB04     		.short	1243
 10579 09b8 DC04     		.short	1244
 10580 09ba DD04     		.short	1245
 10581 09bc DE04     		.short	1246
 10582 09be DF04     		.short	1247
 10583 09c0 E004     		.short	1248
 10584 09c2 E104     		.short	1249
 10585 09c4 E204     		.short	1250
 10586 09c6 E304     		.short	1251
 10587 09c8 E404     		.short	1252
 10588 09ca E504     		.short	1253
 10589 09cc E604     		.short	1254
 10590 09ce E704     		.short	1255
 10591 09d0 E804     		.short	1256
 10592 09d2 E904     		.short	1257
 10593 09d4 EA04     		.short	1258
 10594 09d6 EB04     		.short	1259
 10595 09d8 EC04     		.short	1260
 10596 09da ED04     		.short	1261
 10597 09dc EE04     		.short	1262
 10598 09de EF04     		.short	1263
 10599 09e0 F004     		.short	1264
 10600 09e2 F104     		.short	1265
 10601 09e4 F204     		.short	1266
 10602 09e6 F304     		.short	1267
 10603 09e8 F404     		.short	1268
 10604 09ea F504     		.short	1269
 10605 09ec F604     		.short	1270
 10606 09ee F704     		.short	1271
 10607 09f0 F804     		.short	1272
 10608 09f2 F904     		.short	1273
 10609 09f4 FA04     		.short	1274
 10610 09f6 FB04     		.short	1275
 10611 09f8 FC04     		.short	1276
 10612 09fa FD04     		.short	1277
 10613 09fc FE04     		.short	1278
 10614 09fe FF04     		.short	1279
 10615 0a00 0005     		.short	1280
 10616 0a02 0105     		.short	1281
 10617 0a04 0205     		.short	1282
 10618 0a06 0305     		.short	1283
 10619 0a08 0405     		.short	1284
 10620 0a0a 0505     		.short	1285
 10621 0a0c 0605     		.short	1286
 10622 0a0e 0705     		.short	1287
 10623 0a10 0805     		.short	1288
 10624 0a12 0905     		.short	1289
ARM GAS  C:\Users\maraz\AppData\Local\Temp\ccyEBQ4t.s 			page 217


 10625 0a14 0A05     		.short	1290
 10626 0a16 0B05     		.short	1291
 10627 0a18 0C05     		.short	1292
 10628 0a1a 0D05     		.short	1293
 10629 0a1c 0E05     		.short	1294
 10630 0a1e 0F05     		.short	1295
 10631 0a20 1005     		.short	1296
 10632 0a22 1105     		.short	1297
 10633 0a24 1205     		.short	1298
 10634 0a26 1305     		.short	1299
 10635 0a28 1405     		.short	1300
 10636 0a2a 1505     		.short	1301
 10637 0a2c 1605     		.short	1302
 10638 0a2e 1705     		.short	1303
 10639 0a30 1805     		.short	1304
 10640 0a32 1905     		.short	1305
 10641 0a34 1A05     		.short	1306
 10642 0a36 1B05     		.short	1307
 10643 0a38 1C05     		.short	1308
 10644 0a3a 1D05     		.short	1309
 10645 0a3c 1E05     		.short	1310
 10646 0a3e 1F05     		.short	1311
 10647 0a40 2005     		.short	1312
 10648 0a42 2105     		.short	1313
 10649 0a44 2205     		.short	1314
 10650 0a46 2305     		.short	1315
 10651 0a48 2405     		.short	1316
 10652 0a4a 2505     		.short	1317
 10653 0a4c 2605     		.short	1318
 10654 0a4e 2705     		.short	1319
 10655 0a50 2805     		.short	1320
 10656 0a52 2905     		.short	1321
 10657 0a54 2A05     		.short	1322
 10658 0a56 2B05     		.short	1323
 10659 0a58 2C05     		.short	1324
 10660 0a5a 2D05     		.short	1325
 10661 0a5c 2E05     		.short	1326
 10662 0a5e 2F05     		.short	1327
 10663 0a60 3005     		.short	1328
 10664 0a62 3105     		.short	1329
 10665 0a64 3205     		.short	1330
 10666 0a66 3305     		.short	1331
 10667 0a68 3405     		.short	1332
 10668 0a6a 3505     		.short	1333
 10669 0a6c 3605     		.short	1334
 10670 0a6e 3705     		.short	1335
 10671 0a70 3805     		.short	1336
 10672 0a72 3905     		.short	1337
 10673 0a74 3A05     		.short	1338
 10674 0a76 3B05     		.short	1339
 10675 0a78 3C05     		.short	1340
 10676 0a7a 3D05     		.short	1341
 10677 0a7c 3E05     		.short	1342
 10678 0a7e 3F05     		.short	1343
 10679 0a80 4005     		.short	1344
 10680 0a82 4105     		.short	1345
 10681 0a84 4205     		.short	1346
ARM GAS  C:\Users\maraz\AppData\Local\Temp\ccyEBQ4t.s 			page 218


 10682 0a86 4305     		.short	1347
 10683 0a88 4405     		.short	1348
 10684 0a8a 4505     		.short	1349
 10685 0a8c 4605     		.short	1350
 10686 0a8e 4705     		.short	1351
 10687 0a90 4805     		.short	1352
 10688 0a92 4905     		.short	1353
 10689 0a94 4A05     		.short	1354
 10690 0a96 4B05     		.short	1355
 10691 0a98 4C05     		.short	1356
 10692 0a9a 4D05     		.short	1357
 10693 0a9c 4E05     		.short	1358
 10694 0a9e 4F05     		.short	1359
 10695 0aa0 5005     		.short	1360
 10696 0aa2 5105     		.short	1361
 10697 0aa4 5205     		.short	1362
 10698 0aa6 5305     		.short	1363
 10699 0aa8 5405     		.short	1364
 10700 0aaa 5505     		.short	1365
 10701 0aac 5605     		.short	1366
 10702 0aae 5705     		.short	1367
 10703 0ab0 5805     		.short	1368
 10704 0ab2 5905     		.short	1369
 10705 0ab4 5A05     		.short	1370
 10706 0ab6 5B05     		.short	1371
 10707 0ab8 5C05     		.short	1372
 10708 0aba 5D05     		.short	1373
 10709 0abc 5E05     		.short	1374
 10710 0abe 5F05     		.short	1375
 10711 0ac0 6005     		.short	1376
 10712 0ac2 6105     		.short	1377
 10713 0ac4 6205     		.short	1378
 10714 0ac6 6305     		.short	1379
 10715 0ac8 6405     		.short	1380
 10716 0aca 6505     		.short	1381
 10717 0acc 6605     		.short	1382
 10718 0ace 6705     		.short	1383
 10719 0ad0 6805     		.short	1384
 10720 0ad2 6905     		.short	1385
 10721 0ad4 6A05     		.short	1386
 10722 0ad6 6B05     		.short	1387
 10723 0ad8 6C05     		.short	1388
 10724 0ada 6D05     		.short	1389
 10725 0adc 6E05     		.short	1390
 10726 0ade 6F05     		.short	1391
 10727 0ae0 7005     		.short	1392
 10728 0ae2 7105     		.short	1393
 10729 0ae4 7205     		.short	1394
 10730 0ae6 7305     		.short	1395
 10731 0ae8 7405     		.short	1396
 10732 0aea 7505     		.short	1397
 10733 0aec 7605     		.short	1398
 10734 0aee 7705     		.short	1399
 10735 0af0 7805     		.short	1400
 10736 0af2 7905     		.short	1401
 10737 0af4 7A05     		.short	1402
 10738 0af6 7B05     		.short	1403
ARM GAS  C:\Users\maraz\AppData\Local\Temp\ccyEBQ4t.s 			page 219


 10739 0af8 7C05     		.short	1404
 10740 0afa 7D05     		.short	1405
 10741 0afc 7E05     		.short	1406
 10742 0afe 7F05     		.short	1407
 10743 0b00 8005     		.short	1408
 10744 0b02 8105     		.short	1409
 10745 0b04 8205     		.short	1410
 10746 0b06 8305     		.short	1411
 10747 0b08 8405     		.short	1412
 10748 0b0a 8505     		.short	1413
 10749 0b0c 8605     		.short	1414
 10750 0b0e 8705     		.short	1415
 10751 0b10 8805     		.short	1416
 10752 0b12 8905     		.short	1417
 10753 0b14 8A05     		.short	1418
 10754 0b16 8B05     		.short	1419
 10755 0b18 8C05     		.short	1420
 10756 0b1a 8D05     		.short	1421
 10757 0b1c 8E05     		.short	1422
 10758 0b1e 8F05     		.short	1423
 10759 0b20 9005     		.short	1424
 10760 0b22 9105     		.short	1425
 10761 0b24 9205     		.short	1426
 10762 0b26 9305     		.short	1427
 10763 0b28 9405     		.short	1428
 10764 0b2a 9505     		.short	1429
 10765 0b2c 9605     		.short	1430
 10766 0b2e 9705     		.short	1431
 10767 0b30 9805     		.short	1432
 10768 0b32 9905     		.short	1433
 10769 0b34 9A05     		.short	1434
 10770 0b36 9B05     		.short	1435
 10771 0b38 9C05     		.short	1436
 10772 0b3a 9D05     		.short	1437
 10773 0b3c 9E05     		.short	1438
 10774 0b3e 9F05     		.short	1439
 10775 0b40 A005     		.short	1440
 10776 0b42 A105     		.short	1441
 10777 0b44 A205     		.short	1442
 10778 0b46 A305     		.short	1443
 10779 0b48 A405     		.short	1444
 10780 0b4a A505     		.short	1445
 10781 0b4c A605     		.short	1446
 10782 0b4e A705     		.short	1447
 10783 0b50 A805     		.short	1448
 10784 0b52 A905     		.short	1449
 10785 0b54 AA05     		.short	1450
 10786 0b56 AB05     		.short	1451
 10787 0b58 AC05     		.short	1452
 10788 0b5a AD05     		.short	1453
 10789 0b5c AE05     		.short	1454
 10790 0b5e AF05     		.short	1455
 10791 0b60 B005     		.short	1456
 10792 0b62 B105     		.short	1457
 10793 0b64 B205     		.short	1458
 10794 0b66 B305     		.short	1459
 10795 0b68 B405     		.short	1460
ARM GAS  C:\Users\maraz\AppData\Local\Temp\ccyEBQ4t.s 			page 220


 10796 0b6a B505     		.short	1461
 10797 0b6c B605     		.short	1462
 10798 0b6e B705     		.short	1463
 10799 0b70 B805     		.short	1464
 10800 0b72 B905     		.short	1465
 10801 0b74 BA05     		.short	1466
 10802 0b76 BB05     		.short	1467
 10803 0b78 BC05     		.short	1468
 10804 0b7a BD05     		.short	1469
 10805 0b7c BE05     		.short	1470
 10806 0b7e BF05     		.short	1471
 10807 0b80 C005     		.short	1472
 10808 0b82 C105     		.short	1473
 10809 0b84 C205     		.short	1474
 10810 0b86 C305     		.short	1475
 10811 0b88 C405     		.short	1476
 10812 0b8a C505     		.short	1477
 10813 0b8c C605     		.short	1478
 10814 0b8e C705     		.short	1479
 10815 0b90 C805     		.short	1480
 10816 0b92 C905     		.short	1481
 10817 0b94 CA05     		.short	1482
 10818 0b96 CB05     		.short	1483
 10819 0b98 CC05     		.short	1484
 10820 0b9a CD05     		.short	1485
 10821 0b9c CE05     		.short	1486
 10822 0b9e CF05     		.short	1487
 10823 0ba0 D005     		.short	1488
 10824 0ba2 D105     		.short	1489
 10825 0ba4 D205     		.short	1490
 10826 0ba6 D305     		.short	1491
 10827 0ba8 D405     		.short	1492
 10828 0baa D505     		.short	1493
 10829 0bac D605     		.short	1494
 10830 0bae D705     		.short	1495
 10831 0bb0 D805     		.short	1496
 10832 0bb2 D905     		.short	1497
 10833 0bb4 DA05     		.short	1498
 10834 0bb6 DB05     		.short	1499
 10835 0bb8 DC05     		.short	1500
 10836 0bba DD05     		.short	1501
 10837 0bbc DE05     		.short	1502
 10838 0bbe DF05     		.short	1503
 10839 0bc0 E005     		.short	1504
 10840 0bc2 E105     		.short	1505
 10841 0bc4 E205     		.short	1506
 10842 0bc6 E305     		.short	1507
 10843 0bc8 E405     		.short	1508
 10844 0bca E505     		.short	1509
 10845 0bcc E605     		.short	1510
 10846 0bce E705     		.short	1511
 10847 0bd0 E805     		.short	1512
 10848 0bd2 E905     		.short	1513
 10849 0bd4 EA05     		.short	1514
 10850 0bd6 EB05     		.short	1515
 10851 0bd8 EC05     		.short	1516
 10852 0bda ED05     		.short	1517
ARM GAS  C:\Users\maraz\AppData\Local\Temp\ccyEBQ4t.s 			page 221


 10853 0bdc EE05     		.short	1518
 10854 0bde EF05     		.short	1519
 10855 0be0 F005     		.short	1520
 10856 0be2 F105     		.short	1521
 10857 0be4 F205     		.short	1522
 10858 0be6 F305     		.short	1523
 10859 0be8 F405     		.short	1524
 10860 0bea F505     		.short	1525
 10861 0bec F605     		.short	1526
 10862 0bee F705     		.short	1527
 10863 0bf0 F805     		.short	1528
 10864 0bf2 F905     		.short	1529
 10865 0bf4 FA05     		.short	1530
 10866 0bf6 FB05     		.short	1531
 10867 0bf8 FC05     		.short	1532
 10868 0bfa FD05     		.short	1533
 10869 0bfc FE05     		.short	1534
 10870 0bfe FF05     		.short	1535
 10871 0c00 0006     		.short	1536
 10872 0c02 0106     		.short	1537
 10873 0c04 0206     		.short	1538
 10874 0c06 0306     		.short	1539
 10875 0c08 0406     		.short	1540
 10876 0c0a 0506     		.short	1541
 10877 0c0c 0606     		.short	1542
 10878 0c0e 0706     		.short	1543
 10879 0c10 0806     		.short	1544
 10880 0c12 0906     		.short	1545
 10881 0c14 0A06     		.short	1546
 10882 0c16 0B06     		.short	1547
 10883 0c18 0C06     		.short	1548
 10884 0c1a 0D06     		.short	1549
 10885 0c1c 0E06     		.short	1550
 10886 0c1e 0F06     		.short	1551
 10887 0c20 1006     		.short	1552
 10888 0c22 1106     		.short	1553
 10889 0c24 1206     		.short	1554
 10890 0c26 1306     		.short	1555
 10891 0c28 1406     		.short	1556
 10892 0c2a 1506     		.short	1557
 10893 0c2c 1606     		.short	1558
 10894 0c2e 1706     		.short	1559
 10895 0c30 1806     		.short	1560
 10896 0c32 1906     		.short	1561
 10897 0c34 1A06     		.short	1562
 10898 0c36 1B06     		.short	1563
 10899 0c38 1C06     		.short	1564
 10900 0c3a 1D06     		.short	1565
 10901 0c3c 1E06     		.short	1566
 10902 0c3e 1F06     		.short	1567
 10903 0c40 2006     		.short	1568
 10904 0c42 2106     		.short	1569
 10905 0c44 2206     		.short	1570
 10906 0c46 2306     		.short	1571
 10907 0c48 2406     		.short	1572
 10908 0c4a 2506     		.short	1573
 10909 0c4c 2606     		.short	1574
ARM GAS  C:\Users\maraz\AppData\Local\Temp\ccyEBQ4t.s 			page 222


 10910 0c4e 2706     		.short	1575
 10911 0c50 2806     		.short	1576
 10912 0c52 2906     		.short	1577
 10913 0c54 2A06     		.short	1578
 10914 0c56 2B06     		.short	1579
 10915 0c58 2C06     		.short	1580
 10916 0c5a 2D06     		.short	1581
 10917 0c5c 2E06     		.short	1582
 10918 0c5e 2F06     		.short	1583
 10919 0c60 3006     		.short	1584
 10920 0c62 3106     		.short	1585
 10921 0c64 3206     		.short	1586
 10922 0c66 3306     		.short	1587
 10923 0c68 3406     		.short	1588
 10924 0c6a 3506     		.short	1589
 10925 0c6c 3606     		.short	1590
 10926 0c6e 3706     		.short	1591
 10927 0c70 3806     		.short	1592
 10928 0c72 3906     		.short	1593
 10929 0c74 3A06     		.short	1594
 10930 0c76 3B06     		.short	1595
 10931 0c78 3C06     		.short	1596
 10932 0c7a 3D06     		.short	1597
 10933 0c7c 3E06     		.short	1598
 10934 0c7e 3F06     		.short	1599
 10935 0c80 4006     		.short	1600
 10936 0c82 4106     		.short	1601
 10937 0c84 4206     		.short	1602
 10938 0c86 4306     		.short	1603
 10939 0c88 4406     		.short	1604
 10940 0c8a 4506     		.short	1605
 10941 0c8c 4606     		.short	1606
 10942 0c8e 4706     		.short	1607
 10943 0c90 4806     		.short	1608
 10944 0c92 4906     		.short	1609
 10945 0c94 4A06     		.short	1610
 10946 0c96 4B06     		.short	1611
 10947 0c98 4C06     		.short	1612
 10948 0c9a 4D06     		.short	1613
 10949 0c9c 4E06     		.short	1614
 10950 0c9e 4F06     		.short	1615
 10951 0ca0 5006     		.short	1616
 10952 0ca2 5106     		.short	1617
 10953 0ca4 5206     		.short	1618
 10954 0ca6 5306     		.short	1619
 10955 0ca8 5406     		.short	1620
 10956 0caa 5506     		.short	1621
 10957 0cac 5606     		.short	1622
 10958 0cae 5706     		.short	1623
 10959 0cb0 5806     		.short	1624
 10960 0cb2 5906     		.short	1625
 10961 0cb4 5A06     		.short	1626
 10962 0cb6 5B06     		.short	1627
 10963 0cb8 5C06     		.short	1628
 10964 0cba 5D06     		.short	1629
 10965 0cbc 5E06     		.short	1630
 10966 0cbe 5F06     		.short	1631
ARM GAS  C:\Users\maraz\AppData\Local\Temp\ccyEBQ4t.s 			page 223


 10967 0cc0 6006     		.short	1632
 10968 0cc2 6106     		.short	1633
 10969 0cc4 6206     		.short	1634
 10970 0cc6 6306     		.short	1635
 10971 0cc8 6406     		.short	1636
 10972 0cca 6506     		.short	1637
 10973 0ccc 6606     		.short	1638
 10974 0cce 6706     		.short	1639
 10975 0cd0 6806     		.short	1640
 10976 0cd2 6906     		.short	1641
 10977 0cd4 6A06     		.short	1642
 10978 0cd6 6B06     		.short	1643
 10979 0cd8 6C06     		.short	1644
 10980 0cda 6D06     		.short	1645
 10981 0cdc 6E06     		.short	1646
 10982 0cde 6F06     		.short	1647
 10983 0ce0 7006     		.short	1648
 10984 0ce2 7106     		.short	1649
 10985 0ce4 7206     		.short	1650
 10986 0ce6 7306     		.short	1651
 10987 0ce8 7406     		.short	1652
 10988 0cea 7506     		.short	1653
 10989 0cec 7606     		.short	1654
 10990 0cee 7706     		.short	1655
 10991 0cf0 7806     		.short	1656
 10992 0cf2 7906     		.short	1657
 10993 0cf4 7A06     		.short	1658
 10994 0cf6 7B06     		.short	1659
 10995 0cf8 7C06     		.short	1660
 10996 0cfa 7D06     		.short	1661
 10997 0cfc 7E06     		.short	1662
 10998 0cfe 7F06     		.short	1663
 10999 0d00 8006     		.short	1664
 11000 0d02 8106     		.short	1665
 11001 0d04 8206     		.short	1666
 11002 0d06 8306     		.short	1667
 11003 0d08 8406     		.short	1668
 11004 0d0a 8506     		.short	1669
 11005 0d0c 8606     		.short	1670
 11006 0d0e 8706     		.short	1671
 11007 0d10 8806     		.short	1672
 11008 0d12 8906     		.short	1673
 11009 0d14 8A06     		.short	1674
 11010 0d16 8B06     		.short	1675
 11011 0d18 8C06     		.short	1676
 11012 0d1a 8D06     		.short	1677
 11013 0d1c 8E06     		.short	1678
 11014 0d1e 8F06     		.short	1679
 11015 0d20 9006     		.short	1680
 11016 0d22 9106     		.short	1681
 11017 0d24 9206     		.short	1682
 11018 0d26 9306     		.short	1683
 11019 0d28 9406     		.short	1684
 11020 0d2a 9506     		.short	1685
 11021 0d2c 9606     		.short	1686
 11022 0d2e 9706     		.short	1687
 11023 0d30 9806     		.short	1688
ARM GAS  C:\Users\maraz\AppData\Local\Temp\ccyEBQ4t.s 			page 224


 11024 0d32 9906     		.short	1689
 11025 0d34 9A06     		.short	1690
 11026 0d36 9B06     		.short	1691
 11027 0d38 9C06     		.short	1692
 11028 0d3a 9D06     		.short	1693
 11029 0d3c 9E06     		.short	1694
 11030 0d3e 9F06     		.short	1695
 11031 0d40 A006     		.short	1696
 11032 0d42 A106     		.short	1697
 11033 0d44 A206     		.short	1698
 11034 0d46 A306     		.short	1699
 11035 0d48 A406     		.short	1700
 11036 0d4a A506     		.short	1701
 11037 0d4c A606     		.short	1702
 11038 0d4e A706     		.short	1703
 11039 0d50 A806     		.short	1704
 11040 0d52 A906     		.short	1705
 11041 0d54 AA06     		.short	1706
 11042 0d56 AB06     		.short	1707
 11043 0d58 AC06     		.short	1708
 11044 0d5a AD06     		.short	1709
 11045 0d5c AE06     		.short	1710
 11046 0d5e AF06     		.short	1711
 11047 0d60 B006     		.short	1712
 11048 0d62 B106     		.short	1713
 11049 0d64 B206     		.short	1714
 11050 0d66 B306     		.short	1715
 11051 0d68 B406     		.short	1716
 11052 0d6a B506     		.short	1717
 11053 0d6c B606     		.short	1718
 11054 0d6e B706     		.short	1719
 11055 0d70 B806     		.short	1720
 11056 0d72 B906     		.short	1721
 11057 0d74 BA06     		.short	1722
 11058 0d76 BB06     		.short	1723
 11059 0d78 BC06     		.short	1724
 11060 0d7a BD06     		.short	1725
 11061 0d7c BE06     		.short	1726
 11062 0d7e BF06     		.short	1727
 11063 0d80 C006     		.short	1728
 11064 0d82 C106     		.short	1729
 11065 0d84 C206     		.short	1730
 11066 0d86 C306     		.short	1731
 11067 0d88 C406     		.short	1732
 11068 0d8a C506     		.short	1733
 11069 0d8c C606     		.short	1734
 11070 0d8e C706     		.short	1735
 11071 0d90 C806     		.short	1736
 11072 0d92 C906     		.short	1737
 11073 0d94 CA06     		.short	1738
 11074 0d96 CB06     		.short	1739
 11075 0d98 CC06     		.short	1740
 11076 0d9a CD06     		.short	1741
 11077 0d9c CE06     		.short	1742
 11078 0d9e CF06     		.short	1743
 11079 0da0 D006     		.short	1744
 11080 0da2 D106     		.short	1745
ARM GAS  C:\Users\maraz\AppData\Local\Temp\ccyEBQ4t.s 			page 225


 11081 0da4 D206     		.short	1746
 11082 0da6 D306     		.short	1747
 11083 0da8 D406     		.short	1748
 11084 0daa D506     		.short	1749
 11085 0dac D606     		.short	1750
 11086 0dae D706     		.short	1751
 11087 0db0 D806     		.short	1752
 11088 0db2 D906     		.short	1753
 11089 0db4 DA06     		.short	1754
 11090 0db6 DB06     		.short	1755
 11091 0db8 DC06     		.short	1756
 11092 0dba DD06     		.short	1757
 11093 0dbc DE06     		.short	1758
 11094 0dbe DF06     		.short	1759
 11095 0dc0 E006     		.short	1760
 11096 0dc2 E106     		.short	1761
 11097 0dc4 E206     		.short	1762
 11098 0dc6 E306     		.short	1763
 11099 0dc8 E406     		.short	1764
 11100 0dca E506     		.short	1765
 11101 0dcc E606     		.short	1766
 11102 0dce E706     		.short	1767
 11103 0dd0 E806     		.short	1768
 11104 0dd2 E906     		.short	1769
 11105 0dd4 EA06     		.short	1770
 11106 0dd6 EB06     		.short	1771
 11107 0dd8 EC06     		.short	1772
 11108 0dda ED06     		.short	1773
 11109 0ddc EE06     		.short	1774
 11110 0dde EF06     		.short	1775
 11111 0de0 F006     		.short	1776
 11112 0de2 F106     		.short	1777
 11113 0de4 F206     		.short	1778
 11114 0de6 F306     		.short	1779
 11115 0de8 F406     		.short	1780
 11116 0dea F506     		.short	1781
 11117 0dec F606     		.short	1782
 11118 0dee F706     		.short	1783
 11119 0df0 F806     		.short	1784
 11120 0df2 F906     		.short	1785
 11121 0df4 FA06     		.short	1786
 11122 0df6 FB06     		.short	1787
 11123 0df8 FC06     		.short	1788
 11124 0dfa FD06     		.short	1789
 11125 0dfc FE06     		.short	1790
 11126 0dfe FF06     		.short	1791
 11127 0e00 0007     		.short	1792
 11128 0e02 0107     		.short	1793
 11129 0e04 0207     		.short	1794
 11130 0e06 0307     		.short	1795
 11131 0e08 0407     		.short	1796
 11132 0e0a 0507     		.short	1797
 11133 0e0c 0607     		.short	1798
 11134 0e0e 0707     		.short	1799
 11135 0e10 0807     		.short	1800
 11136 0e12 0907     		.short	1801
 11137 0e14 0A07     		.short	1802
ARM GAS  C:\Users\maraz\AppData\Local\Temp\ccyEBQ4t.s 			page 226


 11138 0e16 0B07     		.short	1803
 11139 0e18 0C07     		.short	1804
 11140 0e1a 0D07     		.short	1805
 11141 0e1c 0E07     		.short	1806
 11142 0e1e 0F07     		.short	1807
 11143 0e20 1007     		.short	1808
 11144 0e22 1107     		.short	1809
 11145 0e24 1207     		.short	1810
 11146 0e26 1307     		.short	1811
 11147 0e28 1407     		.short	1812
 11148 0e2a 1507     		.short	1813
 11149 0e2c 1607     		.short	1814
 11150 0e2e 1707     		.short	1815
 11151 0e30 1807     		.short	1816
 11152 0e32 1907     		.short	1817
 11153 0e34 1A07     		.short	1818
 11154 0e36 1B07     		.short	1819
 11155 0e38 1C07     		.short	1820
 11156 0e3a 1D07     		.short	1821
 11157 0e3c 1E07     		.short	1822
 11158 0e3e 1F07     		.short	1823
 11159 0e40 2007     		.short	1824
 11160 0e42 2107     		.short	1825
 11161 0e44 2207     		.short	1826
 11162 0e46 2307     		.short	1827
 11163 0e48 2407     		.short	1828
 11164 0e4a 2507     		.short	1829
 11165 0e4c 2607     		.short	1830
 11166 0e4e 2707     		.short	1831
 11167 0e50 2807     		.short	1832
 11168 0e52 2907     		.short	1833
 11169 0e54 2A07     		.short	1834
 11170 0e56 2B07     		.short	1835
 11171 0e58 2C07     		.short	1836
 11172 0e5a 2D07     		.short	1837
 11173 0e5c 2E07     		.short	1838
 11174 0e5e 2F07     		.short	1839
 11175 0e60 3007     		.short	1840
 11176 0e62 3107     		.short	1841
 11177 0e64 3207     		.short	1842
 11178 0e66 3307     		.short	1843
 11179 0e68 3407     		.short	1844
 11180 0e6a 3507     		.short	1845
 11181 0e6c 3607     		.short	1846
 11182 0e6e 3707     		.short	1847
 11183 0e70 3807     		.short	1848
 11184 0e72 3907     		.short	1849
 11185 0e74 3A07     		.short	1850
 11186 0e76 3B07     		.short	1851
 11187 0e78 3C07     		.short	1852
 11188 0e7a 3D07     		.short	1853
 11189 0e7c 3E07     		.short	1854
 11190 0e7e 3F07     		.short	1855
 11191 0e80 4007     		.short	1856
 11192 0e82 4107     		.short	1857
 11193 0e84 4207     		.short	1858
 11194 0e86 4307     		.short	1859
ARM GAS  C:\Users\maraz\AppData\Local\Temp\ccyEBQ4t.s 			page 227


 11195 0e88 4407     		.short	1860
 11196 0e8a 4507     		.short	1861
 11197 0e8c 4607     		.short	1862
 11198 0e8e 4707     		.short	1863
 11199 0e90 4807     		.short	1864
 11200 0e92 4907     		.short	1865
 11201 0e94 4A07     		.short	1866
 11202 0e96 4B07     		.short	1867
 11203 0e98 4C07     		.short	1868
 11204 0e9a 4D07     		.short	1869
 11205 0e9c 4E07     		.short	1870
 11206 0e9e 4F07     		.short	1871
 11207 0ea0 5007     		.short	1872
 11208 0ea2 5107     		.short	1873
 11209 0ea4 5207     		.short	1874
 11210 0ea6 5307     		.short	1875
 11211 0ea8 5407     		.short	1876
 11212 0eaa 5507     		.short	1877
 11213 0eac 5607     		.short	1878
 11214 0eae 5707     		.short	1879
 11215 0eb0 5807     		.short	1880
 11216 0eb2 5907     		.short	1881
 11217 0eb4 5A07     		.short	1882
 11218 0eb6 5B07     		.short	1883
 11219 0eb8 5C07     		.short	1884
 11220 0eba 5D07     		.short	1885
 11221 0ebc 5E07     		.short	1886
 11222 0ebe 5F07     		.short	1887
 11223 0ec0 6007     		.short	1888
 11224 0ec2 6107     		.short	1889
 11225 0ec4 6207     		.short	1890
 11226 0ec6 6307     		.short	1891
 11227 0ec8 6407     		.short	1892
 11228 0eca 6507     		.short	1893
 11229 0ecc 6607     		.short	1894
 11230 0ece 6707     		.short	1895
 11231 0ed0 6807     		.short	1896
 11232 0ed2 6907     		.short	1897
 11233 0ed4 6A07     		.short	1898
 11234 0ed6 6B07     		.short	1899
 11235 0ed8 6C07     		.short	1900
 11236 0eda 6D07     		.short	1901
 11237 0edc 6E07     		.short	1902
 11238 0ede 6F07     		.short	1903
 11239 0ee0 7007     		.short	1904
 11240 0ee2 7107     		.short	1905
 11241 0ee4 7207     		.short	1906
 11242 0ee6 7307     		.short	1907
 11243 0ee8 7407     		.short	1908
 11244 0eea 7507     		.short	1909
 11245 0eec 7607     		.short	1910
 11246 0eee 7707     		.short	1911
 11247 0ef0 7807     		.short	1912
 11248 0ef2 7907     		.short	1913
 11249 0ef4 7A07     		.short	1914
 11250 0ef6 7B07     		.short	1915
 11251 0ef8 7C07     		.short	1916
ARM GAS  C:\Users\maraz\AppData\Local\Temp\ccyEBQ4t.s 			page 228


 11252 0efa 7D07     		.short	1917
 11253 0efc 7E07     		.short	1918
 11254 0efe 7F07     		.short	1919
 11255 0f00 8007     		.short	1920
 11256 0f02 8107     		.short	1921
 11257 0f04 8207     		.short	1922
 11258 0f06 8307     		.short	1923
 11259 0f08 8407     		.short	1924
 11260 0f0a 8507     		.short	1925
 11261 0f0c 8607     		.short	1926
 11262 0f0e 8707     		.short	1927
 11263 0f10 8807     		.short	1928
 11264 0f12 8907     		.short	1929
 11265 0f14 8A07     		.short	1930
 11266 0f16 8B07     		.short	1931
 11267 0f18 8C07     		.short	1932
 11268 0f1a 8D07     		.short	1933
 11269 0f1c 8E07     		.short	1934
 11270 0f1e 8F07     		.short	1935
 11271 0f20 9007     		.short	1936
 11272 0f22 9107     		.short	1937
 11273 0f24 9207     		.short	1938
 11274 0f26 9307     		.short	1939
 11275 0f28 9407     		.short	1940
 11276 0f2a 9507     		.short	1941
 11277 0f2c 9607     		.short	1942
 11278 0f2e 9707     		.short	1943
 11279 0f30 9807     		.short	1944
 11280 0f32 9907     		.short	1945
 11281 0f34 9A07     		.short	1946
 11282 0f36 9B07     		.short	1947
 11283 0f38 9C07     		.short	1948
 11284 0f3a 9D07     		.short	1949
 11285 0f3c 9E07     		.short	1950
 11286 0f3e 9F07     		.short	1951
 11287 0f40 A007     		.short	1952
 11288 0f42 A107     		.short	1953
 11289 0f44 A207     		.short	1954
 11290 0f46 A307     		.short	1955
 11291 0f48 A407     		.short	1956
 11292 0f4a A507     		.short	1957
 11293 0f4c A607     		.short	1958
 11294 0f4e A707     		.short	1959
 11295 0f50 A807     		.short	1960
 11296 0f52 A907     		.short	1961
 11297 0f54 AA07     		.short	1962
 11298 0f56 AB07     		.short	1963
 11299 0f58 AC07     		.short	1964
 11300 0f5a AD07     		.short	1965
 11301 0f5c AE07     		.short	1966
 11302 0f5e AF07     		.short	1967
 11303 0f60 B007     		.short	1968
 11304 0f62 B107     		.short	1969
 11305 0f64 B207     		.short	1970
 11306 0f66 B307     		.short	1971
 11307 0f68 B407     		.short	1972
 11308 0f6a B507     		.short	1973
ARM GAS  C:\Users\maraz\AppData\Local\Temp\ccyEBQ4t.s 			page 229


 11309 0f6c B607     		.short	1974
 11310 0f6e B707     		.short	1975
 11311 0f70 B807     		.short	1976
 11312 0f72 B907     		.short	1977
 11313 0f74 BA07     		.short	1978
 11314 0f76 BB07     		.short	1979
 11315 0f78 BC07     		.short	1980
 11316 0f7a BD07     		.short	1981
 11317 0f7c BE07     		.short	1982
 11318 0f7e BF07     		.short	1983
 11319 0f80 C007     		.short	1984
 11320 0f82 C107     		.short	1985
 11321 0f84 C207     		.short	1986
 11322 0f86 C307     		.short	1987
 11323 0f88 C407     		.short	1988
 11324 0f8a C507     		.short	1989
 11325 0f8c C607     		.short	1990
 11326 0f8e C707     		.short	1991
 11327 0f90 C807     		.short	1992
 11328 0f92 C907     		.short	1993
 11329 0f94 CA07     		.short	1994
 11330 0f96 CB07     		.short	1995
 11331 0f98 CC07     		.short	1996
 11332 0f9a CD07     		.short	1997
 11333 0f9c CE07     		.short	1998
 11334 0f9e CF07     		.short	1999
 11335 0fa0 D007     		.short	2000
 11336 0fa2 D107     		.short	2001
 11337 0fa4 D207     		.short	2002
 11338 0fa6 D307     		.short	2003
 11339 0fa8 D407     		.short	2004
 11340 0faa D507     		.short	2005
 11341 0fac D607     		.short	2006
 11342 0fae D707     		.short	2007
 11343 0fb0 D807     		.short	2008
 11344 0fb2 D907     		.short	2009
 11345 0fb4 DA07     		.short	2010
 11346 0fb6 DB07     		.short	2011
 11347 0fb8 DC07     		.short	2012
 11348 0fba DD07     		.short	2013
 11349 0fbc DE07     		.short	2014
 11350 0fbe DF07     		.short	2015
 11351 0fc0 E007     		.short	2016
 11352 0fc2 E107     		.short	2017
 11353 0fc4 E207     		.short	2018
 11354 0fc6 E307     		.short	2019
 11355 0fc8 E407     		.short	2020
 11356 0fca E507     		.short	2021
 11357 0fcc E607     		.short	2022
 11358 0fce E707     		.short	2023
 11359 0fd0 E807     		.short	2024
 11360 0fd2 E907     		.short	2025
 11361 0fd4 EA07     		.short	2026
 11362 0fd6 EB07     		.short	2027
 11363 0fd8 EC07     		.short	2028
 11364 0fda ED07     		.short	2029
 11365 0fdc EE07     		.short	2030
ARM GAS  C:\Users\maraz\AppData\Local\Temp\ccyEBQ4t.s 			page 230


 11366 0fde EF07     		.short	2031
 11367 0fe0 F007     		.short	2032
 11368 0fe2 F107     		.short	2033
 11369 0fe4 F207     		.short	2034
 11370 0fe6 F307     		.short	2035
 11371 0fe8 F407     		.short	2036
 11372 0fea F507     		.short	2037
 11373 0fec F607     		.short	2038
 11374 0fee F707     		.short	2039
 11375 0ff0 F807     		.short	2040
 11376 0ff2 F907     		.short	2041
 11377 0ff4 FA07     		.short	2042
 11378 0ff6 FB07     		.short	2043
 11379 0ff8 FC07     		.short	2044
 11380 0ffa FD07     		.short	2045
 11381 0ffc FE07     		.short	2046
 11382 0ffe FF07     		.short	2047
 11383 1000 0008     		.short	2048
 11384 1002 0108     		.short	2049
 11385 1004 0208     		.short	2050
 11386 1006 0308     		.short	2051
 11387 1008 0408     		.short	2052
 11388 100a 0508     		.short	2053
 11389 100c 0608     		.short	2054
 11390 100e 0708     		.short	2055
 11391 1010 0808     		.short	2056
 11392 1012 0908     		.short	2057
 11393 1014 0A08     		.short	2058
 11394 1016 0B08     		.short	2059
 11395 1018 0C08     		.short	2060
 11396 101a 0D08     		.short	2061
 11397 101c 0E08     		.short	2062
 11398 101e 0F08     		.short	2063
 11399 1020 1008     		.short	2064
 11400 1022 1108     		.short	2065
 11401 1024 1208     		.short	2066
 11402 1026 1308     		.short	2067
 11403 1028 1408     		.short	2068
 11404 102a 1508     		.short	2069
 11405 102c 1608     		.short	2070
 11406 102e 1708     		.short	2071
 11407 1030 1808     		.short	2072
 11408 1032 1908     		.short	2073
 11409 1034 1A08     		.short	2074
 11410 1036 1B08     		.short	2075
 11411 1038 1C08     		.short	2076
 11412 103a 1D08     		.short	2077
 11413 103c 1E08     		.short	2078
 11414 103e 1F08     		.short	2079
 11415 1040 2008     		.short	2080
 11416 1042 2108     		.short	2081
 11417 1044 2208     		.short	2082
 11418 1046 2308     		.short	2083
 11419 1048 2408     		.short	2084
 11420 104a 2508     		.short	2085
 11421 104c 2608     		.short	2086
 11422 104e 2708     		.short	2087
ARM GAS  C:\Users\maraz\AppData\Local\Temp\ccyEBQ4t.s 			page 231


 11423 1050 2808     		.short	2088
 11424 1052 2908     		.short	2089
 11425 1054 2A08     		.short	2090
 11426 1056 2B08     		.short	2091
 11427 1058 2C08     		.short	2092
 11428 105a 2D08     		.short	2093
 11429 105c 2E08     		.short	2094
 11430 105e 2F08     		.short	2095
 11431 1060 3008     		.short	2096
 11432 1062 3108     		.short	2097
 11433 1064 3208     		.short	2098
 11434 1066 3308     		.short	2099
 11435 1068 3408     		.short	2100
 11436 106a 3508     		.short	2101
 11437 106c 3608     		.short	2102
 11438 106e 3708     		.short	2103
 11439 1070 3808     		.short	2104
 11440 1072 3908     		.short	2105
 11441 1074 3A08     		.short	2106
 11442 1076 3B08     		.short	2107
 11443 1078 3C08     		.short	2108
 11444 107a 3D08     		.short	2109
 11445 107c 3E08     		.short	2110
 11446 107e 3F08     		.short	2111
 11447 1080 4008     		.short	2112
 11448 1082 4108     		.short	2113
 11449 1084 4208     		.short	2114
 11450 1086 4308     		.short	2115
 11451 1088 4408     		.short	2116
 11452 108a 4508     		.short	2117
 11453 108c 4608     		.short	2118
 11454 108e 4708     		.short	2119
 11455 1090 4808     		.short	2120
 11456 1092 4908     		.short	2121
 11457 1094 4A08     		.short	2122
 11458 1096 4B08     		.short	2123
 11459 1098 4C08     		.short	2124
 11460 109a 4D08     		.short	2125
 11461 109c 4E08     		.short	2126
 11462 109e 4F08     		.short	2127
 11463 10a0 5008     		.short	2128
 11464 10a2 5108     		.short	2129
 11465 10a4 5208     		.short	2130
 11466 10a6 5308     		.short	2131
 11467 10a8 5408     		.short	2132
 11468 10aa 5508     		.short	2133
 11469 10ac 5608     		.short	2134
 11470 10ae 5708     		.short	2135
 11471 10b0 5808     		.short	2136
 11472 10b2 5908     		.short	2137
 11473 10b4 5A08     		.short	2138
 11474 10b6 5B08     		.short	2139
 11475 10b8 00000000 		.space	3910
 11475      00000000 
 11475      00000000 
 11475      00000000 
 11475      00000000 
ARM GAS  C:\Users\maraz\AppData\Local\Temp\ccyEBQ4t.s 			page 232


 11476              		.global	sineLUT
 11477              		.section	.data.sineLUT,"aw"
 11478              		.align	2
 11481              	sineLUT:
 11482 0000 0008     		.short	2048
 11483 0002 0308     		.short	2051
 11484 0004 0608     		.short	2054
 11485 0006 0908     		.short	2057
 11486 0008 0C08     		.short	2060
 11487 000a 0F08     		.short	2063
 11488 000c 1208     		.short	2066
 11489 000e 1508     		.short	2069
 11490 0010 1908     		.short	2073
 11491 0012 1C08     		.short	2076
 11492 0014 1F08     		.short	2079
 11493 0016 2208     		.short	2082
 11494 0018 2508     		.short	2085
 11495 001a 2808     		.short	2088
 11496 001c 2B08     		.short	2091
 11497 001e 2F08     		.short	2095
 11498 0020 3208     		.short	2098
 11499 0022 3508     		.short	2101
 11500 0024 3808     		.short	2104
 11501 0026 3B08     		.short	2107
 11502 0028 3E08     		.short	2110
 11503 002a 4108     		.short	2113
 11504 002c 4508     		.short	2117
 11505 002e 4808     		.short	2120
 11506 0030 4B08     		.short	2123
 11507 0032 4E08     		.short	2126
 11508 0034 5108     		.short	2129
 11509 0036 5408     		.short	2132
 11510 0038 5708     		.short	2135
 11511 003a 5B08     		.short	2139
 11512 003c 5E08     		.short	2142
 11513 003e 6108     		.short	2145
 11514 0040 6408     		.short	2148
 11515 0042 6708     		.short	2151
 11516 0044 6A08     		.short	2154
 11517 0046 6D08     		.short	2157
 11518 0048 7108     		.short	2161
 11519 004a 7408     		.short	2164
 11520 004c 7708     		.short	2167
 11521 004e 7A08     		.short	2170
 11522 0050 7D08     		.short	2173
 11523 0052 8008     		.short	2176
 11524 0054 8308     		.short	2179
 11525 0056 8608     		.short	2182
 11526 0058 8A08     		.short	2186
 11527 005a 8D08     		.short	2189
 11528 005c 9008     		.short	2192
 11529 005e 9308     		.short	2195
 11530 0060 9608     		.short	2198
 11531 0062 9908     		.short	2201
 11532 0064 9C08     		.short	2204
 11533 0066 A008     		.short	2208
 11534 0068 A308     		.short	2211
ARM GAS  C:\Users\maraz\AppData\Local\Temp\ccyEBQ4t.s 			page 233


 11535 006a A608     		.short	2214
 11536 006c A908     		.short	2217
 11537 006e AC08     		.short	2220
 11538 0070 AF08     		.short	2223
 11539 0072 B208     		.short	2226
 11540 0074 B508     		.short	2229
 11541 0076 B908     		.short	2233
 11542 0078 BC08     		.short	2236
 11543 007a BF08     		.short	2239
 11544 007c C208     		.short	2242
 11545 007e C508     		.short	2245
 11546 0080 C808     		.short	2248
 11547 0082 CB08     		.short	2251
 11548 0084 CE08     		.short	2254
 11549 0086 D208     		.short	2258
 11550 0088 D508     		.short	2261
 11551 008a D808     		.short	2264
 11552 008c DB08     		.short	2267
 11553 008e DE08     		.short	2270
 11554 0090 E108     		.short	2273
 11555 0092 E408     		.short	2276
 11556 0094 E708     		.short	2279
 11557 0096 EB08     		.short	2283
 11558 0098 EE08     		.short	2286
 11559 009a F108     		.short	2289
 11560 009c F408     		.short	2292
 11561 009e F708     		.short	2295
 11562 00a0 FA08     		.short	2298
 11563 00a2 FD08     		.short	2301
 11564 00a4 0009     		.short	2304
 11565 00a6 0309     		.short	2307
 11566 00a8 0709     		.short	2311
 11567 00aa 0A09     		.short	2314
 11568 00ac 0D09     		.short	2317
 11569 00ae 1009     		.short	2320
 11570 00b0 1309     		.short	2323
 11571 00b2 1609     		.short	2326
 11572 00b4 1909     		.short	2329
 11573 00b6 1C09     		.short	2332
 11574 00b8 1F09     		.short	2335
 11575 00ba 2309     		.short	2339
 11576 00bc 2609     		.short	2342
 11577 00be 2909     		.short	2345
 11578 00c0 2C09     		.short	2348
 11579 00c2 2F09     		.short	2351
 11580 00c4 3209     		.short	2354
 11581 00c6 3509     		.short	2357
 11582 00c8 3809     		.short	2360
 11583 00ca 3B09     		.short	2363
 11584 00cc 3F09     		.short	2367
 11585 00ce 4209     		.short	2370
 11586 00d0 4509     		.short	2373
 11587 00d2 4809     		.short	2376
 11588 00d4 4B09     		.short	2379
 11589 00d6 4E09     		.short	2382
 11590 00d8 5109     		.short	2385
 11591 00da 5409     		.short	2388
ARM GAS  C:\Users\maraz\AppData\Local\Temp\ccyEBQ4t.s 			page 234


 11592 00dc 5709     		.short	2391
 11593 00de 5A09     		.short	2394
 11594 00e0 5E09     		.short	2398
 11595 00e2 6109     		.short	2401
 11596 00e4 6409     		.short	2404
 11597 00e6 6709     		.short	2407
 11598 00e8 6A09     		.short	2410
 11599 00ea 6D09     		.short	2413
 11600 00ec 7009     		.short	2416
 11601 00ee 7309     		.short	2419
 11602 00f0 7609     		.short	2422
 11603 00f2 7909     		.short	2425
 11604 00f4 7C09     		.short	2428
 11605 00f6 8009     		.short	2432
 11606 00f8 8309     		.short	2435
 11607 00fa 8609     		.short	2438
 11608 00fc 8909     		.short	2441
 11609 00fe 8C09     		.short	2444
 11610 0100 8F09     		.short	2447
 11611 0102 9209     		.short	2450
 11612 0104 9509     		.short	2453
 11613 0106 9809     		.short	2456
 11614 0108 9B09     		.short	2459
 11615 010a 9E09     		.short	2462
 11616 010c A109     		.short	2465
 11617 010e A409     		.short	2468
 11618 0110 A809     		.short	2472
 11619 0112 AB09     		.short	2475
 11620 0114 AE09     		.short	2478
 11621 0116 B109     		.short	2481
 11622 0118 B409     		.short	2484
 11623 011a B709     		.short	2487
 11624 011c BA09     		.short	2490
 11625 011e BD09     		.short	2493
 11626 0120 C009     		.short	2496
 11627 0122 C309     		.short	2499
 11628 0124 C609     		.short	2502
 11629 0126 C909     		.short	2505
 11630 0128 CC09     		.short	2508
 11631 012a CF09     		.short	2511
 11632 012c D209     		.short	2514
 11633 012e D609     		.short	2518
 11634 0130 D909     		.short	2521
 11635 0132 DC09     		.short	2524
 11636 0134 DF09     		.short	2527
 11637 0136 E209     		.short	2530
 11638 0138 E509     		.short	2533
 11639 013a E809     		.short	2536
 11640 013c EB09     		.short	2539
 11641 013e EE09     		.short	2542
 11642 0140 F109     		.short	2545
 11643 0142 F409     		.short	2548
 11644 0144 F709     		.short	2551
 11645 0146 FA09     		.short	2554
 11646 0148 FD09     		.short	2557
 11647 014a 000A     		.short	2560
 11648 014c 030A     		.short	2563
ARM GAS  C:\Users\maraz\AppData\Local\Temp\ccyEBQ4t.s 			page 235


 11649 014e 060A     		.short	2566
 11650 0150 090A     		.short	2569
 11651 0152 0C0A     		.short	2572
 11652 0154 0F0A     		.short	2575
 11653 0156 120A     		.short	2578
 11654 0158 150A     		.short	2581
 11655 015a 190A     		.short	2585
 11656 015c 1C0A     		.short	2588
 11657 015e 1F0A     		.short	2591
 11658 0160 220A     		.short	2594
 11659 0162 250A     		.short	2597
 11660 0164 280A     		.short	2600
 11661 0166 2B0A     		.short	2603
 11662 0168 2E0A     		.short	2606
 11663 016a 310A     		.short	2609
 11664 016c 340A     		.short	2612
 11665 016e 370A     		.short	2615
 11666 0170 3A0A     		.short	2618
 11667 0172 3D0A     		.short	2621
 11668 0174 400A     		.short	2624
 11669 0176 430A     		.short	2627
 11670 0178 460A     		.short	2630
 11671 017a 490A     		.short	2633
 11672 017c 4C0A     		.short	2636
 11673 017e 4F0A     		.short	2639
 11674 0180 520A     		.short	2642
 11675 0182 550A     		.short	2645
 11676 0184 580A     		.short	2648
 11677 0186 5B0A     		.short	2651
 11678 0188 5E0A     		.short	2654
 11679 018a 610A     		.short	2657
 11680 018c 640A     		.short	2660
 11681 018e 670A     		.short	2663
 11682 0190 6A0A     		.short	2666
 11683 0192 6D0A     		.short	2669
 11684 0194 700A     		.short	2672
 11685 0196 730A     		.short	2675
 11686 0198 760A     		.short	2678
 11687 019a 790A     		.short	2681
 11688 019c 7C0A     		.short	2684
 11689 019e 7F0A     		.short	2687
 11690 01a0 820A     		.short	2690
 11691 01a2 850A     		.short	2693
 11692 01a4 880A     		.short	2696
 11693 01a6 8B0A     		.short	2699
 11694 01a8 8E0A     		.short	2702
 11695 01aa 910A     		.short	2705
 11696 01ac 940A     		.short	2708
 11697 01ae 970A     		.short	2711
 11698 01b0 9A0A     		.short	2714
 11699 01b2 9D0A     		.short	2717
 11700 01b4 A00A     		.short	2720
 11701 01b6 A20A     		.short	2722
 11702 01b8 A50A     		.short	2725
 11703 01ba A80A     		.short	2728
 11704 01bc AB0A     		.short	2731
 11705 01be AE0A     		.short	2734
ARM GAS  C:\Users\maraz\AppData\Local\Temp\ccyEBQ4t.s 			page 236


 11706 01c0 B10A     		.short	2737
 11707 01c2 B40A     		.short	2740
 11708 01c4 B70A     		.short	2743
 11709 01c6 BA0A     		.short	2746
 11710 01c8 BD0A     		.short	2749
 11711 01ca C00A     		.short	2752
 11712 01cc C30A     		.short	2755
 11713 01ce C60A     		.short	2758
 11714 01d0 C90A     		.short	2761
 11715 01d2 CC0A     		.short	2764
 11716 01d4 CF0A     		.short	2767
 11717 01d6 D20A     		.short	2770
 11718 01d8 D50A     		.short	2773
 11719 01da D80A     		.short	2776
 11720 01dc DB0A     		.short	2779
 11721 01de DD0A     		.short	2781
 11722 01e0 E00A     		.short	2784
 11723 01e2 E30A     		.short	2787
 11724 01e4 E60A     		.short	2790
 11725 01e6 E90A     		.short	2793
 11726 01e8 EC0A     		.short	2796
 11727 01ea EF0A     		.short	2799
 11728 01ec F20A     		.short	2802
 11729 01ee F50A     		.short	2805
 11730 01f0 F80A     		.short	2808
 11731 01f2 FB0A     		.short	2811
 11732 01f4 FE0A     		.short	2814
 11733 01f6 010B     		.short	2817
 11734 01f8 030B     		.short	2819
 11735 01fa 060B     		.short	2822
 11736 01fc 090B     		.short	2825
 11737 01fe 0C0B     		.short	2828
 11738 0200 0F0B     		.short	2831
 11739 0202 120B     		.short	2834
 11740 0204 150B     		.short	2837
 11741 0206 180B     		.short	2840
 11742 0208 1B0B     		.short	2843
 11743 020a 1E0B     		.short	2846
 11744 020c 200B     		.short	2848
 11745 020e 230B     		.short	2851
 11746 0210 260B     		.short	2854
 11747 0212 290B     		.short	2857
 11748 0214 2C0B     		.short	2860
 11749 0216 2F0B     		.short	2863
 11750 0218 320B     		.short	2866
 11751 021a 350B     		.short	2869
 11752 021c 370B     		.short	2871
 11753 021e 3A0B     		.short	2874
 11754 0220 3D0B     		.short	2877
 11755 0222 400B     		.short	2880
 11756 0224 430B     		.short	2883
 11757 0226 460B     		.short	2886
 11758 0228 490B     		.short	2889
 11759 022a 4C0B     		.short	2892
 11760 022c 4E0B     		.short	2894
 11761 022e 510B     		.short	2897
 11762 0230 540B     		.short	2900
ARM GAS  C:\Users\maraz\AppData\Local\Temp\ccyEBQ4t.s 			page 237


 11763 0232 570B     		.short	2903
 11764 0234 5A0B     		.short	2906
 11765 0236 5D0B     		.short	2909
 11766 0238 600B     		.short	2912
 11767 023a 620B     		.short	2914
 11768 023c 650B     		.short	2917
 11769 023e 680B     		.short	2920
 11770 0240 6B0B     		.short	2923
 11771 0242 6E0B     		.short	2926
 11772 0244 710B     		.short	2929
 11773 0246 730B     		.short	2931
 11774 0248 760B     		.short	2934
 11775 024a 790B     		.short	2937
 11776 024c 7C0B     		.short	2940
 11777 024e 7F0B     		.short	2943
 11778 0250 820B     		.short	2946
 11779 0252 840B     		.short	2948
 11780 0254 870B     		.short	2951
 11781 0256 8A0B     		.short	2954
 11782 0258 8D0B     		.short	2957
 11783 025a 900B     		.short	2960
 11784 025c 920B     		.short	2962
 11785 025e 950B     		.short	2965
 11786 0260 980B     		.short	2968
 11787 0262 9B0B     		.short	2971
 11788 0264 9E0B     		.short	2974
 11789 0266 A00B     		.short	2976
 11790 0268 A30B     		.short	2979
 11791 026a A60B     		.short	2982
 11792 026c A90B     		.short	2985
 11793 026e AC0B     		.short	2988
 11794 0270 AE0B     		.short	2990
 11795 0272 B10B     		.short	2993
 11796 0274 B40B     		.short	2996
 11797 0276 B70B     		.short	2999
 11798 0278 BA0B     		.short	3002
 11799 027a BC0B     		.short	3004
 11800 027c BF0B     		.short	3007
 11801 027e C20B     		.short	3010
 11802 0280 C50B     		.short	3013
 11803 0282 C70B     		.short	3015
 11804 0284 CA0B     		.short	3018
 11805 0286 CD0B     		.short	3021
 11806 0288 D00B     		.short	3024
 11807 028a D20B     		.short	3026
 11808 028c D50B     		.short	3029
 11809 028e D80B     		.short	3032
 11810 0290 DB0B     		.short	3035
 11811 0292 DE0B     		.short	3038
 11812 0294 E00B     		.short	3040
 11813 0296 E30B     		.short	3043
 11814 0298 E60B     		.short	3046
 11815 029a E80B     		.short	3048
 11816 029c EB0B     		.short	3051
 11817 029e EE0B     		.short	3054
 11818 02a0 F10B     		.short	3057
 11819 02a2 F30B     		.short	3059
ARM GAS  C:\Users\maraz\AppData\Local\Temp\ccyEBQ4t.s 			page 238


 11820 02a4 F60B     		.short	3062
 11821 02a6 F90B     		.short	3065
 11822 02a8 FC0B     		.short	3068
 11823 02aa FE0B     		.short	3070
 11824 02ac 010C     		.short	3073
 11825 02ae 040C     		.short	3076
 11826 02b0 060C     		.short	3078
 11827 02b2 090C     		.short	3081
 11828 02b4 0C0C     		.short	3084
 11829 02b6 0F0C     		.short	3087
 11830 02b8 110C     		.short	3089
 11831 02ba 140C     		.short	3092
 11832 02bc 170C     		.short	3095
 11833 02be 190C     		.short	3097
 11834 02c0 1C0C     		.short	3100
 11835 02c2 1F0C     		.short	3103
 11836 02c4 210C     		.short	3105
 11837 02c6 240C     		.short	3108
 11838 02c8 270C     		.short	3111
 11839 02ca 2A0C     		.short	3114
 11840 02cc 2C0C     		.short	3116
 11841 02ce 2F0C     		.short	3119
 11842 02d0 320C     		.short	3122
 11843 02d2 340C     		.short	3124
 11844 02d4 370C     		.short	3127
 11845 02d6 3A0C     		.short	3130
 11846 02d8 3C0C     		.short	3132
 11847 02da 3F0C     		.short	3135
 11848 02dc 420C     		.short	3138
 11849 02de 440C     		.short	3140
 11850 02e0 470C     		.short	3143
 11851 02e2 4A0C     		.short	3146
 11852 02e4 4C0C     		.short	3148
 11853 02e6 4F0C     		.short	3151
 11854 02e8 510C     		.short	3153
 11855 02ea 540C     		.short	3156
 11856 02ec 570C     		.short	3159
 11857 02ee 590C     		.short	3161
 11858 02f0 5C0C     		.short	3164
 11859 02f2 5F0C     		.short	3167
 11860 02f4 610C     		.short	3169
 11861 02f6 640C     		.short	3172
 11862 02f8 670C     		.short	3175
 11863 02fa 690C     		.short	3177
 11864 02fc 6C0C     		.short	3180
 11865 02fe 6E0C     		.short	3182
 11866 0300 710C     		.short	3185
 11867 0302 740C     		.short	3188
 11868 0304 760C     		.short	3190
 11869 0306 790C     		.short	3193
 11870 0308 7B0C     		.short	3195
 11871 030a 7E0C     		.short	3198
 11872 030c 810C     		.short	3201
 11873 030e 830C     		.short	3203
 11874 0310 860C     		.short	3206
 11875 0312 880C     		.short	3208
 11876 0314 8B0C     		.short	3211
ARM GAS  C:\Users\maraz\AppData\Local\Temp\ccyEBQ4t.s 			page 239


 11877 0316 8E0C     		.short	3214
 11878 0318 900C     		.short	3216
 11879 031a 930C     		.short	3219
 11880 031c 950C     		.short	3221
 11881 031e 980C     		.short	3224
 11882 0320 9A0C     		.short	3226
 11883 0322 9D0C     		.short	3229
 11884 0324 A00C     		.short	3232
 11885 0326 A20C     		.short	3234
 11886 0328 A50C     		.short	3237
 11887 032a A70C     		.short	3239
 11888 032c AA0C     		.short	3242
 11889 032e AC0C     		.short	3244
 11890 0330 AF0C     		.short	3247
 11891 0332 B10C     		.short	3249
 11892 0334 B40C     		.short	3252
 11893 0336 B70C     		.short	3255
 11894 0338 B90C     		.short	3257
 11895 033a BC0C     		.short	3260
 11896 033c BE0C     		.short	3262
 11897 033e C10C     		.short	3265
 11898 0340 C30C     		.short	3267
 11899 0342 C60C     		.short	3270
 11900 0344 C80C     		.short	3272
 11901 0346 CB0C     		.short	3275
 11902 0348 CD0C     		.short	3277
 11903 034a D00C     		.short	3280
 11904 034c D20C     		.short	3282
 11905 034e D50C     		.short	3285
 11906 0350 D70C     		.short	3287
 11907 0352 DA0C     		.short	3290
 11908 0354 DC0C     		.short	3292
 11909 0356 DF0C     		.short	3295
 11910 0358 E10C     		.short	3297
 11911 035a E40C     		.short	3300
 11912 035c E60C     		.short	3302
 11913 035e E90C     		.short	3305
 11914 0360 EB0C     		.short	3307
 11915 0362 EE0C     		.short	3310
 11916 0364 F00C     		.short	3312
 11917 0366 F30C     		.short	3315
 11918 0368 F50C     		.short	3317
 11919 036a F70C     		.short	3319
 11920 036c FA0C     		.short	3322
 11921 036e FC0C     		.short	3324
 11922 0370 FF0C     		.short	3327
 11923 0372 010D     		.short	3329
 11924 0374 040D     		.short	3332
 11925 0376 060D     		.short	3334
 11926 0378 090D     		.short	3337
 11927 037a 0B0D     		.short	3339
 11928 037c 0E0D     		.short	3342
 11929 037e 100D     		.short	3344
 11930 0380 120D     		.short	3346
 11931 0382 150D     		.short	3349
 11932 0384 170D     		.short	3351
 11933 0386 1A0D     		.short	3354
ARM GAS  C:\Users\maraz\AppData\Local\Temp\ccyEBQ4t.s 			page 240


 11934 0388 1C0D     		.short	3356
 11935 038a 1E0D     		.short	3358
 11936 038c 210D     		.short	3361
 11937 038e 230D     		.short	3363
 11938 0390 260D     		.short	3366
 11939 0392 280D     		.short	3368
 11940 0394 2A0D     		.short	3370
 11941 0396 2D0D     		.short	3373
 11942 0398 2F0D     		.short	3375
 11943 039a 320D     		.short	3378
 11944 039c 340D     		.short	3380
 11945 039e 360D     		.short	3382
 11946 03a0 390D     		.short	3385
 11947 03a2 3B0D     		.short	3387
 11948 03a4 3E0D     		.short	3390
 11949 03a6 400D     		.short	3392
 11950 03a8 420D     		.short	3394
 11951 03aa 450D     		.short	3397
 11952 03ac 470D     		.short	3399
 11953 03ae 490D     		.short	3401
 11954 03b0 4C0D     		.short	3404
 11955 03b2 4E0D     		.short	3406
 11956 03b4 500D     		.short	3408
 11957 03b6 530D     		.short	3411
 11958 03b8 550D     		.short	3413
 11959 03ba 570D     		.short	3415
 11960 03bc 5A0D     		.short	3418
 11961 03be 5C0D     		.short	3420
 11962 03c0 5E0D     		.short	3422
 11963 03c2 610D     		.short	3425
 11964 03c4 630D     		.short	3427
 11965 03c6 650D     		.short	3429
 11966 03c8 680D     		.short	3432
 11967 03ca 6A0D     		.short	3434
 11968 03cc 6C0D     		.short	3436
 11969 03ce 6F0D     		.short	3439
 11970 03d0 710D     		.short	3441
 11971 03d2 730D     		.short	3443
 11972 03d4 760D     		.short	3446
 11973 03d6 780D     		.short	3448
 11974 03d8 7A0D     		.short	3450
 11975 03da 7C0D     		.short	3452
 11976 03dc 7F0D     		.short	3455
 11977 03de 810D     		.short	3457
 11978 03e0 830D     		.short	3459
 11979 03e2 860D     		.short	3462
 11980 03e4 880D     		.short	3464
 11981 03e6 8A0D     		.short	3466
 11982 03e8 8C0D     		.short	3468
 11983 03ea 8F0D     		.short	3471
 11984 03ec 910D     		.short	3473
 11985 03ee 930D     		.short	3475
 11986 03f0 950D     		.short	3477
 11987 03f2 980D     		.short	3480
 11988 03f4 9A0D     		.short	3482
 11989 03f6 9C0D     		.short	3484
 11990 03f8 9E0D     		.short	3486
ARM GAS  C:\Users\maraz\AppData\Local\Temp\ccyEBQ4t.s 			page 241


 11991 03fa A10D     		.short	3489
 11992 03fc A30D     		.short	3491
 11993 03fe A50D     		.short	3493
 11994 0400 A70D     		.short	3495
 11995 0402 A90D     		.short	3497
 11996 0404 AC0D     		.short	3500
 11997 0406 AE0D     		.short	3502
 11998 0408 B00D     		.short	3504
 11999 040a B20D     		.short	3506
 12000 040c B40D     		.short	3508
 12001 040e B70D     		.short	3511
 12002 0410 B90D     		.short	3513
 12003 0412 BB0D     		.short	3515
 12004 0414 BD0D     		.short	3517
 12005 0416 BF0D     		.short	3519
 12006 0418 C20D     		.short	3522
 12007 041a C40D     		.short	3524
 12008 041c C60D     		.short	3526
 12009 041e C80D     		.short	3528
 12010 0420 CA0D     		.short	3530
 12011 0422 CC0D     		.short	3532
 12012 0424 CF0D     		.short	3535
 12013 0426 D10D     		.short	3537
 12014 0428 D30D     		.short	3539
 12015 042a D50D     		.short	3541
 12016 042c D70D     		.short	3543
 12017 042e D90D     		.short	3545
 12018 0430 DC0D     		.short	3548
 12019 0432 DE0D     		.short	3550
 12020 0434 E00D     		.short	3552
 12021 0436 E20D     		.short	3554
 12022 0438 E40D     		.short	3556
 12023 043a E60D     		.short	3558
 12024 043c E80D     		.short	3560
 12025 043e EA0D     		.short	3562
 12026 0440 ED0D     		.short	3565
 12027 0442 EF0D     		.short	3567
 12028 0444 F10D     		.short	3569
 12029 0446 F30D     		.short	3571
 12030 0448 F50D     		.short	3573
 12031 044a F70D     		.short	3575
 12032 044c F90D     		.short	3577
 12033 044e FB0D     		.short	3579
 12034 0450 FD0D     		.short	3581
 12035 0452 FF0D     		.short	3583
 12036 0454 010E     		.short	3585
 12037 0456 030E     		.short	3587
 12038 0458 060E     		.short	3590
 12039 045a 080E     		.short	3592
 12040 045c 0A0E     		.short	3594
 12041 045e 0C0E     		.short	3596
 12042 0460 0E0E     		.short	3598
 12043 0462 100E     		.short	3600
 12044 0464 120E     		.short	3602
 12045 0466 140E     		.short	3604
 12046 0468 160E     		.short	3606
 12047 046a 180E     		.short	3608
ARM GAS  C:\Users\maraz\AppData\Local\Temp\ccyEBQ4t.s 			page 242


 12048 046c 1A0E     		.short	3610
 12049 046e 1C0E     		.short	3612
 12050 0470 1E0E     		.short	3614
 12051 0472 200E     		.short	3616
 12052 0474 220E     		.short	3618
 12053 0476 240E     		.short	3620
 12054 0478 260E     		.short	3622
 12055 047a 280E     		.short	3624
 12056 047c 2A0E     		.short	3626
 12057 047e 2C0E     		.short	3628
 12058 0480 2E0E     		.short	3630
 12059 0482 300E     		.short	3632
 12060 0484 320E     		.short	3634
 12061 0486 340E     		.short	3636
 12062 0488 360E     		.short	3638
 12063 048a 380E     		.short	3640
 12064 048c 3A0E     		.short	3642
 12065 048e 3C0E     		.short	3644
 12066 0490 3E0E     		.short	3646
 12067 0492 400E     		.short	3648
 12068 0494 420E     		.short	3650
 12069 0496 440E     		.short	3652
 12070 0498 460E     		.short	3654
 12071 049a 480E     		.short	3656
 12072 049c 4A0E     		.short	3658
 12073 049e 4C0E     		.short	3660
 12074 04a0 4E0E     		.short	3662
 12075 04a2 4F0E     		.short	3663
 12076 04a4 510E     		.short	3665
 12077 04a6 530E     		.short	3667
 12078 04a8 550E     		.short	3669
 12079 04aa 570E     		.short	3671
 12080 04ac 590E     		.short	3673
 12081 04ae 5B0E     		.short	3675
 12082 04b0 5D0E     		.short	3677
 12083 04b2 5F0E     		.short	3679
 12084 04b4 610E     		.short	3681
 12085 04b6 630E     		.short	3683
 12086 04b8 640E     		.short	3684
 12087 04ba 660E     		.short	3686
 12088 04bc 680E     		.short	3688
 12089 04be 6A0E     		.short	3690
 12090 04c0 6C0E     		.short	3692
 12091 04c2 6E0E     		.short	3694
 12092 04c4 700E     		.short	3696
 12093 04c6 720E     		.short	3698
 12094 04c8 730E     		.short	3699
 12095 04ca 750E     		.short	3701
 12096 04cc 770E     		.short	3703
 12097 04ce 790E     		.short	3705
 12098 04d0 7B0E     		.short	3707
 12099 04d2 7D0E     		.short	3709
 12100 04d4 7E0E     		.short	3710
 12101 04d6 800E     		.short	3712
 12102 04d8 820E     		.short	3714
 12103 04da 840E     		.short	3716
 12104 04dc 860E     		.short	3718
ARM GAS  C:\Users\maraz\AppData\Local\Temp\ccyEBQ4t.s 			page 243


 12105 04de 880E     		.short	3720
 12106 04e0 890E     		.short	3721
 12107 04e2 8B0E     		.short	3723
 12108 04e4 8D0E     		.short	3725
 12109 04e6 8F0E     		.short	3727
 12110 04e8 910E     		.short	3729
 12111 04ea 920E     		.short	3730
 12112 04ec 940E     		.short	3732
 12113 04ee 960E     		.short	3734
 12114 04f0 980E     		.short	3736
 12115 04f2 990E     		.short	3737
 12116 04f4 9B0E     		.short	3739
 12117 04f6 9D0E     		.short	3741
 12118 04f8 9F0E     		.short	3743
 12119 04fa A10E     		.short	3745
 12120 04fc A20E     		.short	3746
 12121 04fe A40E     		.short	3748
 12122 0500 A60E     		.short	3750
 12123 0502 A80E     		.short	3752
 12124 0504 A90E     		.short	3753
 12125 0506 AB0E     		.short	3755
 12126 0508 AD0E     		.short	3757
 12127 050a AE0E     		.short	3758
 12128 050c B00E     		.short	3760
 12129 050e B20E     		.short	3762
 12130 0510 B40E     		.short	3764
 12131 0512 B50E     		.short	3765
 12132 0514 B70E     		.short	3767
 12133 0516 B90E     		.short	3769
 12134 0518 BA0E     		.short	3770
 12135 051a BC0E     		.short	3772
 12136 051c BE0E     		.short	3774
 12137 051e C00E     		.short	3776
 12138 0520 C10E     		.short	3777
 12139 0522 C30E     		.short	3779
 12140 0524 C50E     		.short	3781
 12141 0526 C60E     		.short	3782
 12142 0528 C80E     		.short	3784
 12143 052a CA0E     		.short	3786
 12144 052c CB0E     		.short	3787
 12145 052e CD0E     		.short	3789
 12146 0530 CE0E     		.short	3790
 12147 0532 D00E     		.short	3792
 12148 0534 D20E     		.short	3794
 12149 0536 D30E     		.short	3795
 12150 0538 D50E     		.short	3797
 12151 053a D70E     		.short	3799
 12152 053c D80E     		.short	3800
 12153 053e DA0E     		.short	3802
 12154 0540 DC0E     		.short	3804
 12155 0542 DD0E     		.short	3805
 12156 0544 DF0E     		.short	3807
 12157 0546 E00E     		.short	3808
 12158 0548 E20E     		.short	3810
 12159 054a E40E     		.short	3812
 12160 054c E50E     		.short	3813
 12161 054e E70E     		.short	3815
ARM GAS  C:\Users\maraz\AppData\Local\Temp\ccyEBQ4t.s 			page 244


 12162 0550 E80E     		.short	3816
 12163 0552 EA0E     		.short	3818
 12164 0554 EB0E     		.short	3819
 12165 0556 ED0E     		.short	3821
 12166 0558 EF0E     		.short	3823
 12167 055a F00E     		.short	3824
 12168 055c F20E     		.short	3826
 12169 055e F30E     		.short	3827
 12170 0560 F50E     		.short	3829
 12171 0562 F60E     		.short	3830
 12172 0564 F80E     		.short	3832
 12173 0566 F90E     		.short	3833
 12174 0568 FB0E     		.short	3835
 12175 056a FD0E     		.short	3837
 12176 056c FE0E     		.short	3838
 12177 056e 000F     		.short	3840
 12178 0570 010F     		.short	3841
 12179 0572 030F     		.short	3843
 12180 0574 040F     		.short	3844
 12181 0576 060F     		.short	3846
 12182 0578 070F     		.short	3847
 12183 057a 090F     		.short	3849
 12184 057c 0A0F     		.short	3850
 12185 057e 0C0F     		.short	3852
 12186 0580 0D0F     		.short	3853
 12187 0582 0F0F     		.short	3855
 12188 0584 100F     		.short	3856
 12189 0586 110F     		.short	3857
 12190 0588 130F     		.short	3859
 12191 058a 140F     		.short	3860
 12192 058c 160F     		.short	3862
 12193 058e 170F     		.short	3863
 12194 0590 190F     		.short	3865
 12195 0592 1A0F     		.short	3866
 12196 0594 1C0F     		.short	3868
 12197 0596 1D0F     		.short	3869
 12198 0598 1E0F     		.short	3870
 12199 059a 200F     		.short	3872
 12200 059c 210F     		.short	3873
 12201 059e 230F     		.short	3875
 12202 05a0 240F     		.short	3876
 12203 05a2 260F     		.short	3878
 12204 05a4 270F     		.short	3879
 12205 05a6 280F     		.short	3880
 12206 05a8 2A0F     		.short	3882
 12207 05aa 2B0F     		.short	3883
 12208 05ac 2D0F     		.short	3885
 12209 05ae 2E0F     		.short	3886
 12210 05b0 2F0F     		.short	3887
 12211 05b2 310F     		.short	3889
 12212 05b4 320F     		.short	3890
 12213 05b6 330F     		.short	3891
 12214 05b8 350F     		.short	3893
 12215 05ba 360F     		.short	3894
 12216 05bc 380F     		.short	3896
 12217 05be 390F     		.short	3897
 12218 05c0 3A0F     		.short	3898
ARM GAS  C:\Users\maraz\AppData\Local\Temp\ccyEBQ4t.s 			page 245


 12219 05c2 3C0F     		.short	3900
 12220 05c4 3D0F     		.short	3901
 12221 05c6 3E0F     		.short	3902
 12222 05c8 400F     		.short	3904
 12223 05ca 410F     		.short	3905
 12224 05cc 420F     		.short	3906
 12225 05ce 430F     		.short	3907
 12226 05d0 450F     		.short	3909
 12227 05d2 460F     		.short	3910
 12228 05d4 470F     		.short	3911
 12229 05d6 490F     		.short	3913
 12230 05d8 4A0F     		.short	3914
 12231 05da 4B0F     		.short	3915
 12232 05dc 4D0F     		.short	3917
 12233 05de 4E0F     		.short	3918
 12234 05e0 4F0F     		.short	3919
 12235 05e2 500F     		.short	3920
 12236 05e4 520F     		.short	3922
 12237 05e6 530F     		.short	3923
 12238 05e8 540F     		.short	3924
 12239 05ea 550F     		.short	3925
 12240 05ec 570F     		.short	3927
 12241 05ee 580F     		.short	3928
 12242 05f0 590F     		.short	3929
 12243 05f2 5A0F     		.short	3930
 12244 05f4 5C0F     		.short	3932
 12245 05f6 5D0F     		.short	3933
 12246 05f8 5E0F     		.short	3934
 12247 05fa 5F0F     		.short	3935
 12248 05fc 600F     		.short	3936
 12249 05fe 620F     		.short	3938
 12250 0600 630F     		.short	3939
 12251 0602 640F     		.short	3940
 12252 0604 650F     		.short	3941
 12253 0606 660F     		.short	3942
 12254 0608 680F     		.short	3944
 12255 060a 690F     		.short	3945
 12256 060c 6A0F     		.short	3946
 12257 060e 6B0F     		.short	3947
 12258 0610 6C0F     		.short	3948
 12259 0612 6E0F     		.short	3950
 12260 0614 6F0F     		.short	3951
 12261 0616 700F     		.short	3952
 12262 0618 710F     		.short	3953
 12263 061a 720F     		.short	3954
 12264 061c 730F     		.short	3955
 12265 061e 740F     		.short	3956
 12266 0620 760F     		.short	3958
 12267 0622 770F     		.short	3959
 12268 0624 780F     		.short	3960
 12269 0626 790F     		.short	3961
 12270 0628 7A0F     		.short	3962
 12271 062a 7B0F     		.short	3963
 12272 062c 7C0F     		.short	3964
 12273 062e 7D0F     		.short	3965
 12274 0630 7E0F     		.short	3966
 12275 0632 800F     		.short	3968
ARM GAS  C:\Users\maraz\AppData\Local\Temp\ccyEBQ4t.s 			page 246


 12276 0634 810F     		.short	3969
 12277 0636 820F     		.short	3970
 12278 0638 830F     		.short	3971
 12279 063a 840F     		.short	3972
 12280 063c 850F     		.short	3973
 12281 063e 860F     		.short	3974
 12282 0640 870F     		.short	3975
 12283 0642 880F     		.short	3976
 12284 0644 890F     		.short	3977
 12285 0646 8A0F     		.short	3978
 12286 0648 8B0F     		.short	3979
 12287 064a 8C0F     		.short	3980
 12288 064c 8D0F     		.short	3981
 12289 064e 8E0F     		.short	3982
 12290 0650 8F0F     		.short	3983
 12291 0652 900F     		.short	3984
 12292 0654 910F     		.short	3985
 12293 0656 920F     		.short	3986
 12294 0658 930F     		.short	3987
 12295 065a 940F     		.short	3988
 12296 065c 950F     		.short	3989
 12297 065e 960F     		.short	3990
 12298 0660 970F     		.short	3991
 12299 0662 980F     		.short	3992
 12300 0664 990F     		.short	3993
 12301 0666 9A0F     		.short	3994
 12302 0668 9B0F     		.short	3995
 12303 066a 9C0F     		.short	3996
 12304 066c 9D0F     		.short	3997
 12305 066e 9E0F     		.short	3998
 12306 0670 9F0F     		.short	3999
 12307 0672 A00F     		.short	4000
 12308 0674 A10F     		.short	4001
 12309 0676 A20F     		.short	4002
 12310 0678 A30F     		.short	4003
 12311 067a A40F     		.short	4004
 12312 067c A50F     		.short	4005
 12313 067e A60F     		.short	4006
 12314 0680 A70F     		.short	4007
 12315 0682 A70F     		.short	4007
 12316 0684 A80F     		.short	4008
 12317 0686 A90F     		.short	4009
 12318 0688 AA0F     		.short	4010
 12319 068a AB0F     		.short	4011
 12320 068c AC0F     		.short	4012
 12321 068e AD0F     		.short	4013
 12322 0690 AE0F     		.short	4014
 12323 0692 AF0F     		.short	4015
 12324 0694 AF0F     		.short	4015
 12325 0696 B00F     		.short	4016
 12326 0698 B10F     		.short	4017
 12327 069a B20F     		.short	4018
 12328 069c B30F     		.short	4019
 12329 069e B40F     		.short	4020
 12330 06a0 B50F     		.short	4021
 12331 06a2 B50F     		.short	4021
 12332 06a4 B60F     		.short	4022
ARM GAS  C:\Users\maraz\AppData\Local\Temp\ccyEBQ4t.s 			page 247


 12333 06a6 B70F     		.short	4023
 12334 06a8 B80F     		.short	4024
 12335 06aa B90F     		.short	4025
 12336 06ac B90F     		.short	4025
 12337 06ae BA0F     		.short	4026
 12338 06b0 BB0F     		.short	4027
 12339 06b2 BC0F     		.short	4028
 12340 06b4 BD0F     		.short	4029
 12341 06b6 BD0F     		.short	4029
 12342 06b8 BE0F     		.short	4030
 12343 06ba BF0F     		.short	4031
 12344 06bc C00F     		.short	4032
 12345 06be C10F     		.short	4033
 12346 06c0 C10F     		.short	4033
 12347 06c2 C20F     		.short	4034
 12348 06c4 C30F     		.short	4035
 12349 06c6 C40F     		.short	4036
 12350 06c8 C40F     		.short	4036
 12351 06ca C50F     		.short	4037
 12352 06cc C60F     		.short	4038
 12353 06ce C70F     		.short	4039
 12354 06d0 C70F     		.short	4039
 12355 06d2 C80F     		.short	4040
 12356 06d4 C90F     		.short	4041
 12357 06d6 C90F     		.short	4041
 12358 06d8 CA0F     		.short	4042
 12359 06da CB0F     		.short	4043
 12360 06dc CC0F     		.short	4044
 12361 06de CC0F     		.short	4044
 12362 06e0 CD0F     		.short	4045
 12363 06e2 CE0F     		.short	4046
 12364 06e4 CE0F     		.short	4046
 12365 06e6 CF0F     		.short	4047
 12366 06e8 D00F     		.short	4048
 12367 06ea D00F     		.short	4048
 12368 06ec D10F     		.short	4049
 12369 06ee D20F     		.short	4050
 12370 06f0 D20F     		.short	4050
 12371 06f2 D30F     		.short	4051
 12372 06f4 D40F     		.short	4052
 12373 06f6 D40F     		.short	4052
 12374 06f8 D50F     		.short	4053
 12375 06fa D50F     		.short	4053
 12376 06fc D60F     		.short	4054
 12377 06fe D70F     		.short	4055
 12378 0700 D70F     		.short	4055
 12379 0702 D80F     		.short	4056
 12380 0704 D90F     		.short	4057
 12381 0706 D90F     		.short	4057
 12382 0708 DA0F     		.short	4058
 12383 070a DA0F     		.short	4058
 12384 070c DB0F     		.short	4059
 12385 070e DB0F     		.short	4059
 12386 0710 DC0F     		.short	4060
 12387 0712 DD0F     		.short	4061
 12388 0714 DD0F     		.short	4061
 12389 0716 DE0F     		.short	4062
ARM GAS  C:\Users\maraz\AppData\Local\Temp\ccyEBQ4t.s 			page 248


 12390 0718 DE0F     		.short	4062
 12391 071a DF0F     		.short	4063
 12392 071c DF0F     		.short	4063
 12393 071e E00F     		.short	4064
 12394 0720 E00F     		.short	4064
 12395 0722 E10F     		.short	4065
 12396 0724 E20F     		.short	4066
 12397 0726 E20F     		.short	4066
 12398 0728 E30F     		.short	4067
 12399 072a E30F     		.short	4067
 12400 072c E40F     		.short	4068
 12401 072e E40F     		.short	4068
 12402 0730 E50F     		.short	4069
 12403 0732 E50F     		.short	4069
 12404 0734 E60F     		.short	4070
 12405 0736 E60F     		.short	4070
 12406 0738 E70F     		.short	4071
 12407 073a E70F     		.short	4071
 12408 073c E80F     		.short	4072
 12409 073e E80F     		.short	4072
 12410 0740 E80F     		.short	4072
 12411 0742 E90F     		.short	4073
 12412 0744 E90F     		.short	4073
 12413 0746 EA0F     		.short	4074
 12414 0748 EA0F     		.short	4074
 12415 074a EB0F     		.short	4075
 12416 074c EB0F     		.short	4075
 12417 074e EC0F     		.short	4076
 12418 0750 EC0F     		.short	4076
 12419 0752 EC0F     		.short	4076
 12420 0754 ED0F     		.short	4077
 12421 0756 ED0F     		.short	4077
 12422 0758 EE0F     		.short	4078
 12423 075a EE0F     		.short	4078
 12424 075c EE0F     		.short	4078
 12425 075e EF0F     		.short	4079
 12426 0760 EF0F     		.short	4079
 12427 0762 F00F     		.short	4080
 12428 0764 F00F     		.short	4080
 12429 0766 F00F     		.short	4080
 12430 0768 F10F     		.short	4081
 12431 076a F10F     		.short	4081
 12432 076c F10F     		.short	4081
 12433 076e F20F     		.short	4082
 12434 0770 F20F     		.short	4082
 12435 0772 F20F     		.short	4082
 12436 0774 F30F     		.short	4083
 12437 0776 F30F     		.short	4083
 12438 0778 F30F     		.short	4083
 12439 077a F40F     		.short	4084
 12440 077c F40F     		.short	4084
 12441 077e F40F     		.short	4084
 12442 0780 F50F     		.short	4085
 12443 0782 F50F     		.short	4085
 12444 0784 F50F     		.short	4085
 12445 0786 F60F     		.short	4086
 12446 0788 F60F     		.short	4086
ARM GAS  C:\Users\maraz\AppData\Local\Temp\ccyEBQ4t.s 			page 249


 12447 078a F60F     		.short	4086
 12448 078c F60F     		.short	4086
 12449 078e F70F     		.short	4087
 12450 0790 F70F     		.short	4087
 12451 0792 F70F     		.short	4087
 12452 0794 F80F     		.short	4088
 12453 0796 F80F     		.short	4088
 12454 0798 F80F     		.short	4088
 12455 079a F80F     		.short	4088
 12456 079c F90F     		.short	4089
 12457 079e F90F     		.short	4089
 12458 07a0 F90F     		.short	4089
 12459 07a2 F90F     		.short	4089
 12460 07a4 F90F     		.short	4089
 12461 07a6 FA0F     		.short	4090
 12462 07a8 FA0F     		.short	4090
 12463 07aa FA0F     		.short	4090
 12464 07ac FA0F     		.short	4090
 12465 07ae FB0F     		.short	4091
 12466 07b0 FB0F     		.short	4091
 12467 07b2 FB0F     		.short	4091
 12468 07b4 FB0F     		.short	4091
 12469 07b6 FB0F     		.short	4091
 12470 07b8 FB0F     		.short	4091
 12471 07ba FC0F     		.short	4092
 12472 07bc FC0F     		.short	4092
 12473 07be FC0F     		.short	4092
 12474 07c0 FC0F     		.short	4092
 12475 07c2 FC0F     		.short	4092
 12476 07c4 FC0F     		.short	4092
 12477 07c6 FD0F     		.short	4093
 12478 07c8 FD0F     		.short	4093
 12479 07ca FD0F     		.short	4093
 12480 07cc FD0F     		.short	4093
 12481 07ce FD0F     		.short	4093
 12482 07d0 FD0F     		.short	4093
 12483 07d2 FD0F     		.short	4093
 12484 07d4 FD0F     		.short	4093
 12485 07d6 FD0F     		.short	4093
 12486 07d8 FE0F     		.short	4094
 12487 07da FE0F     		.short	4094
 12488 07dc FE0F     		.short	4094
 12489 07de FE0F     		.short	4094
 12490 07e0 FE0F     		.short	4094
 12491 07e2 FE0F     		.short	4094
 12492 07e4 FE0F     		.short	4094
 12493 07e6 FE0F     		.short	4094
 12494 07e8 FE0F     		.short	4094
 12495 07ea FE0F     		.short	4094
 12496 07ec FE0F     		.short	4094
 12497 07ee FE0F     		.short	4094
 12498 07f0 FE0F     		.short	4094
 12499 07f2 FE0F     		.short	4094
 12500 07f4 FE0F     		.short	4094
 12501 07f6 FE0F     		.short	4094
 12502 07f8 FE0F     		.short	4094
 12503 07fa FE0F     		.short	4094
ARM GAS  C:\Users\maraz\AppData\Local\Temp\ccyEBQ4t.s 			page 250


 12504 07fc FE0F     		.short	4094
 12505 07fe FE0F     		.short	4094
 12506 0800 FE0F     		.short	4094
 12507 0802 FE0F     		.short	4094
 12508 0804 FE0F     		.short	4094
 12509 0806 FE0F     		.short	4094
 12510 0808 FE0F     		.short	4094
 12511 080a FE0F     		.short	4094
 12512 080c FE0F     		.short	4094
 12513 080e FE0F     		.short	4094
 12514 0810 FE0F     		.short	4094
 12515 0812 FE0F     		.short	4094
 12516 0814 FE0F     		.short	4094
 12517 0816 FE0F     		.short	4094
 12518 0818 FE0F     		.short	4094
 12519 081a FE0F     		.short	4094
 12520 081c FE0F     		.short	4094
 12521 081e FE0F     		.short	4094
 12522 0820 FE0F     		.short	4094
 12523 0822 FE0F     		.short	4094
 12524 0824 FE0F     		.short	4094
 12525 0826 FE0F     		.short	4094
 12526 0828 FE0F     		.short	4094
 12527 082a FD0F     		.short	4093
 12528 082c FD0F     		.short	4093
 12529 082e FD0F     		.short	4093
 12530 0830 FD0F     		.short	4093
 12531 0832 FD0F     		.short	4093
 12532 0834 FD0F     		.short	4093
 12533 0836 FD0F     		.short	4093
 12534 0838 FD0F     		.short	4093
 12535 083a FC0F     		.short	4092
 12536 083c FC0F     		.short	4092
 12537 083e FC0F     		.short	4092
 12538 0840 FC0F     		.short	4092
 12539 0842 FC0F     		.short	4092
 12540 0844 FC0F     		.short	4092
 12541 0846 FC0F     		.short	4092
 12542 0848 FB0F     		.short	4091
 12543 084a FB0F     		.short	4091
 12544 084c FB0F     		.short	4091
 12545 084e FB0F     		.short	4091
 12546 0850 FB0F     		.short	4091
 12547 0852 FA0F     		.short	4090
 12548 0854 FA0F     		.short	4090
 12549 0856 FA0F     		.short	4090
 12550 0858 FA0F     		.short	4090
 12551 085a FA0F     		.short	4090
 12552 085c F90F     		.short	4089
 12553 085e F90F     		.short	4089
 12554 0860 F90F     		.short	4089
 12555 0862 F90F     		.short	4089
 12556 0864 F80F     		.short	4088
 12557 0866 F80F     		.short	4088
 12558 0868 F80F     		.short	4088
 12559 086a F80F     		.short	4088
 12560 086c F70F     		.short	4087
ARM GAS  C:\Users\maraz\AppData\Local\Temp\ccyEBQ4t.s 			page 251


 12561 086e F70F     		.short	4087
 12562 0870 F70F     		.short	4087
 12563 0872 F70F     		.short	4087
 12564 0874 F60F     		.short	4086
 12565 0876 F60F     		.short	4086
 12566 0878 F60F     		.short	4086
 12567 087a F50F     		.short	4085
 12568 087c F50F     		.short	4085
 12569 087e F50F     		.short	4085
 12570 0880 F50F     		.short	4085
 12571 0882 F40F     		.short	4084
 12572 0884 F40F     		.short	4084
 12573 0886 F40F     		.short	4084
 12574 0888 F30F     		.short	4083
 12575 088a F30F     		.short	4083
 12576 088c F30F     		.short	4083
 12577 088e F20F     		.short	4082
 12578 0890 F20F     		.short	4082
 12579 0892 F20F     		.short	4082
 12580 0894 F10F     		.short	4081
 12581 0896 F10F     		.short	4081
 12582 0898 F10F     		.short	4081
 12583 089a F00F     		.short	4080
 12584 089c F00F     		.short	4080
 12585 089e EF0F     		.short	4079
 12586 08a0 EF0F     		.short	4079
 12587 08a2 EF0F     		.short	4079
 12588 08a4 EE0F     		.short	4078
 12589 08a6 EE0F     		.short	4078
 12590 08a8 ED0F     		.short	4077
 12591 08aa ED0F     		.short	4077
 12592 08ac ED0F     		.short	4077
 12593 08ae EC0F     		.short	4076
 12594 08b0 EC0F     		.short	4076
 12595 08b2 EB0F     		.short	4075
 12596 08b4 EB0F     		.short	4075
 12597 08b6 EA0F     		.short	4074
 12598 08b8 EA0F     		.short	4074
 12599 08ba EA0F     		.short	4074
 12600 08bc E90F     		.short	4073
 12601 08be E90F     		.short	4073
 12602 08c0 E80F     		.short	4072
 12603 08c2 E80F     		.short	4072
 12604 08c4 E70F     		.short	4071
 12605 08c6 E70F     		.short	4071
 12606 08c8 E60F     		.short	4070
 12607 08ca E60F     		.short	4070
 12608 08cc E50F     		.short	4069
 12609 08ce E50F     		.short	4069
 12610 08d0 E40F     		.short	4068
 12611 08d2 E40F     		.short	4068
 12612 08d4 E30F     		.short	4067
 12613 08d6 E30F     		.short	4067
 12614 08d8 E20F     		.short	4066
 12615 08da E20F     		.short	4066
 12616 08dc E10F     		.short	4065
 12617 08de E10F     		.short	4065
ARM GAS  C:\Users\maraz\AppData\Local\Temp\ccyEBQ4t.s 			page 252


 12618 08e0 E00F     		.short	4064
 12619 08e2 E00F     		.short	4064
 12620 08e4 DF0F     		.short	4063
 12621 08e6 DF0F     		.short	4063
 12622 08e8 DE0F     		.short	4062
 12623 08ea DD0F     		.short	4061
 12624 08ec DD0F     		.short	4061
 12625 08ee DC0F     		.short	4060
 12626 08f0 DC0F     		.short	4060
 12627 08f2 DB0F     		.short	4059
 12628 08f4 DB0F     		.short	4059
 12629 08f6 DA0F     		.short	4058
 12630 08f8 D90F     		.short	4057
 12631 08fa D90F     		.short	4057
 12632 08fc D80F     		.short	4056
 12633 08fe D80F     		.short	4056
 12634 0900 D70F     		.short	4055
 12635 0902 D60F     		.short	4054
 12636 0904 D60F     		.short	4054
 12637 0906 D50F     		.short	4053
 12638 0908 D50F     		.short	4053
 12639 090a D40F     		.short	4052
 12640 090c D30F     		.short	4051
 12641 090e D30F     		.short	4051
 12642 0910 D20F     		.short	4050
 12643 0912 D10F     		.short	4049
 12644 0914 D10F     		.short	4049
 12645 0916 D00F     		.short	4048
 12646 0918 CF0F     		.short	4047
 12647 091a CF0F     		.short	4047
 12648 091c CE0F     		.short	4046
 12649 091e CD0F     		.short	4045
 12650 0920 CD0F     		.short	4045
 12651 0922 CC0F     		.short	4044
 12652 0924 CB0F     		.short	4043
 12653 0926 CA0F     		.short	4042
 12654 0928 CA0F     		.short	4042
 12655 092a C90F     		.short	4041
 12656 092c C80F     		.short	4040
 12657 092e C80F     		.short	4040
 12658 0930 C70F     		.short	4039
 12659 0932 C60F     		.short	4038
 12660 0934 C50F     		.short	4037
 12661 0936 C50F     		.short	4037
 12662 0938 C40F     		.short	4036
 12663 093a C30F     		.short	4035
 12664 093c C20F     		.short	4034
 12665 093e C20F     		.short	4034
 12666 0940 C10F     		.short	4033
 12667 0942 C00F     		.short	4032
 12668 0944 BF0F     		.short	4031
 12669 0946 BF0F     		.short	4031
 12670 0948 BE0F     		.short	4030
 12671 094a BD0F     		.short	4029
 12672 094c BC0F     		.short	4028
 12673 094e BB0F     		.short	4027
 12674 0950 BB0F     		.short	4027
ARM GAS  C:\Users\maraz\AppData\Local\Temp\ccyEBQ4t.s 			page 253


 12675 0952 BA0F     		.short	4026
 12676 0954 B90F     		.short	4025
 12677 0956 B80F     		.short	4024
 12678 0958 B70F     		.short	4023
 12679 095a B70F     		.short	4023
 12680 095c B60F     		.short	4022
 12681 095e B50F     		.short	4021
 12682 0960 B40F     		.short	4020
 12683 0962 B30F     		.short	4019
 12684 0964 B20F     		.short	4018
 12685 0966 B20F     		.short	4018
 12686 0968 B10F     		.short	4017
 12687 096a B00F     		.short	4016
 12688 096c AF0F     		.short	4015
 12689 096e AE0F     		.short	4014
 12690 0970 AD0F     		.short	4013
 12691 0972 AC0F     		.short	4012
 12692 0974 AB0F     		.short	4011
 12693 0976 AB0F     		.short	4011
 12694 0978 AA0F     		.short	4010
 12695 097a A90F     		.short	4009
 12696 097c A80F     		.short	4008
 12697 097e A70F     		.short	4007
 12698 0980 A60F     		.short	4006
 12699 0982 A50F     		.short	4005
 12700 0984 A40F     		.short	4004
 12701 0986 A30F     		.short	4003
 12702 0988 A20F     		.short	4002
 12703 098a A10F     		.short	4001
 12704 098c A10F     		.short	4001
 12705 098e A00F     		.short	4000
 12706 0990 9F0F     		.short	3999
 12707 0992 9E0F     		.short	3998
 12708 0994 9D0F     		.short	3997
 12709 0996 9C0F     		.short	3996
 12710 0998 9B0F     		.short	3995
 12711 099a 9A0F     		.short	3994
 12712 099c 990F     		.short	3993
 12713 099e 980F     		.short	3992
 12714 09a0 970F     		.short	3991
 12715 09a2 960F     		.short	3990
 12716 09a4 950F     		.short	3989
 12717 09a6 940F     		.short	3988
 12718 09a8 930F     		.short	3987
 12719 09aa 920F     		.short	3986
 12720 09ac 910F     		.short	3985
 12721 09ae 900F     		.short	3984
 12722 09b0 8F0F     		.short	3983
 12723 09b2 8E0F     		.short	3982
 12724 09b4 8D0F     		.short	3981
 12725 09b6 8C0F     		.short	3980
 12726 09b8 8B0F     		.short	3979
 12727 09ba 8A0F     		.short	3978
 12728 09bc 890F     		.short	3977
 12729 09be 880F     		.short	3976
 12730 09c0 870F     		.short	3975
 12731 09c2 850F     		.short	3973
ARM GAS  C:\Users\maraz\AppData\Local\Temp\ccyEBQ4t.s 			page 254


 12732 09c4 840F     		.short	3972
 12733 09c6 830F     		.short	3971
 12734 09c8 820F     		.short	3970
 12735 09ca 810F     		.short	3969
 12736 09cc 800F     		.short	3968
 12737 09ce 7F0F     		.short	3967
 12738 09d0 7E0F     		.short	3966
 12739 09d2 7D0F     		.short	3965
 12740 09d4 7C0F     		.short	3964
 12741 09d6 7B0F     		.short	3963
 12742 09d8 790F     		.short	3961
 12743 09da 780F     		.short	3960
 12744 09dc 770F     		.short	3959
 12745 09de 760F     		.short	3958
 12746 09e0 750F     		.short	3957
 12747 09e2 740F     		.short	3956
 12748 09e4 730F     		.short	3955
 12749 09e6 720F     		.short	3954
 12750 09e8 700F     		.short	3952
 12751 09ea 6F0F     		.short	3951
 12752 09ec 6E0F     		.short	3950
 12753 09ee 6D0F     		.short	3949
 12754 09f0 6C0F     		.short	3948
 12755 09f2 6B0F     		.short	3947
 12756 09f4 690F     		.short	3945
 12757 09f6 680F     		.short	3944
 12758 09f8 670F     		.short	3943
 12759 09fa 660F     		.short	3942
 12760 09fc 650F     		.short	3941
 12761 09fe 640F     		.short	3940
 12762 0a00 620F     		.short	3938
 12763 0a02 610F     		.short	3937
 12764 0a04 600F     		.short	3936
 12765 0a06 5F0F     		.short	3935
 12766 0a08 5D0F     		.short	3933
 12767 0a0a 5C0F     		.short	3932
 12768 0a0c 5B0F     		.short	3931
 12769 0a0e 5A0F     		.short	3930
 12770 0a10 590F     		.short	3929
 12771 0a12 570F     		.short	3927
 12772 0a14 560F     		.short	3926
 12773 0a16 550F     		.short	3925
 12774 0a18 540F     		.short	3924
 12775 0a1a 520F     		.short	3922
 12776 0a1c 510F     		.short	3921
 12777 0a1e 500F     		.short	3920
 12778 0a20 4E0F     		.short	3918
 12779 0a22 4D0F     		.short	3917
 12780 0a24 4C0F     		.short	3916
 12781 0a26 4B0F     		.short	3915
 12782 0a28 490F     		.short	3913
 12783 0a2a 480F     		.short	3912
 12784 0a2c 470F     		.short	3911
 12785 0a2e 450F     		.short	3909
 12786 0a30 440F     		.short	3908
 12787 0a32 430F     		.short	3907
 12788 0a34 420F     		.short	3906
ARM GAS  C:\Users\maraz\AppData\Local\Temp\ccyEBQ4t.s 			page 255


 12789 0a36 400F     		.short	3904
 12790 0a38 3F0F     		.short	3903
 12791 0a3a 3E0F     		.short	3902
 12792 0a3c 3C0F     		.short	3900
 12793 0a3e 3B0F     		.short	3899
 12794 0a40 3A0F     		.short	3898
 12795 0a42 380F     		.short	3896
 12796 0a44 370F     		.short	3895
 12797 0a46 350F     		.short	3893
 12798 0a48 340F     		.short	3892
 12799 0a4a 330F     		.short	3891
 12800 0a4c 310F     		.short	3889
 12801 0a4e 300F     		.short	3888
 12802 0a50 2F0F     		.short	3887
 12803 0a52 2D0F     		.short	3885
 12804 0a54 2C0F     		.short	3884
 12805 0a56 2A0F     		.short	3882
 12806 0a58 290F     		.short	3881
 12807 0a5a 280F     		.short	3880
 12808 0a5c 260F     		.short	3878
 12809 0a5e 250F     		.short	3877
 12810 0a60 230F     		.short	3875
 12811 0a62 220F     		.short	3874
 12812 0a64 210F     		.short	3873
 12813 0a66 1F0F     		.short	3871
 12814 0a68 1E0F     		.short	3870
 12815 0a6a 1C0F     		.short	3868
 12816 0a6c 1B0F     		.short	3867
 12817 0a6e 190F     		.short	3865
 12818 0a70 180F     		.short	3864
 12819 0a72 170F     		.short	3863
 12820 0a74 150F     		.short	3861
 12821 0a76 140F     		.short	3860
 12822 0a78 120F     		.short	3858
 12823 0a7a 110F     		.short	3857
 12824 0a7c 0F0F     		.short	3855
 12825 0a7e 0E0F     		.short	3854
 12826 0a80 0C0F     		.short	3852
 12827 0a82 0B0F     		.short	3851
 12828 0a84 090F     		.short	3849
 12829 0a86 080F     		.short	3848
 12830 0a88 060F     		.short	3846
 12831 0a8a 050F     		.short	3845
 12832 0a8c 030F     		.short	3843
 12833 0a8e 020F     		.short	3842
 12834 0a90 000F     		.short	3840
 12835 0a92 FF0E     		.short	3839
 12836 0a94 FD0E     		.short	3837
 12837 0a96 FC0E     		.short	3836
 12838 0a98 FA0E     		.short	3834
 12839 0a9a F90E     		.short	3833
 12840 0a9c F70E     		.short	3831
 12841 0a9e F60E     		.short	3830
 12842 0aa0 F40E     		.short	3828
 12843 0aa2 F30E     		.short	3827
 12844 0aa4 F10E     		.short	3825
 12845 0aa6 EF0E     		.short	3823
ARM GAS  C:\Users\maraz\AppData\Local\Temp\ccyEBQ4t.s 			page 256


 12846 0aa8 EE0E     		.short	3822
 12847 0aaa EC0E     		.short	3820
 12848 0aac EB0E     		.short	3819
 12849 0aae E90E     		.short	3817
 12850 0ab0 E80E     		.short	3816
 12851 0ab2 E60E     		.short	3814
 12852 0ab4 E40E     		.short	3812
 12853 0ab6 E30E     		.short	3811
 12854 0ab8 E10E     		.short	3809
 12855 0aba E00E     		.short	3808
 12856 0abc DE0E     		.short	3806
 12857 0abe DC0E     		.short	3804
 12858 0ac0 DB0E     		.short	3803
 12859 0ac2 D90E     		.short	3801
 12860 0ac4 D70E     		.short	3799
 12861 0ac6 D60E     		.short	3798
 12862 0ac8 D40E     		.short	3796
 12863 0aca D30E     		.short	3795
 12864 0acc D10E     		.short	3793
 12865 0ace CF0E     		.short	3791
 12866 0ad0 CE0E     		.short	3790
 12867 0ad2 CC0E     		.short	3788
 12868 0ad4 CA0E     		.short	3786
 12869 0ad6 C90E     		.short	3785
 12870 0ad8 C70E     		.short	3783
 12871 0ada C50E     		.short	3781
 12872 0adc C40E     		.short	3780
 12873 0ade C20E     		.short	3778
 12874 0ae0 C00E     		.short	3776
 12875 0ae2 BF0E     		.short	3775
 12876 0ae4 BD0E     		.short	3773
 12877 0ae6 BB0E     		.short	3771
 12878 0ae8 BA0E     		.short	3770
 12879 0aea B80E     		.short	3768
 12880 0aec B60E     		.short	3766
 12881 0aee B40E     		.short	3764
 12882 0af0 B30E     		.short	3763
 12883 0af2 B10E     		.short	3761
 12884 0af4 AF0E     		.short	3759
 12885 0af6 AE0E     		.short	3758
 12886 0af8 AC0E     		.short	3756
 12887 0afa AA0E     		.short	3754
 12888 0afc A80E     		.short	3752
 12889 0afe A70E     		.short	3751
 12890 0b00 A50E     		.short	3749
 12891 0b02 A30E     		.short	3747
 12892 0b04 A10E     		.short	3745
 12893 0b06 A00E     		.short	3744
 12894 0b08 9E0E     		.short	3742
 12895 0b0a 9C0E     		.short	3740
 12896 0b0c 9A0E     		.short	3738
 12897 0b0e 990E     		.short	3737
 12898 0b10 970E     		.short	3735
 12899 0b12 950E     		.short	3733
 12900 0b14 930E     		.short	3731
 12901 0b16 910E     		.short	3729
 12902 0b18 900E     		.short	3728
ARM GAS  C:\Users\maraz\AppData\Local\Temp\ccyEBQ4t.s 			page 257


 12903 0b1a 8E0E     		.short	3726
 12904 0b1c 8C0E     		.short	3724
 12905 0b1e 8A0E     		.short	3722
 12906 0b20 880E     		.short	3720
 12907 0b22 870E     		.short	3719
 12908 0b24 850E     		.short	3717
 12909 0b26 830E     		.short	3715
 12910 0b28 810E     		.short	3713
 12911 0b2a 7F0E     		.short	3711
 12912 0b2c 7E0E     		.short	3710
 12913 0b2e 7C0E     		.short	3708
 12914 0b30 7A0E     		.short	3706
 12915 0b32 780E     		.short	3704
 12916 0b34 760E     		.short	3702
 12917 0b36 740E     		.short	3700
 12918 0b38 720E     		.short	3698
 12919 0b3a 710E     		.short	3697
 12920 0b3c 6F0E     		.short	3695
 12921 0b3e 6D0E     		.short	3693
 12922 0b40 6B0E     		.short	3691
 12923 0b42 690E     		.short	3689
 12924 0b44 670E     		.short	3687
 12925 0b46 650E     		.short	3685
 12926 0b48 630E     		.short	3683
 12927 0b4a 620E     		.short	3682
 12928 0b4c 600E     		.short	3680
 12929 0b4e 5E0E     		.short	3678
 12930 0b50 5C0E     		.short	3676
 12931 0b52 5A0E     		.short	3674
 12932 0b54 580E     		.short	3672
 12933 0b56 560E     		.short	3670
 12934 0b58 540E     		.short	3668
 12935 0b5a 520E     		.short	3666
 12936 0b5c 500E     		.short	3664
 12937 0b5e 4E0E     		.short	3662
 12938 0b60 4D0E     		.short	3661
 12939 0b62 4B0E     		.short	3659
 12940 0b64 490E     		.short	3657
 12941 0b66 470E     		.short	3655
 12942 0b68 450E     		.short	3653
 12943 0b6a 430E     		.short	3651
 12944 0b6c 410E     		.short	3649
 12945 0b6e 3F0E     		.short	3647
 12946 0b70 3D0E     		.short	3645
 12947 0b72 3B0E     		.short	3643
 12948 0b74 390E     		.short	3641
 12949 0b76 370E     		.short	3639
 12950 0b78 350E     		.short	3637
 12951 0b7a 330E     		.short	3635
 12952 0b7c 310E     		.short	3633
 12953 0b7e 2F0E     		.short	3631
 12954 0b80 2D0E     		.short	3629
 12955 0b82 2B0E     		.short	3627
 12956 0b84 290E     		.short	3625
 12957 0b86 270E     		.short	3623
 12958 0b88 250E     		.short	3621
 12959 0b8a 230E     		.short	3619
ARM GAS  C:\Users\maraz\AppData\Local\Temp\ccyEBQ4t.s 			page 258


 12960 0b8c 210E     		.short	3617
 12961 0b8e 1F0E     		.short	3615
 12962 0b90 1D0E     		.short	3613
 12963 0b92 1B0E     		.short	3611
 12964 0b94 190E     		.short	3609
 12965 0b96 170E     		.short	3607
 12966 0b98 150E     		.short	3605
 12967 0b9a 130E     		.short	3603
 12968 0b9c 110E     		.short	3601
 12969 0b9e 0F0E     		.short	3599
 12970 0ba0 0D0E     		.short	3597
 12971 0ba2 0B0E     		.short	3595
 12972 0ba4 090E     		.short	3593
 12973 0ba6 070E     		.short	3591
 12974 0ba8 050E     		.short	3589
 12975 0baa 020E     		.short	3586
 12976 0bac 000E     		.short	3584
 12977 0bae FE0D     		.short	3582
 12978 0bb0 FC0D     		.short	3580
 12979 0bb2 FA0D     		.short	3578
 12980 0bb4 F80D     		.short	3576
 12981 0bb6 F60D     		.short	3574
 12982 0bb8 F40D     		.short	3572
 12983 0bba F20D     		.short	3570
 12984 0bbc F00D     		.short	3568
 12985 0bbe EE0D     		.short	3566
 12986 0bc0 EB0D     		.short	3563
 12987 0bc2 E90D     		.short	3561
 12988 0bc4 E70D     		.short	3559
 12989 0bc6 E50D     		.short	3557
 12990 0bc8 E30D     		.short	3555
 12991 0bca E10D     		.short	3553
 12992 0bcc DF0D     		.short	3551
 12993 0bce DD0D     		.short	3549
 12994 0bd0 DA0D     		.short	3546
 12995 0bd2 D80D     		.short	3544
 12996 0bd4 D60D     		.short	3542
 12997 0bd6 D40D     		.short	3540
 12998 0bd8 D20D     		.short	3538
 12999 0bda D00D     		.short	3536
 13000 0bdc CE0D     		.short	3534
 13001 0bde CB0D     		.short	3531
 13002 0be0 C90D     		.short	3529
 13003 0be2 C70D     		.short	3527
 13004 0be4 C50D     		.short	3525
 13005 0be6 C30D     		.short	3523
 13006 0be8 C10D     		.short	3521
 13007 0bea BE0D     		.short	3518
 13008 0bec BC0D     		.short	3516
 13009 0bee BA0D     		.short	3514
 13010 0bf0 B80D     		.short	3512
 13011 0bf2 B60D     		.short	3510
 13012 0bf4 B30D     		.short	3507
 13013 0bf6 B10D     		.short	3505
 13014 0bf8 AF0D     		.short	3503
 13015 0bfa AD0D     		.short	3501
 13016 0bfc AB0D     		.short	3499
ARM GAS  C:\Users\maraz\AppData\Local\Temp\ccyEBQ4t.s 			page 259


 13017 0bfe A80D     		.short	3496
 13018 0c00 A60D     		.short	3494
 13019 0c02 A40D     		.short	3492
 13020 0c04 A20D     		.short	3490
 13021 0c06 9F0D     		.short	3487
 13022 0c08 9D0D     		.short	3485
 13023 0c0a 9B0D     		.short	3483
 13024 0c0c 990D     		.short	3481
 13025 0c0e 960D     		.short	3478
 13026 0c10 940D     		.short	3476
 13027 0c12 920D     		.short	3474
 13028 0c14 900D     		.short	3472
 13029 0c16 8D0D     		.short	3469
 13030 0c18 8B0D     		.short	3467
 13031 0c1a 890D     		.short	3465
 13032 0c1c 870D     		.short	3463
 13033 0c1e 840D     		.short	3460
 13034 0c20 820D     		.short	3458
 13035 0c22 800D     		.short	3456
 13036 0c24 7E0D     		.short	3454
 13037 0c26 7B0D     		.short	3451
 13038 0c28 790D     		.short	3449
 13039 0c2a 770D     		.short	3447
 13040 0c2c 740D     		.short	3444
 13041 0c2e 720D     		.short	3442
 13042 0c30 700D     		.short	3440
 13043 0c32 6E0D     		.short	3438
 13044 0c34 6B0D     		.short	3435
 13045 0c36 690D     		.short	3433
 13046 0c38 670D     		.short	3431
 13047 0c3a 640D     		.short	3428
 13048 0c3c 620D     		.short	3426
 13049 0c3e 600D     		.short	3424
 13050 0c40 5D0D     		.short	3421
 13051 0c42 5B0D     		.short	3419
 13052 0c44 590D     		.short	3417
 13053 0c46 560D     		.short	3414
 13054 0c48 540D     		.short	3412
 13055 0c4a 520D     		.short	3410
 13056 0c4c 4F0D     		.short	3407
 13057 0c4e 4D0D     		.short	3405
 13058 0c50 4B0D     		.short	3403
 13059 0c52 480D     		.short	3400
 13060 0c54 460D     		.short	3398
 13061 0c56 430D     		.short	3395
 13062 0c58 410D     		.short	3393
 13063 0c5a 3F0D     		.short	3391
 13064 0c5c 3C0D     		.short	3388
 13065 0c5e 3A0D     		.short	3386
 13066 0c60 380D     		.short	3384
 13067 0c62 350D     		.short	3381
 13068 0c64 330D     		.short	3379
 13069 0c66 300D     		.short	3376
 13070 0c68 2E0D     		.short	3374
 13071 0c6a 2C0D     		.short	3372
 13072 0c6c 290D     		.short	3369
 13073 0c6e 270D     		.short	3367
ARM GAS  C:\Users\maraz\AppData\Local\Temp\ccyEBQ4t.s 			page 260


 13074 0c70 240D     		.short	3364
 13075 0c72 220D     		.short	3362
 13076 0c74 200D     		.short	3360
 13077 0c76 1D0D     		.short	3357
 13078 0c78 1B0D     		.short	3355
 13079 0c7a 180D     		.short	3352
 13080 0c7c 160D     		.short	3350
 13081 0c7e 140D     		.short	3348
 13082 0c80 110D     		.short	3345
 13083 0c82 0F0D     		.short	3343
 13084 0c84 0C0D     		.short	3340
 13085 0c86 0A0D     		.short	3338
 13086 0c88 070D     		.short	3335
 13087 0c8a 050D     		.short	3333
 13088 0c8c 030D     		.short	3331
 13089 0c8e 000D     		.short	3328
 13090 0c90 FE0C     		.short	3326
 13091 0c92 FB0C     		.short	3323
 13092 0c94 F90C     		.short	3321
 13093 0c96 F60C     		.short	3318
 13094 0c98 F40C     		.short	3316
 13095 0c9a F10C     		.short	3313
 13096 0c9c EF0C     		.short	3311
 13097 0c9e EC0C     		.short	3308
 13098 0ca0 EA0C     		.short	3306
 13099 0ca2 E70C     		.short	3303
 13100 0ca4 E50C     		.short	3301
 13101 0ca6 E20C     		.short	3298
 13102 0ca8 E00C     		.short	3296
 13103 0caa DD0C     		.short	3293
 13104 0cac DB0C     		.short	3291
 13105 0cae D80C     		.short	3288
 13106 0cb0 D60C     		.short	3286
 13107 0cb2 D30C     		.short	3283
 13108 0cb4 D10C     		.short	3281
 13109 0cb6 CE0C     		.short	3278
 13110 0cb8 CC0C     		.short	3276
 13111 0cba C90C     		.short	3273
 13112 0cbc C70C     		.short	3271
 13113 0cbe C40C     		.short	3268
 13114 0cc0 C20C     		.short	3266
 13115 0cc2 BF0C     		.short	3263
 13116 0cc4 BD0C     		.short	3261
 13117 0cc6 BA0C     		.short	3258
 13118 0cc8 B80C     		.short	3256
 13119 0cca B50C     		.short	3253
 13120 0ccc B30C     		.short	3251
 13121 0cce B00C     		.short	3248
 13122 0cd0 AE0C     		.short	3246
 13123 0cd2 AB0C     		.short	3243
 13124 0cd4 A90C     		.short	3241
 13125 0cd6 A60C     		.short	3238
 13126 0cd8 A30C     		.short	3235
 13127 0cda A10C     		.short	3233
 13128 0cdc 9E0C     		.short	3230
 13129 0cde 9C0C     		.short	3228
 13130 0ce0 990C     		.short	3225
ARM GAS  C:\Users\maraz\AppData\Local\Temp\ccyEBQ4t.s 			page 261


 13131 0ce2 970C     		.short	3223
 13132 0ce4 940C     		.short	3220
 13133 0ce6 910C     		.short	3217
 13134 0ce8 8F0C     		.short	3215
 13135 0cea 8C0C     		.short	3212
 13136 0cec 8A0C     		.short	3210
 13137 0cee 870C     		.short	3207
 13138 0cf0 850C     		.short	3205
 13139 0cf2 820C     		.short	3202
 13140 0cf4 7F0C     		.short	3199
 13141 0cf6 7D0C     		.short	3197
 13142 0cf8 7A0C     		.short	3194
 13143 0cfa 780C     		.short	3192
 13144 0cfc 750C     		.short	3189
 13145 0cfe 720C     		.short	3186
 13146 0d00 700C     		.short	3184
 13147 0d02 6D0C     		.short	3181
 13148 0d04 6A0C     		.short	3178
 13149 0d06 680C     		.short	3176
 13150 0d08 650C     		.short	3173
 13151 0d0a 630C     		.short	3171
 13152 0d0c 600C     		.short	3168
 13153 0d0e 5D0C     		.short	3165
 13154 0d10 5B0C     		.short	3163
 13155 0d12 580C     		.short	3160
 13156 0d14 550C     		.short	3157
 13157 0d16 530C     		.short	3155
 13158 0d18 500C     		.short	3152
 13159 0d1a 4E0C     		.short	3150
 13160 0d1c 4B0C     		.short	3147
 13161 0d1e 480C     		.short	3144
 13162 0d20 460C     		.short	3142
 13163 0d22 430C     		.short	3139
 13164 0d24 400C     		.short	3136
 13165 0d26 3E0C     		.short	3134
 13166 0d28 3B0C     		.short	3131
 13167 0d2a 380C     		.short	3128
 13168 0d2c 360C     		.short	3126
 13169 0d2e 330C     		.short	3123
 13170 0d30 300C     		.short	3120
 13171 0d32 2E0C     		.short	3118
 13172 0d34 2B0C     		.short	3115
 13173 0d36 280C     		.short	3112
 13174 0d38 260C     		.short	3110
 13175 0d3a 230C     		.short	3107
 13176 0d3c 200C     		.short	3104
 13177 0d3e 1D0C     		.short	3101
 13178 0d40 1B0C     		.short	3099
 13179 0d42 180C     		.short	3096
 13180 0d44 150C     		.short	3093
 13181 0d46 130C     		.short	3091
 13182 0d48 100C     		.short	3088
 13183 0d4a 0D0C     		.short	3085
 13184 0d4c 0B0C     		.short	3083
 13185 0d4e 080C     		.short	3080
 13186 0d50 050C     		.short	3077
 13187 0d52 020C     		.short	3074
ARM GAS  C:\Users\maraz\AppData\Local\Temp\ccyEBQ4t.s 			page 262


 13188 0d54 000C     		.short	3072
 13189 0d56 FD0B     		.short	3069
 13190 0d58 FA0B     		.short	3066
 13191 0d5a F80B     		.short	3064
 13192 0d5c F50B     		.short	3061
 13193 0d5e F20B     		.short	3058
 13194 0d60 EF0B     		.short	3055
 13195 0d62 ED0B     		.short	3053
 13196 0d64 EA0B     		.short	3050
 13197 0d66 E70B     		.short	3047
 13198 0d68 E40B     		.short	3044
 13199 0d6a E20B     		.short	3042
 13200 0d6c DF0B     		.short	3039
 13201 0d6e DC0B     		.short	3036
 13202 0d70 D90B     		.short	3033
 13203 0d72 D70B     		.short	3031
 13204 0d74 D40B     		.short	3028
 13205 0d76 D10B     		.short	3025
 13206 0d78 CE0B     		.short	3022
 13207 0d7a CC0B     		.short	3020
 13208 0d7c C90B     		.short	3017
 13209 0d7e C60B     		.short	3014
 13210 0d80 C30B     		.short	3011
 13211 0d82 C10B     		.short	3009
 13212 0d84 BE0B     		.short	3006
 13213 0d86 BB0B     		.short	3003
 13214 0d88 B80B     		.short	3000
 13215 0d8a B50B     		.short	2997
 13216 0d8c B30B     		.short	2995
 13217 0d8e B00B     		.short	2992
 13218 0d90 AD0B     		.short	2989
 13219 0d92 AA0B     		.short	2986
 13220 0d94 A70B     		.short	2983
 13221 0d96 A50B     		.short	2981
 13222 0d98 A20B     		.short	2978
 13223 0d9a 9F0B     		.short	2975
 13224 0d9c 9C0B     		.short	2972
 13225 0d9e 990B     		.short	2969
 13226 0da0 970B     		.short	2967
 13227 0da2 940B     		.short	2964
 13228 0da4 910B     		.short	2961
 13229 0da6 8E0B     		.short	2958
 13230 0da8 8B0B     		.short	2955
 13231 0daa 890B     		.short	2953
 13232 0dac 860B     		.short	2950
 13233 0dae 830B     		.short	2947
 13234 0db0 800B     		.short	2944
 13235 0db2 7D0B     		.short	2941
 13236 0db4 7A0B     		.short	2938
 13237 0db6 780B     		.short	2936
 13238 0db8 750B     		.short	2933
 13239 0dba 720B     		.short	2930
 13240 0dbc 6F0B     		.short	2927
 13241 0dbe 6C0B     		.short	2924
 13242 0dc0 690B     		.short	2921
 13243 0dc2 670B     		.short	2919
 13244 0dc4 640B     		.short	2916
ARM GAS  C:\Users\maraz\AppData\Local\Temp\ccyEBQ4t.s 			page 263


 13245 0dc6 610B     		.short	2913
 13246 0dc8 5E0B     		.short	2910
 13247 0dca 5B0B     		.short	2907
 13248 0dcc 580B     		.short	2904
 13249 0dce 560B     		.short	2902
 13250 0dd0 530B     		.short	2899
 13251 0dd2 500B     		.short	2896
 13252 0dd4 4D0B     		.short	2893
 13253 0dd6 4A0B     		.short	2890
 13254 0dd8 470B     		.short	2887
 13255 0dda 440B     		.short	2884
 13256 0ddc 420B     		.short	2882
 13257 0dde 3F0B     		.short	2879
 13258 0de0 3C0B     		.short	2876
 13259 0de2 390B     		.short	2873
 13260 0de4 360B     		.short	2870
 13261 0de6 330B     		.short	2867
 13262 0de8 300B     		.short	2864
 13263 0dea 2D0B     		.short	2861
 13264 0dec 2B0B     		.short	2859
 13265 0dee 280B     		.short	2856
 13266 0df0 250B     		.short	2853
 13267 0df2 220B     		.short	2850
 13268 0df4 1F0B     		.short	2847
 13269 0df6 1C0B     		.short	2844
 13270 0df8 190B     		.short	2841
 13271 0dfa 160B     		.short	2838
 13272 0dfc 130B     		.short	2835
 13273 0dfe 100B     		.short	2832
 13274 0e00 0E0B     		.short	2830
 13275 0e02 0B0B     		.short	2827
 13276 0e04 080B     		.short	2824
 13277 0e06 050B     		.short	2821
 13278 0e08 020B     		.short	2818
 13279 0e0a FF0A     		.short	2815
 13280 0e0c FC0A     		.short	2812
 13281 0e0e F90A     		.short	2809
 13282 0e10 F60A     		.short	2806
 13283 0e12 F30A     		.short	2803
 13284 0e14 F00A     		.short	2800
 13285 0e16 EE0A     		.short	2798
 13286 0e18 EB0A     		.short	2795
 13287 0e1a E80A     		.short	2792
 13288 0e1c E50A     		.short	2789
 13289 0e1e E20A     		.short	2786
 13290 0e20 DF0A     		.short	2783
 13291 0e22 DC0A     		.short	2780
 13292 0e24 D90A     		.short	2777
 13293 0e26 D60A     		.short	2774
 13294 0e28 D30A     		.short	2771
 13295 0e2a D00A     		.short	2768
 13296 0e2c CD0A     		.short	2765
 13297 0e2e CA0A     		.short	2762
 13298 0e30 C70A     		.short	2759
 13299 0e32 C40A     		.short	2756
 13300 0e34 C20A     		.short	2754
 13301 0e36 BF0A     		.short	2751
ARM GAS  C:\Users\maraz\AppData\Local\Temp\ccyEBQ4t.s 			page 264


 13302 0e38 BC0A     		.short	2748
 13303 0e3a B90A     		.short	2745
 13304 0e3c B60A     		.short	2742
 13305 0e3e B30A     		.short	2739
 13306 0e40 B00A     		.short	2736
 13307 0e42 AD0A     		.short	2733
 13308 0e44 AA0A     		.short	2730
 13309 0e46 A70A     		.short	2727
 13310 0e48 A40A     		.short	2724
 13311 0e4a A10A     		.short	2721
 13312 0e4c 9E0A     		.short	2718
 13313 0e4e 9B0A     		.short	2715
 13314 0e50 980A     		.short	2712
 13315 0e52 950A     		.short	2709
 13316 0e54 920A     		.short	2706
 13317 0e56 8F0A     		.short	2703
 13318 0e58 8C0A     		.short	2700
 13319 0e5a 890A     		.short	2697
 13320 0e5c 860A     		.short	2694
 13321 0e5e 830A     		.short	2691
 13322 0e60 800A     		.short	2688
 13323 0e62 7D0A     		.short	2685
 13324 0e64 7A0A     		.short	2682
 13325 0e66 770A     		.short	2679
 13326 0e68 740A     		.short	2676
 13327 0e6a 710A     		.short	2673
 13328 0e6c 6E0A     		.short	2670
 13329 0e6e 6B0A     		.short	2667
 13330 0e70 680A     		.short	2664
 13331 0e72 650A     		.short	2661
 13332 0e74 620A     		.short	2658
 13333 0e76 5F0A     		.short	2655
 13334 0e78 5C0A     		.short	2652
 13335 0e7a 590A     		.short	2649
 13336 0e7c 560A     		.short	2646
 13337 0e7e 530A     		.short	2643
 13338 0e80 500A     		.short	2640
 13339 0e82 4D0A     		.short	2637
 13340 0e84 4A0A     		.short	2634
 13341 0e86 470A     		.short	2631
 13342 0e88 440A     		.short	2628
 13343 0e8a 410A     		.short	2625
 13344 0e8c 3E0A     		.short	2622
 13345 0e8e 3B0A     		.short	2619
 13346 0e90 380A     		.short	2616
 13347 0e92 350A     		.short	2613
 13348 0e94 320A     		.short	2610
 13349 0e96 2F0A     		.short	2607
 13350 0e98 2C0A     		.short	2604
 13351 0e9a 290A     		.short	2601
 13352 0e9c 260A     		.short	2598
 13353 0e9e 230A     		.short	2595
 13354 0ea0 200A     		.short	2592
 13355 0ea2 1D0A     		.short	2589
 13356 0ea4 1A0A     		.short	2586
 13357 0ea6 170A     		.short	2583
 13358 0ea8 140A     		.short	2580
ARM GAS  C:\Users\maraz\AppData\Local\Temp\ccyEBQ4t.s 			page 265


 13359 0eaa 110A     		.short	2577
 13360 0eac 0E0A     		.short	2574
 13361 0eae 0B0A     		.short	2571
 13362 0eb0 080A     		.short	2568
 13363 0eb2 050A     		.short	2565
 13364 0eb4 020A     		.short	2562
 13365 0eb6 FF09     		.short	2559
 13366 0eb8 FC09     		.short	2556
 13367 0eba F909     		.short	2553
 13368 0ebc F609     		.short	2550
 13369 0ebe F309     		.short	2547
 13370 0ec0 EF09     		.short	2543
 13371 0ec2 EC09     		.short	2540
 13372 0ec4 E909     		.short	2537
 13373 0ec6 00000000 		.space	4408
 13373      00000000 
 13373      00000000 
 13373      00000000 
 13373      00000000 
 13374              		.global	WaveformNames
 13375              		.section	.rodata.str1.4,"aMS",%progbits,1
 13376              		.align	2
 13377              	.LC1:
 13378 0000 53617774 		.ascii	"Sawtooth\000"
 13378      6F6F7468 
 13378      00
 13379 0009 000000   		.align	2
 13380              	.LC2:
 13381 000c 54726961 		.ascii	"Triangular\000"
 13381      6E67756C 
 13381      617200
 13382 0017 00       		.align	2
 13383              	.LC3:
 13384 0018 5069616E 		.ascii	"Piano\000"
 13384      6F00
 13385 001e 0000     		.align	2
 13386              	.LC4:
 13387 0020 47756974 		.ascii	"Guitar\000"
 13387      617200
 13388 0027 00       		.align	2
 13389              	.LC5:
 13390 0028 4472756D 		.ascii	"Drum\000"
 13390      00
 13391              		.section	.data.WaveformNames,"aw"
 13392              		.align	2
 13395              	WaveformNames:
 13396 0000 00000000 		.word	.LC0
 13397 0004 00000000 		.word	.LC1
 13398 0008 0C000000 		.word	.LC2
 13399 000c 18000000 		.word	.LC3
 13400 0010 20000000 		.word	.LC4
 13401 0014 28000000 		.word	.LC5
 13402              		.global	current_waveform_index
 13403              		.section	.bss.current_waveform_index,"aw",%nobits
 13404              		.align	2
 13407              	current_waveform_index:
 13408 0000 00000000 		.space	4
ARM GAS  C:\Users\maraz\AppData\Local\Temp\ccyEBQ4t.s 			page 266


 13409              		.global	last_debounce_time
 13410              		.section	.bss.last_debounce_time,"aw",%nobits
 13411              		.align	2
 13414              	last_debounce_time:
 13415 0000 00000000 		.space	4
 13416              		.global	hdma_tim2_ch1
 13417              		.section	.bss.hdma_tim2_ch1,"aw",%nobits
 13418              		.align	2
 13421              	hdma_tim2_ch1:
 13422 0000 00000000 		.space	96
 13422      00000000 
 13422      00000000 
 13422      00000000 
 13422      00000000 
 13423              		.global	htim3
 13424              		.section	.bss.htim3,"aw",%nobits
 13425              		.align	2
 13428              	htim3:
 13429 0000 00000000 		.space	72
 13429      00000000 
 13429      00000000 
 13429      00000000 
 13429      00000000 
 13430              		.global	htim2
 13431              		.section	.bss.htim2,"aw",%nobits
 13432              		.align	2
 13435              	htim2:
 13436 0000 00000000 		.space	72
 13436      00000000 
 13436      00000000 
 13436      00000000 
 13436      00000000 
 13437              		.global	selectedLUT
 13438              		.section	.bss.selectedLUT,"aw",%nobits
 13439              		.align	2
 13442              	selectedLUT:
 13443 0000 00000000 		.space	4
 13444              		.text
 13445              	.Letext0:
 13446              		.file 3 "Drivers/CMSIS/Device/ST/STM32F4xx/Include/stm32f446xx.h"
 13447              		.file 4 "C:\\ST\\STM32CubeIDE_1.19.0\\STM32CubeIDE\\plugins\\com.st.stm32cube.ide.mcu.externaltool
 13448              		.file 5 "C:\\ST\\STM32CubeIDE_1.19.0\\STM32CubeIDE\\plugins\\com.st.stm32cube.ide.mcu.externaltool
 13449              		.file 6 "Drivers/STM32F4xx_HAL_Driver/Inc/stm32f4xx_hal_def.h"
 13450              		.file 7 "Drivers/STM32F4xx_HAL_Driver/Inc/stm32f4xx_hal_rcc_ex.h"
 13451              		.file 8 "Drivers/STM32F4xx_HAL_Driver/Inc/stm32f4xx_hal_rcc.h"
 13452              		.file 9 "Drivers/STM32F4xx_HAL_Driver/Inc/stm32f4xx_hal_gpio.h"
 13453              		.file 10 "Drivers/STM32F4xx_HAL_Driver/Inc/stm32f4xx_hal_dma.h"
 13454              		.file 11 "Drivers/STM32F4xx_HAL_Driver/Inc/stm32f4xx_hal_tim.h"
 13455              		.file 12 "Core/Inc/lcd_stm32f4.h"
 13456              		.file 13 "Core/Inc/main.h"
 13457              		.file 14 "Drivers/STM32F4xx_HAL_Driver/Inc/stm32f4xx_hal_tim_ex.h"
 13458              		.file 15 "Drivers/STM32F4xx_HAL_Driver/Inc/stm32f4xx_hal_cortex.h"
 13459              		.file 16 "Drivers/STM32F4xx_HAL_Driver/Inc/stm32f4xx_hal.h"
 13460              		.file 17 "<built-in>"
ARM GAS  C:\Users\maraz\AppData\Local\Temp\ccyEBQ4t.s 			page 267


DEFINED SYMBOLS
                            *ABS*:00000000 main.c
C:\Users\maraz\AppData\Local\Temp\ccyEBQ4t.s:21     .text.MX_GPIO_Init:00000000 $t
C:\Users\maraz\AppData\Local\Temp\ccyEBQ4t.s:26     .text.MX_GPIO_Init:00000000 MX_GPIO_Init
C:\Users\maraz\AppData\Local\Temp\ccyEBQ4t.s:192    .text.MX_GPIO_Init:000000d4 $d
C:\Users\maraz\AppData\Local\Temp\ccyEBQ4t.s:200    .text.MX_DMA_Init:00000000 $t
C:\Users\maraz\AppData\Local\Temp\ccyEBQ4t.s:205    .text.MX_DMA_Init:00000000 MX_DMA_Init
C:\Users\maraz\AppData\Local\Temp\ccyEBQ4t.s:254    .text.MX_DMA_Init:00000030 $d
C:\Users\maraz\AppData\Local\Temp\ccyEBQ4t.s:259    .text.EXTI0_IRQHandler:00000000 $t
C:\Users\maraz\AppData\Local\Temp\ccyEBQ4t.s:265    .text.EXTI0_IRQHandler:00000000 EXTI0_IRQHandler
C:\Users\maraz\AppData\Local\Temp\ccyEBQ4t.s:329    .text.EXTI0_IRQHandler:0000004a $d
C:\Users\maraz\AppData\Local\Temp\ccyEBQ4t.s:335    .text.EXTI0_IRQHandler:00000050 $t
C:\Users\maraz\AppData\Local\Temp\ccyEBQ4t.s:418    .text.EXTI0_IRQHandler:000000b8 $d
C:\Users\maraz\AppData\Local\Temp\ccyEBQ4t.s:13414  .bss.last_debounce_time:00000000 last_debounce_time
C:\Users\maraz\AppData\Local\Temp\ccyEBQ4t.s:13435  .bss.htim2:00000000 htim2
C:\Users\maraz\AppData\Local\Temp\ccyEBQ4t.s:13421  .bss.hdma_tim2_ch1:00000000 hdma_tim2_ch1
C:\Users\maraz\AppData\Local\Temp\ccyEBQ4t.s:13407  .bss.current_waveform_index:00000000 current_waveform_index
C:\Users\maraz\AppData\Local\Temp\ccyEBQ4t.s:13442  .bss.selectedLUT:00000000 selectedLUT
C:\Users\maraz\AppData\Local\Temp\ccyEBQ4t.s:11481  .data.sineLUT:00000000 sineLUT
C:\Users\maraz\AppData\Local\Temp\ccyEBQ4t.s:1113   .data.DestAddress:00000000 DestAddress
C:\Users\maraz\AppData\Local\Temp\ccyEBQ4t.s:13395  .data.WaveformNames:00000000 WaveformNames
C:\Users\maraz\AppData\Local\Temp\ccyEBQ4t.s:9334   .data.sawLUT:00000000 sawLUT
C:\Users\maraz\AppData\Local\Temp\ccyEBQ4t.s:7279   .data.triangleLUT:00000000 triangleLUT
C:\Users\maraz\AppData\Local\Temp\ccyEBQ4t.s:5226   .data.Piano_LUT:00000000 Piano_LUT
C:\Users\maraz\AppData\Local\Temp\ccyEBQ4t.s:3173   .data.Guitar_LUT:00000000 Guitar_LUT
C:\Users\maraz\AppData\Local\Temp\ccyEBQ4t.s:1120   .data.Drum_LUT:00000000 Drum_LUT
C:\Users\maraz\AppData\Local\Temp\ccyEBQ4t.s:436    .text.Error_Handler:00000000 $t
C:\Users\maraz\AppData\Local\Temp\ccyEBQ4t.s:442    .text.Error_Handler:00000000 Error_Handler
C:\Users\maraz\AppData\Local\Temp\ccyEBQ4t.s:474    .text.MX_TIM2_Init:00000000 $t
C:\Users\maraz\AppData\Local\Temp\ccyEBQ4t.s:479    .text.MX_TIM2_Init:00000000 MX_TIM2_Init
C:\Users\maraz\AppData\Local\Temp\ccyEBQ4t.s:706    .text.MX_TIM2_Init:000000f8 $d
C:\Users\maraz\AppData\Local\Temp\ccyEBQ4t.s:714    .text.MX_TIM3_Init:00000000 $t
C:\Users\maraz\AppData\Local\Temp\ccyEBQ4t.s:719    .text.MX_TIM3_Init:00000000 MX_TIM3_Init
C:\Users\maraz\AppData\Local\Temp\ccyEBQ4t.s:872    .text.MX_TIM3_Init:0000009c $d
C:\Users\maraz\AppData\Local\Temp\ccyEBQ4t.s:13428  .bss.htim3:00000000 htim3
C:\Users\maraz\AppData\Local\Temp\ccyEBQ4t.s:878    .text.SystemClock_Config:00000000 $t
C:\Users\maraz\AppData\Local\Temp\ccyEBQ4t.s:884    .text.SystemClock_Config:00000000 SystemClock_Config
C:\Users\maraz\AppData\Local\Temp\ccyEBQ4t.s:1013   .text.SystemClock_Config:00000084 $d
C:\Users\maraz\AppData\Local\Temp\ccyEBQ4t.s:1019   .rodata.main.str1.4:00000000 $d
C:\Users\maraz\AppData\Local\Temp\ccyEBQ4t.s:1023   .text.main:00000000 $t
C:\Users\maraz\AppData\Local\Temp\ccyEBQ4t.s:1029   .text.main:00000000 main
C:\Users\maraz\AppData\Local\Temp\ccyEBQ4t.s:1099   .text.main:00000054 $d
C:\Users\maraz\AppData\Local\Temp\ccyEBQ4t.s:1110   .data.DestAddress:00000000 $d
C:\Users\maraz\AppData\Local\Temp\ccyEBQ4t.s:1117   .data.Drum_LUT:00000000 $d
C:\Users\maraz\AppData\Local\Temp\ccyEBQ4t.s:3170   .data.Guitar_LUT:00000000 $d
C:\Users\maraz\AppData\Local\Temp\ccyEBQ4t.s:5223   .data.Piano_LUT:00000000 $d
C:\Users\maraz\AppData\Local\Temp\ccyEBQ4t.s:7276   .data.triangleLUT:00000000 $d
C:\Users\maraz\AppData\Local\Temp\ccyEBQ4t.s:9331   .data.sawLUT:00000000 $d
C:\Users\maraz\AppData\Local\Temp\ccyEBQ4t.s:11478  .data.sineLUT:00000000 $d
C:\Users\maraz\AppData\Local\Temp\ccyEBQ4t.s:13376  .rodata.str1.4:00000000 $d
C:\Users\maraz\AppData\Local\Temp\ccyEBQ4t.s:13392  .data.WaveformNames:00000000 $d
C:\Users\maraz\AppData\Local\Temp\ccyEBQ4t.s:13404  .bss.current_waveform_index:00000000 $d
C:\Users\maraz\AppData\Local\Temp\ccyEBQ4t.s:13411  .bss.last_debounce_time:00000000 $d
C:\Users\maraz\AppData\Local\Temp\ccyEBQ4t.s:13418  .bss.hdma_tim2_ch1:00000000 $d
C:\Users\maraz\AppData\Local\Temp\ccyEBQ4t.s:13425  .bss.htim3:00000000 $d
C:\Users\maraz\AppData\Local\Temp\ccyEBQ4t.s:13432  .bss.htim2:00000000 $d
C:\Users\maraz\AppData\Local\Temp\ccyEBQ4t.s:13439  .bss.selectedLUT:00000000 $d
ARM GAS  C:\Users\maraz\AppData\Local\Temp\ccyEBQ4t.s 			page 268



UNDEFINED SYMBOLS
HAL_GPIO_Init
HAL_GPIO_WritePin
HAL_NVIC_SetPriority
HAL_NVIC_EnableIRQ
HAL_GetTick
HAL_DMA_Abort_IT
HAL_DMA_Start_IT
lcd_command
lcd_putstring
HAL_GPIO_EXTI_IRQHandler
HAL_TIM_Base_Init
HAL_TIM_ConfigClockSource
HAL_TIM_OC_Init
HAL_TIMEx_MasterConfigSynchronization
HAL_TIM_OC_ConfigChannel
HAL_DMA_Init
HAL_TIM_PWM_Init
HAL_TIM_PWM_ConfigChannel
HAL_TIM_MspPostInit
memset
HAL_RCC_OscConfig
HAL_RCC_ClockConfig
HAL_Init
init_LCD
HAL_TIM_PWM_Start
HAL_TIM_OC_Start
