:020000040800F2
:1000000000000220BD250008D50C0008D70C000810
:10001000D90C0008DB0C0008DD0C00080000000013
:10002000000000000000000000000000DF0C0008DD
:10003000E10C000800000000E30C0008E50C0008DB
:100040000D2600080D2600080D2600080D260008C4
:100050000D2600080D260008490600080D26000898
:100060000D2600080D2600080D2600080D260008A4
:100070000D2600080D2600080D2600080D26000894
:10008000ED0C00080D2600080D2600080D260008BE
:100090000D2600080D2600080D2600080D26000874
:1000A0000D2600080D2600080D2600080D26000864
:1000B0000D2600080D2600080D2600080D26000854
:1000C0000D2600080D2600080D2600080D26000844
:1000D0000D2600080D2600080D2600080D26000834
:1000E0000D2600080D2600080D2600080D26000824
:1000F0000D2600080D2600080D2600080D26000814
:100100000D2600080D2600080D2600080D26000803
:100110000D2600080D2600080D2600080D260008F3
:100120000D2600080D2600080D2600080D260008E3
:100130000D26000800000000000000000D26000849
:100140000D2600080D2600080D2600080D260008C3
:100150000D2600080D2600080D2600080D260008B3
:100160000D2600080D2600080D2600080D260008A3
:100170000D2600080D2600080D26000800000000CE
:10018000000000000D260008000000000000000034
:100190000D26000800000000000000000D260008E9
:1001A0000000000000000000000000000D26000814
:1001B0000D2600080D2600080D2600080D26000853
:0401C0000D26000800
:1001C40010B5054C237833B9044B13B10448AFF38D
:1001D40000800123237010BD28C00020000000000F
:1001E4006826000808B5034B1BB103490348AFF365
:1001F400008008BD000000002CC000206826000814
:1002040053B94AB9002908BF00281CBF4FF0FF3179
:100214004FF0FF3000F088B9ADF1080C6DE904CE61
:1002240000F006F8DDF804E0DDE9022304B07047CD
:100234002DE9F047089D8E4604468846002B4AD196
:100244008A42174662D9B2FA82F64EB1C6F1200349
:1002540001FA06F820FA03F3B74043EA0808B44069
:100264004FEA174E1FFA87FCB8FBFEF1230C0EFB76
:10027400118843EA084301FB0CF29A4209D9FB189E
:1002840001F1FF3080F0EA809A4240F2E7800239BF
:100294003B449A1AA3B2B2FBFEF00EFB102243EACF
:1002A400024300FB0CFC9C4509D9FB1800F1FF320A
:1002B40080F0D6809C4540F2D3803B44023840EA2B
:1002C4000140A3EB0C0300211DB1F3400022C5E95A
:1002D4000032BDE8F0878B4205D90DB1C5E90001B4
:1002E40000210846F5E7B3FA83F1002946D17345A6
:1002F40002D3824200F20581841A6EEB03020120CC
:100304009046002DE5D0C5E90048E2E7002A00F058
:100314009080B2FA82F6002E40F0A4808A1A030C70
:100324004FEA174E80B2BCB20121B2FBFEFC0EFBB9
:100334001C2243EA024304FB0CF29A4207D9FB183D
:100344000CF1FF3802D29A4200F2E080C4469B1AB4
:10035400B3FBFEF20EFB123340EA034302FB04F448
:100364009C4207D9FB1802F1FF3002D29C4200F2F2
:10037400CA8002461B1B42EA0C40A5E7C1F12006D5
:100384008B4022FA06F71F430EFA01F420FA06F313
:100394002EFA06FE4FEA1749234300FA01F81FFA22
:1003A40087FCBEFBF9F01C0C09FB10EE44EA0E447A
:1003B40000FB0CFEA64502FA01F209D93C1900F132
:1003C400FF3A80F09C80A64540F2998002383C4474
:1003D400A4EB0E041FFA83FEB4FBF9F309FB1344E8
:1003E4004EEA044403FB0CFCA44508D93C1903F170
:1003F400FF3E80F08280A4457FD9023B3C4443EA1F
:100404000040A4EB0C04A0FB02EC64457346E146F7
:1004140062D35FD05DB1B8EB030264EB090404FA64
:1004240006F622FA01F31E43CC40C5E9006400211C
:100434004FE7B1FBF2FC010C41EA0E4180B240EA05
:1004440001423B4638463C46B846BE462026B1FBF0
:10045400F7F1A2EB080241EA0C4166E7014618E70E
:1004640010462CE7C6F120022EFA02F3B740B14041
:1004740020FA02F24FEA174E0A43B3FBFEF8BCB26D
:100484000EFB1833110C41EA034108FB04F9B04098
:1004940089454FEA104380B23ED9791808F1FF3CF0
:1004A40001D289451FD8A1EB0901B1FBFEF909FB73
:1004B40004F80EFB191192B242EA0142424529D2D4
:1004C400BA1809F1FF31C4D24245C2D2A9F10201DE
:1004D4003A44BEE7F0459DD2BEEB02036CEB070C39
:1004E4000138E14696E7A7EB09094944A8F1020C53
:1004F400B1FBFEF909FB04F8DBE773467FE75046DE
:1005040066E70846FDE63B44023A33E7ACF1020CE9
:100514003B441CE749469CE7A1EB0901C446B1FBF7
:10052400FEF909FB04F8C4E7704700BF2DE9F04F5A
:1005340089B00024039404940594069407940094C9
:100544002F4B1A6B42F080021A631A6B02F080027E
:100554000092009A01941A6B42F001021A631A6B1A
:1005640002F001020192019A02941A6B42F0020213
:100574001A631B6B03F002030293029B4FF4404B7C
:10058400CDF80CB001260496DFF87CA003A95046F0
:1005940001F01CFC4FF44079CDF80C90DFF86C802E
:1005A40003A9404601F012FC4FF410470397154D80
:1005B40003A9284601F00AFC22465946504601F098
:1005C400F5FC22464946404601F0F0FC22463946F5
:1005D400284601F0EBFC03964FF488130493059628
:1005E40003A9284601F0F2FB22460221062001F06D
:1005F4005FFF062001F06CFF09B0BDE8F08F00BF7B
:10060400003802400000024000080240000402409A
:1006140000B583B000210191094B1A6B42F400121A
:100624001A631B6B03F400130193019B0A46102009
:1006340001F03EFF102001F04BFF03B05DF804FB16
:100644000038024008B501F0A7FF2C4B1B68C31A01
:10065400C72B00D808BD294B1860294B1A68D368EA
:1006640023F40073D360274801F0CDFD26490A68BE
:100674000132264BA3FB02039B0803EB4303A2EBCB
:1006840043030B600B68052B07D8DFE803F0032353
:10069400272B2F331E4B1F4A1A6040F6FF731E4A46
:1006A40012681B490988174801F078FD144B1A6831
:1006B400D36843F40073D360012000F049FA124B6D
:1006C4001A68164B53F8220000F036FA012001F0A4
:1006D40075FCBFE70E4B124A1A60DEE70C4B114A59
:1006E4001A60DAE70A4B104A1A60D6E7084B0F4A39
:1006F4001A60D2E7064B0E4A1A60CEE748C00020C3
:10070400F4C000204CC0002044C00020ABAAAAAA18
:100714003CC1002004A000200000002004C00020F0
:1007240004800020046000200440002004200020F5
:100734000400002072B6FEE700B58FB000230A93D0
:100744000B930C930D9308930993019302930393D2
:10075400049305930693079335484FF08042026053
:10076400436083604DF60822C2600361836100F038
:1007740089FC002850D14FF480530A930AA92C48CD
:1007840000F0E6FD002849D1294800F0A7FC002824
:1007940046D100230893099308A9254800F06AFF6D
:1007A40000283FD10022019202920392059201A9EE
:1007B4001F4800F023FD002836D1002300931D4A72
:1007C400116B41F400111163126B02F400120092D8
:1007D400009A1948194A02604FF0C06242604022F0
:1007E4008260C3604FF4806202614FF480524261C0
:1007F4004FF4804282614FF48072C2614FF4003240
:100804000262436201F064FC80B9094A0A4B5362F4
:100814009A630FB05DF804FBFFF78CFFFFF78AFFC4
:10082400FFF788FFFFF786FFFFF784FFFFF782FFDC
:10083400F4C00020003802404CC000208860024010
:1008440000B58FB000230A930B930C930D93089378
:1008540009930193029303930493059306930793D7
:100864001E481F4A02604360836040F6FF72C26004
:100874000361836100F006FC28BB4FF480530A93A4
:100884000AA9164800F064FDF8B9144800F052FCB7
:10089400E8B900230893099308A9104800F0EAFE78
:1008A400B8B96023019300230293039305930822AC
:1008B40001A90A4800F0D1FC68B9084800F084FA9C
:1008C4000FB05DF804FBFFF735FFFFF733FFFFF7C9
:1008D40031FFFFF72FFFFFF72DFF00BFACC0002053
:1008E4000004004000B595B03422002107A801F0AF
:1008F4008CFE0023029303930493059306930093C1
:10090400194A116C41F080511164126C02F080524A
:100914000092009A019315490A6822F4404242F475
:1009240080420A600A6802F440420192019A02225B
:10093400079201220A9210220B920D9307A801F04C
:1009440023F868B90F2302930021039104910591C0
:10095400069102A800F0D4FE20B915B05DF804FB9E
:10096400FFF7E8FEFFF7E6FE0038024000700040A3
:1009740008B501F0EBFDFFF7B5FFFFF7D7FDFFF773
:1009840047FEFFF7D9FEFFF75BFF00F069F9082186
:100994000C4800F0EDFD0C4C0021204600F066FDF3
:1009A40040F6FF73094A1268094989B2094801F0FF
:1009B400F5FB094800F0C0F82268D36843F40073DB
:1009C400D360FEE7ACC00020F4C00020000000208B
:1009D40004A000204CC000208026000882B000EB58
:1009E40040000023019304E000BF00BF019B0133DA
:1009F4000193019B8342F7D302B0704710B51420D2
:100A0400FFF7ECFF094CA36943F40043A3611420EE
:100A1400FFF7E4FFA36943F00043A3611420FFF749
:100A2400DDFFA36943F40043A36110BD0008024045
:100A340010B504463D4A936943F48043936110F032
:100A4400800F41D13A4A936943F00043936114F013
:100A5400400F40D0364A936943F48053936114F0B5
:100A6400200F3ED0334A936943F40073936114F02A
:100A7400100F3CD02F4A936943F480739361FFF7BE
:100A8400BDFF14F0080F38D0294A936943F400439A
:100A9400936114F0040F36D0254A936943F48053CC
:100AA400936114F0020F34D0224A936943F4007323
:100AB400936114F0010F32D01E4A936943F480739A
:100AC4009361FFF79BFF10BDA2F50062936943F4A5
:100AD40000439361BBE7164A936943F080539361E3
:100AE400BDE7144A936943F000739361BFE7114A69
:100AF400936943F080739361C1E70D4A936943F0AE
:100B040000439361C5E70A4A936943F080539361B4
:100B1400C7E7084A936943F000739361C9E7054A3C
:100B2400936943F080739361CBE700BF00080240F0
:100B3400000002400004024038B50546002403E0EA
:100B4400FFF776FF0134E4B2285D0028F8D138BD00
:100B540010B504463F4A936943F08043936110F013
:100B6400800F45D13C4A936943F00043936114F0EC
:100B7400400F44D0384A936943F48053936114F08E
:100B8400200F42D0354A936943F40073936114F003
:100B9400100F40D0314A936943F480739361FFF797
:100BA4002DFF14F0080F3CD02B4A936943F4004303
:100BB400936114F0040F3AD0274A936943F48053A5
:100BC400936114F0020F38D0244A936943F40073FC
:100BD400936114F0010F36D0204A936943F4807373
:100BE4009361FFF70BFF40F6B830FFF7F7FE10BD37
:100BF400A2F50062936943F400439361B7E7164A90
:100C0400936943F080539361B9E7144A936943F0BD
:100C140000739361BBE7114A936943F08073936156
:100C2400BDE70D4A936943F000439361C1E70A4A63
:100C3400936943F080539361C3E7084A936943F08F
:100C440000739361C5E7054A936943F08073936128
:100C5400C7E700BF00080240000002400004024051
:100C640008B5194B1A6B42F001021A631A6B42F071
:100C740002021A631A6B42F004021A63134A1368DD
:100C840043F08243136002F58062136843F4A023A7
:100C9400136002F58062136843F0A043136047F2C7
:100CA4003050FFF79BFE3320FFF752FF3220FFF74F
:100CB4004FFF0C20FFF74CFF2820FFF749FF0120CE
:100CC400FFF746FF08BD00BF0038024000000240A5
:100CD400FEE7FEE7FEE7FEE7FEE770477047704772
:100CE40008B501F04DFC08BD08B5024801F09EFAB4
:100CF40008BD00BF4CC0002082B0002100910B4B06
:100D04005A6C42F480425A645A6C02F48042009253
:100D1400009A01911A6C42F080521A641B6C03F021
:100D240080530193019B02B0704700BF003802401A
:100D340010B582B00368B3F1804F04D01E4A9342C9
:100D44002CD002B010BD0446002300931B4A116C42
:100D540041F001011164126C02F001020092009A48
:100D64001748184A02604FF0C06242608360C36053
:100D74004FF4806202614FF4805242614FF480422A
:100D84008261C3610362436201F0A2F918B90C4B9A
:100D940063629C63D5E7FFF7CDFCF8E7002301937A
:100DA400064B1A6C42F002021A641B6C03F0020335
:100DB4000193019BC5E700BF0004004000380240D6
:100DC4004CC000208860024000B587B00023019326
:100DD400029303930493059302680E4B9A4202D044
:100DE40007B05DF804FB002300930B4B1A6B42F031
:100DF40002021A631B6B03F002030093009B01239E
:100E0400019302230293059301A9044800F0DEFF35
:100E1400E6E700BF0004004000380240000402403E
:100E240030B4036A026A22F00102026242688469F1
:100E340024F0730C0C6844EA0C0423F0020C8B6855
:100E440043EA0C03114DA84203D005F58065A8427E
:100E540005D123F00803CD682B4323F004030B4D85
:100E6400A84203D005F58065A84207D122F4407258
:100E74004D6945EA020C8A6942EA0C0242608461C7
:100E84004A684263036230BC704700BF00000140FF
:100E940030B4036A026A22F4807202624268C4694E
:100EA40024F0730C0C6844EA0C0523F400738C687A
:100EB40043EA0423114CA04203D004F58064A04209
:100EC40006D123F40063CC6843EA042323F480634B
:100ED4000A4CA04203D004F58064A04207D122F456
:100EE40040524C6942EA04128C6942EA041242609C
:100EF400C5614A68C263036230BC704700000140A8
:100F040030B4036A026A22F4805202624468C269FD
:100F140022F4E6420D6842EA052223F400538D6868
:100F240043EA0533094DA84203D005F58065A8427C
:100F340004D124F480444D6944EA85144460C261B8
:100F44004A680264036230BC704700BF000001407D
:100F540010B4036A046A24F001040462846924F06E
:100F6400F00C4CEA021223F00A030B438261036281
:100F74005DF8044B704710B4036A046A24F010044B
:100F84000462846924F4704C4CEA023223F0A00316
:100F940043EA0113826103625DF8044B704783687E
:100FA40023F070030B4343F00703836070477047DB
:100FB400704700000368324A904212D0B0F1804F6B
:100FC4000FD0A2F57C4290420BD002F58062904291
:100FD40007D002F58062904203D002F57842904235
:100FE40003D123F070034A681343254A90422AD060
:100FF400B0F1804F27D0A2F57C42904223D002F575
:10100400806290421FD002F5806290421BD002F5AC
:101014007842904217D002F57052904213D002F5F4
:10102400806290420FD002F5806290420BD0A2F50C
:101034009832904207D002F58062904203D002F5C4
:101044008062904203D123F44073CA68134323F0AF
:1010540080034A6913438A68C2620A688262084A42
:10106400904203D002F58062904201D10A69026382
:10107400026842F004020260012242610360704788
:101084000000014040B310B5044690F83D30F3B180
:10109400022384F83D30214651F8040BFFF78AFF00
:1010A400012384F8463084F83E3084F83F3084F8D5
:1010B400403084F8413084F8423084F8433084F876
:1010C400443084F8453084F83D30002010BD80F869
:1010D4003C30FFF72DFEDBE70120704740B310B52D
:1010E400044690F83D30F3B1022384F83D302146A4
:1010F40051F8040BFFF75EFF012384F8463084F8AF
:101104003E3084F83F3084F8403084F8413084F82D
:10111400423084F8433084F8443084F8453084F80D
:101124003D30002010BD80F83C30FFF740FFDBE786
:101134000120704740B310B5044690F83D30F3B138
:10114400022384F83D30214651F8040BFFF732FFA7
:10115400012384F8463084F83E3084F83F3084F824
:10116400403084F8413084F8423084F8433084F8C5
:10117400443084F8453084F83D30002010BD80F8B8
:101184003C30FFF715FFDBE70120704730B4036AFA
:10119400026A22F0100202624468826922F4E64282
:1011A4000D6842EA052223F020038D6843EA051303
:1011B400114DA84203D005F58065A84206D123F05D
:1011C4008003CD6843EA051323F040030A4DA84287
:1011D40003D005F58065A84207D124F440644D6925
:1011E40044EA85048D6944EA8504446082614A685E
:1011F4008263036230BC70470000014090F83C30C9
:10120400012B28D010B50446012380F83C300C2A69
:101214001CD8DFE802F0071B1B1B0C1B1B1B111B3C
:101224001B1B16000068FFF7FBFD00200FE00068A1
:10123400FFF7ACFF00200AE00068FFF729FE00205A
:1012440005E00068FFF75CFE002000E001200023B9
:1012540084F83C3010BD0220704738B590F83C301B
:10126400012B66D004460D46012380F83C300C2A3D
:101274005AD8DFE802F0075959591B5959593059BE
:10128400595944000068FFF7CBFD2268936943F085
:10129400080393612268936923F00403936122682D
:1012A400936929690B43936100203EE00068FFF7CE
:1012B4006DFF2268936943F4006393612268936924
:1012C40023F48063936122689369296943EA0123C3
:1012D4009361002029E00068FFF7DAFD2268D369F2
:1012E40043F00803D3612268D36923F00403D36174
:1012F4002268D36929690B43D361002015E0006893
:10130400FFF7FEFD2268D36943F40063D3612268CA
:10131400D36923F48063D3612268D369296943EADA
:101324000123D361002000E00120002384F83C3035
:1013340038BD0220FCE710B4846824F47F4C42EAF0
:1013440003220A4342EA0C0282605DF8044B7047B0
:1013540090F83C30012B78D010B50446012380F876
:101364003C30022380F83D300268936823F47F43C5
:1013740023F0770393600B68602B4CD023D8402B69
:1013840054D011D8202B03D00AD80BB1102B05D17F
:1013940019462068FFF703FE002028E0012026E01C
:1013A400302BF5D0012022E0502B0AD1CA684968BD
:1013B4000068FFF7CDFD50212068FFF7F0FD002005
:1013C40015E0012013E0B3F5805F3AD0B3F5005F78
:1013D40014D0702B37D1CB684A6889680068FFF74E
:1013E400AAFF2268936843F07703936000200123E7
:1013F40084F83D30002384F83C3010BDCB684A6843
:1014040089680068FFF797FF2268936843F4804374
:1014140093600020EBE7CA6849680068FFF7ABFDFA
:1014240060212068FFF7BBFD0020E0E7CA68496837
:101434000068FFF78DFD40212068FFF7B0FD002014
:10144400D5E70020D3E70120D1E70220704701F05F
:101454001F014FF0010C0CFA01FC036A23EA0C0390
:101464000362036A8A4013430362704710B504465B
:101474000846002942D194F83E30DBB2013B18BF44
:101484000123002B6ED1002851D1022384F83E3071
:10149400012201462068FFF7DAFF2368334A9342AA
:1014A40003D002F58062934203D15A6C42F40042A5
:1014B4005A6423682D4A934249D0B3F1804F46D0F1
:1014C400A2F57C42934242D002F5806293423ED020
:1014D40002F5806293423AD002F57842934236D0C4
:1014E40002F57052934232D0A2F5943293422ED038
:1014F4001A6842F001021A60002032E0042908D080
:1015040008290DD094F84130DBB2013B18BF012308
:10151400B7E794F83F30DBB2013B18BF0123B0E7D3
:1015240094F84030DBB2013B18BF0123A9E704283B
:1015340005D0082807D0022384F84130A8E7022305
:1015440084F83F30A4E7022384F84030A0E79A6887
:1015540002F00702062A07D01A6842F001021A6054
:10156400002010BD0120FCE70020FAE70000014044
:1015740010B504460846002942D194F83E30DBB247
:10158400013B18BF0123002B6ED1002851D1022347
:1015940084F83E30012201462068FFF758FF236893
:1015A400334A934203D002F58062934203D15A6CCA
:1015B40042F400425A6423682D4A934249D0B3F15D
:1015C400804F46D0A2F57C42934242D002F580621D
:1015D40093423ED002F5806293423AD002F57842BB
:1015E400934236D002F57052934232D0A2F594322F
:1015F40093422ED01A6842F001021A60002032E0B1
:10160400042908D008290DD094F84130DBB2013BFD
:1016140018BF0123B7E794F83F30DBB2013B18BF92
:101624000123B0E794F84030DBB2013B18BF01233B
:10163400A9E7042805D0082807D0022384F84130FC
:10164400A8E7022384F83F30A4E7022384F840305B
:10165400A0E79A6802F00702062A07D01A6842F047
:1016640001021A60002010BD0120FCE70020FAE707
:101674000000014090F83C20012A3DD010B40346FC
:10168400012280F83C20022280F83D200268506844
:10169400946820F0700C086840EA0C0050601A68E6
:1016A400164882421AD0B2F1804F17D0A0F57C4080
:1016B400824213D000F5806082420FD000F5806032
:1016C40082420BD000F57840824207D000F570507A
:1016D400824203D0A0F59430824204D124F08004E5
:1016E400496821439160012283F83D20002083F85A
:1016F4003C005DF8044B7047022070470000014035
:10170400002800F09B8070B50D4604464F4B1B68C3
:1017140003F00F038B4208D2CBB24C4A1370136808
:1017240003F00F038B4240F08B80236813F0020F09
:1017340017D013F0040F04D0454A936843F4E053E0
:101744009360236813F0080F04D0414A936843F46C
:10175400604393603E4A936823F0F003A1680B430F
:101764009360236813F0010F32D06368012B21D0FA
:101774009A1E012A25D9364A126812F0020F61D046
:1017840033498A6822F0030213438B6000F004FF9C
:1017940006462F4B9B6803F00C036268B3EB820F81
:1017A40016D000F0F9FE801B41F288339842F0D93C
:1017B400032042E0264A126812F4003FE0D10120DF
:1017C4003BE0234A126812F0007FD9D1012034E0B3
:1017D4001E4B1B6803F00F03AB4207D9EAB21B4B45
:1017E4001A701B6803F00F03AB422DD1236813F06A
:1017F400040F06D0164A936823F4E053E1680B43C0
:101804009360236813F0080F07D0114A936823F4F8
:101814006043216943EAC103936000F021F80C4B53
:101824009B68C3F303130B4AD35CD8400A4B18607C
:101834000A4B186800F064FE002070BD0120704758
:101844000120FAE70120F8E70120F6E7003C024016
:1018540000380240C026000824C0002020C0002018
:1018640008B5464B9B6803F00C03082B05D00C2BE2
:1018740043D0042B7FD1424819E0404B5A6802F010
:101884003F025B6813F4800F12D03C4B5968C1F3DC
:1018940088113B480023A1FB0001FEF7B1FC374B44
:1018A4005B68C3F3014301335B00B0FBF3F008BD95
:1018B400324B5868C0F388104FEA401CBCEB000C54
:1018C4006EEB0E0E4FEA8E1343EA9C634FEA8C11C3
:1018D400B1EB0C0163EB0E03DB0043EA5173C90067
:1018E40011EB000C43F10003990200234FEA8C2012
:1018F40041EA9C51FEF784FCD1E7204B5A6802F080
:101904003F025B6813F4800F10D01C4B5968C1F37D
:1019140088111B480023A1FB0001FEF771FC174B43
:101924005B68C3F30273B0FBF3F0C0E7134B586872
:10193400C0F388104FEA401CBCEB000C6EEB0E0E9B
:101944004FEA8E1343EA9C634FEA8C11B1EB0C010E
:1019540063EB0E03DB0043EA5173C90011EB000C87
:1019640043F10003990200234FEA8C2041EA9C5181
:10197400FEF746FCD3E7034899E700BF003802406E
:1019840040787D010024F400002800F0018270B545
:1019940082B00446036813F0010F41D0994B9B6851
:1019A40003F00C03042B32D0964B9B6803F00C031A
:1019B400082B27D0934B9B6803F00C030C2B59D0B6
:1019C4006368B3F5803F5BD0B3F5A02F5ED08D4B39
:1019D4001A6822F480321A601A6822F480221A608B
:1019E4006368002B5CD000F0D7FD0546854B1B686F
:1019F40013F4003F14D100F0CFFD401B6428F5D947
:101A04000320CCE17F4B5B6813F4800FD2D07D4B75
:101A14001B6813F4003F03D06368002B00F0BA8105
:101A2400236813F0020F60D0764B9B6813F00C0F01
:101A34004AD0744B9B6803F00C03082B3FD0714BC6
:101A44009B6803F00C030C2B69D0E368002B75D062
:101A54006D4B01221A6000F09FFD0546694B1B681F
:101A640013F0020F61D100F097FD401B0228F5D955
:101A7400032094E1634B5B6813F4800FA0D0C6E7A6
:101A8400604A136843F480331360A9E75D4B1A6816
:101A940042F480221A601A6842F480321A609FE786
:101AA40000F07AFD0546574B1B6813F4003FB7D08E
:101AB40000F072FD401B6428F5D903206FE1514BFF
:101AC4005B6813F4800FBAD14E4B1B6813F0020FFE
:101AD40003D0E368012B40F05F814A4A136823F086
:101AE400F803216943EAC1031360236813F0080F64
:101AF40049D06369002B33D0434B0122C3F8802EB5
:101B040000F04AFD05463F4B5B6F13F0020F3AD1DC
:101B140000F042FD401B0228F5D903203FE1394B78
:101B24005B6813F4800F90D1CEE7364A136823F034
:101B3400F803216943EAC1031360D6E7324B00225C
:101B44001A6000F029FD05462E4B1B6813F0020FA6
:101B5400CBD000F021FD401B0228F5D903201EE163
:101B6400294B0022C3F8802E00F016FD0546254BB4
:101B74005B6F13F0020F06D000F00EFD401B02282D
:101B8400F5D903200BE1236813F0040F76D01D4B25
:101B94001B6C13F0805F33D100230193194B1A6C33
:101BA40042F080521A641B6C03F080530193019B32
:101BB4000125164B1B6813F4807F29D0A368012BE1
:101BC4003AD0052B3ED00F4B1A6F22F001021A6750
:101BD4001A6F22F004021A67A368002B3CD000F0AD
:101BE400DBFC0646074B1B6F13F0020F45D100F0D8
:101BF400D3FC801B41F288339842F3D90320CEE012
:101C04000025D6E70038024000004742007000403B
:101C14006B4A136843F48073136000F0BDFC0646FE
:101C2400674B1B6813F4807FC8D100F0B5FC801BA0
:101C34000228F5D90320B2E0624A136F43F001038E
:101C44001367C9E75F4B1A6F42F004021A671A6FF1
:101C540042F001021A67BFE700F09EFC0646594BAA
:101C64001B6F13F0020F08D000F096FC801B41F2AA
:101C740088339842F3D9032091E0EDB9A369002B8E
:101C840000F08C804F4A926802F00C02082A54D06B
:101C9400022B17D04C4B00221A6600F07DFC044640
:101CA400484B1B6813F0007F45D000F075FC001B07
:101CB4000228F5D9032072E0424A136C23F08053C2
:101CC4001364DBE7404B00221A6600F065FC05460E
:101CD4003C4B1B6813F0007F06D000F05DFC401BFA
:101CE4000228F5D903205AE0E369226A1343626AA1
:101CF40043EA8213A26A5208013A43EA0243E26ABF
:101D040043EA0263226B43EA02732E4A53602E4B6A
:101D140001221A6600F040FC04462A4B1B6813F0AB
:101D2400007F06D100F038FC001B0228F5D90320FF
:101D340035E0002033E0002031E0012B31D0214B8D
:101D44005B6803F48001E26991422CD103F03F0205
:101D5400216A8A4229D1616A47F6C0721A40B2EBFD
:101D6400811F24D103F44031A26A5208013AB1EB35
:101D7400024F1ED103F07062E16AB2EB016F1AD117
:101D840003F0E043226BB3EB027F16D1002006E0A0
:101D940001207047012002E0012000E0002002B091
:101DA40070BD0120FBE70120F9E70120F7E70120DE
:101DB400F5E70120F3E70120F1E70120EFE700BF99
:101DC40000700040003802400000474200230F2BFF
:101DD40000F2E38070B582B065E085684FEA430E97
:101DE400032404FA0EF425EA0405CC6804FA0EF47C
:101DF4002C438460446824EA02044A68C2F3001253
:101E04009A40224342605CE0DC08083450F8242005
:101E140003F00705AD004FF00F0E0EFA05FE22EA9F
:101E24000E0E0A69AA4042EA0E0240F824205CE041
:101E3400062200E0002202FA0EF22A430234574D31
:101E440045F82420564A94686FEA0C0224EA0C05EB
:101E54004E6816F4801F01D04CEA0405504CA5606E
:101E6400E46802EA04054E6816F4001F01D04CEA47
:101E740004054B4CE560646802EA04054E6816F4F8
:101E8400003F01D04CEA0405454C656024682240BB
:101E94004D6815F4803F01D04CEA0402404C2260A6
:101EA40001330F2B77D801229A400C6804EA020C04
:101EB40032EA0404F4D14C6804F00304013C012C1C
:101EC4008BD94A6802F00302032A09D0C4685D0072
:101ED4000322AA4024EA02048A68AA402243C26078
:101EE4004A6802F00302022A8ED004684FEA430EC5
:101EF400032202FA0EF224EA02044A6802F0030200
:101F040002FA0EF2224302604A6812F4403FC7D03C
:101F140000220192234A546C44F480445464526C69
:101F240002F480420192019A9C08A51C1B4A52F8B3
:101F3400255003F0030E4FEA8E0E0F2202FA0EF222
:101F440025EA0205184A90423FF474AF02F5806214
:101F5400904216D002F58062904214D002F580625D
:101F6400904212D002F58062904210D002F5806255
:101F740090420ED002F5806290423FF459AF07229E
:101F840059E7012257E7022255E7032253E70422C7
:101F940051E705224FE702B070BD70470038014099
:101FA400003C014000380240000002400AB1816157
:101FB40070470904816170477047000008B5054BFC
:101FC4005B69034200D108BD024B5861FFF7F4FF7F
:101FD400F9E700BF003C014030B405682C6824F4E4
:101FE40080242C60046863608368402B05D00368F8
:101FF40099600368DA6030BC704703689A600368CC
:10200400D960F8E710B40368D9B210390A4AA2FBC0
:1020140001421209094CA25CC2655F2907D96FF31A
:10202400090304338365806D5DF8044B70476FF3D7
:1020340009038365F7E700BFABAAAAAAB82600087C
:10204400836A826992B9012B0AD0022B02D00BB1A8
:1020540000207047C36A13F0807F28D100207047A6
:10206400C36AB3F1C07F24D000207047B2F5005F8B
:1020740009D0022B25D9032B25D1C36A13F0807F05
:1020840023D100207047032B03D8DFE803F01404A6
:10209400140A00207047C36A13F0807F0DD100201A
:1020A4007047C36AB3F1C07F09D000207047012094
:1020B40070470120704701207047012070470120BC
:1020C40070470120704700207047012070470000CE
:1020D40070B5044600F060FA002C5BD0054602237C
:1020E40084F83530002384F834302268136823F0F0
:1020F4000103136023681A6812F0010F0AD000F07C
:102104004BFA431B052BF5D920236365032084F880
:10211400350070BD1A68204911406268A068024306
:10212400E06802432069024360690243A0690243F4
:10213400E0690243206A02430A43616A04291ED00B
:102144001A602668756925F00705636A1D43042B28
:1021540007D1A36A1D43E36A1BB12046FFF770FF52
:1021640090B975612046FFF74DFFE26D3F23934020
:10217400836000206065012384F83530C9E7E16A93
:10218400206B01430A43DBE740236365012084F8A5
:102194003500BEE70120BCE73F8010F038B50446A7
:1021A400856D90F8340001282BD0012084F8340088
:1021B40094F83500C0B2012804D0002384F83430E8
:1021C400022038BD022084F83500002060652046D6
:1021D400FFF702FFE26D3F239340AB602268136870
:1021E40043F016031360236C23B12268136843F091
:1021F400080313602268136843F00103136000208E
:10220400DFE70220DDE790F83530DBB2022B03D0A4
:102214008023436501207047052380F83530026828
:10222400136823F00103136000207047F0B583B0F6
:10223400044600230193724B1D68724BA3FB0535C2
:10224400AD0A876D3E68C26D08239340334210D0B7
:1022540003681A6812F0040F0BD01A6822F0040203
:102264001A60C26D08239340BB60436D43F00103C1
:102274004365E26D01239340334209D022685269D9
:1022840012F0800F04D0BB60636D43F002036365FA
:10229400E26D04239340334209D02268126812F09D
:1022A400020F04D0BB60636D43F004036365E26D09
:1022B40010239340334224D02268126812F0080F8E
:1022C4001FD0BB6023681A6812F4802F0DD01B68DE
:1022D40013F4002F04D1236C9BB12046984710E0DF
:1022E400A36C73B1204698470BE01A6812F4807F00
:1022F40003D11A6822F008021A60236C0BB120463D
:102304009847E26D20239340334255D022681268E7
:1023140012F0100F50D0BB6094F83530DBB2052BAF
:102324000ED023681A6812F4802F33D01B6813F47C
:10233400002F2AD1636C002B3ED0204698473BE007
:102344002268136823F0160313602268536923F08C
:1023540080035361236CA3B12268136823F008033C
:102364001360E26D3F239340BB60012384F8353052
:10237400002384F83430236D002B3FD02046984747
:102384003CE0A36C002BE7D1EBE7E36BA3B1204661
:10239400984711E01A6812F4807F09D11A6822F074
:1023A40010021A60012384F83530002384F8343095
:1023B400E36B0BB120469847636DFBB1636D13F07B
:1023C400010F17D0052384F835302268136823F0F1
:1023D40001031360019B01330193AB4204D82368CA
:1023E4001B6813F0010FF5D1012384F83530002365
:1023F40084F83430E36C0BB12046984703B0F0BD49
:1024040024C00020B5814E1B002807DB00F01F020A
:10241400400901239340024A42F82030704700BF2C
:1024240000E100E0002808DB0901C9B200F16040C6
:1024340000F5614080F80013704700F00F000901B7
:10244400C9B2014B1954704714ED00E000B500F017
:102454000700C0F1070CBCF1040F28BF4FF0040CB7
:10246400031D062B0FD9C31E4FF0FF3E0EFA0CF0CE
:1024740021EA000199400EFA03FE22EA0E0241EA23
:1024840002005DF804FB0023EEE70000074AD3686E
:1024940023F4E0631B041B0C000200F4E06003431C
:1024A40043F0BF6343F40033D360704700ED00E0B2
:1024B40010B50446054BD868C0F30220FFF7C6FFE9
:1024C40001462046FFF7AEFF10BD00BF00ED00E05F
:1024D40008B5FFF799FF08BD0138B0F1807F0BD232
:1024E4004FF0E0235861054AF02182F823100020C0
:1024F400986107221A6170470120704700ED00E0DF
:1025040010B504460E4B1A784FF47A73B3FBF2F30A
:102514000C4A1068B0FBF3F0FFF7DEFF68B90F2C2C
:1025240001D901200AE0002221464FF0FF30FFF7D5
:10253400BFFF054B1C60002000E0012010BD00BF60
:102544001CC0002024C0002020C0002008B50B4B74
:102554001A6842F400721A601A6842F480621A60BF
:102564001A6842F480721A600320FFF78FFF0F206D
:10257400FFF7C6FFFEF7C0FB002008BD003C024089
:10258400034A1168034B1B780B441360704700BF68
:1025940040C100201CC00020014B1868704700BFD8
:1025A40040C10020034AD2F8883043F47003C2F8D3
:1025B4008830704700ED00E0DFF834D0FFF7F2FF19
:1025C4000C480D490D4A002302E0D458C45004338A
:1025D400C4188C42F9D30A4A0A4C002301E0136060
:1025E4000432A242FBD300F019F8FEF7C1F9704798
:1025F400000002200000002028C00020E02600087F
:1026040028C0002044C10020FEE702440346934250
:1026140000D1704703F8011BF9E7000070B50D4DB8
:102624000D4C641BA4100026A64209D10B4D0C4C82
:1026340000F018F8641BA4100026A64205D170BD52
:1026440055F8043B98470136EEE755F8043B9847A4
:102654000136F2E7D8260008D8260008D826000854
:10266400DC260008F8B500BFF8BC08BC9E467047DD
:0C267400F8B500BFF8BC08BC9E467047DB
:1026800053696E6500000000536177746F6F746862
:1026900000000000547269616E67756C6172000021
:1026A0005069616E6F0000004775697461720000C7
:1026B0004472756D0000000000061016000610162A
:1026C00000000000000000000102030406070809E2
:0826D00064DBFF7F0100000044
:0426D800E90100080C
:0426DC00C50100082C
:1026E0003C04004000080008FF07FE070108FE0741
:1026F0000208F807FA070008F20652099D02A70827
:10270000E500160E8B00F90F1602490991017106BA
:102710003706DD0BFC0FC30C6508C6030000670419
:102720001C0AF409890D810C040C4D022E047E074D
:1027300043091507B90869086C096708A4087506F4
:1027400061043707B808F60A6D09FB094708300627
:102750001C057906B007E6091F0A730864076007BD
:10276000EF075708580760076C07EF07D308D80929
:10277000FD087E07FA05F905C3072A0985094109FD
:102780004E08B7069906AF07C1089D0811087E07D5
:102790005F073808F308A808CF0725070D079E072D
:1027A0006F08D708B7081808A4073F07840731083F
:1027B00080084A08DB079907E807410854082808F9
:1027C000CF07A107CA0717084B0822081808F70700
:1027D000CD07C607E40701082D084A083208E707B5
:1027E000B907BF07EC07130826081A080308ED0706
:1027F000FC0713080508F107040A9D0A950C02005E
:10280000FB0F0000FF0F6A05100986006206B20682
:10281000CE07260EFE0FFB09AA0804000200F108ED
:102820008809C30BCE0CA10D84068402570611093A
:10283000BB07260814082609AE08A608D6076B04AD
:102840000706C9072F0A430A7109BA09DA067D0586
:1028500094055507C5089E0A1809D60728079C073E
:102860006908BC074E075107BC0745087B09840966
:10287000C6087B06960512075B0869096409FE080D
:102880004307900601075D08C9086508BD075007A2
:10289000AD07C408DD0843085E0712075507150891
:1028A000BE08E0086308D7076B074C07E407690810
:1028B0006D080F08A607B507130856083C08FD0762
:1028C000AE07A507E907430838081C080E08E70704
:1028D000C107DA07F0071A08400844081108CB07B7
:1028E000BA07DB070108220821080A08F907EF07E1
:1028F0000E083608AC0750052101F90F3D00E90428
:10290000750D4603FB0ED002F607D306AA076A0A26
:10291000A10541066E06AF071908CD0992062307E7
:10292000B50A85077C09B907200CFA0709083207A0
:10293000CF07A9087E063809A406CF093107A208E7
:102940009D07BC084208F1075B084607AA081D0757
:102950006408C8070E08D907D0071F08CB0741082D
:10296000C607F0070B08F4071508FD075308E3072F
:102970001008DA07E907DD070D08200806084308F4
:10298000DE070B080208D9071A080208FD07DF074F
:1029900019080D081E08FE070108FA07E5070C08CC
:1029A000F70700080108FC07E507F7070C0805080A
:1029B0000B08FB07000804080108F7070408F807DC
:1029C000E40708080B081008FC07FE07FF07FE07CE
:1029D0000108FC070108FE070C08FE0706080008AE
:1029E000F507030803080A080008ED0701080B08AB
:1029F000F7072608BF057A063109B3072607CE0E6A
:102A00004D0294062105DC05D207530DF70FDE0AAF
:102A10008A07000000007B06BA09E10B8C0DB10D9E
:102A2000AE090000C3045D071F0A3907C7089C09E7
:102A30003308D6062E084A052F059F079F0A4F0B1D
:102A4000BE077009FE067505AE054F07C4071A0AD2
:102A5000940A4A08730750078B08E2064B062007C2
:102A6000C508C509330A7D087007B9051D060108A8
:102A7000340A4609EB0781075E07BC07FD074308D8
:102A800018086A07CF065807B7084809A408CB07F3
:102A9000D6063B073008A4080809F7076E07B107F8
:102AA000B90750087408AC0884072A0741074E0884
:102AB0006608BC08430875076D07E0073608690813
:102AC0005308FE07B4073108000800083A08FE075B
:102AD00023081208B807E207F307E80705086D089E
:102AE0000508CA07F307ED07EB072B080E08E707F1
:102AF0002108E8084D06FC080608880B9208910793
:102B00004C0771087A0844089D06750910097D086C
:102B10000307FA0618085E0964079408A80719084D
:102B20004E081C0898074E08F007B8070408F70776
:102B30001A0802083A08EB070C08CB070908D10766
:102B40003508F907FF07EB07EE07FA070A08FC0745
:102B5000EA07F507DF07090812081B080B080B082E
:102B6000F407F307F9070F08FB07EE071C085608E0
:102B7000B90720080F080F08ED07BA07DE0723087A
:102B8000EC071908DF07FF07E807F907DD07110859
:102B9000ED0711080C08080804080108FE070908D9
:102BA000F707E6070708080805080B080F080008DC
:102BB000F507F207FD07F707F607FC07FF0703080D
:102BC0000708070808080008F907FB07FB070008C3
:102BD0000208030803080208000802080008FE07AC
:102BE000FA07FA07FC07FF07080805080308FC07AF
:102BF000F707F507EC07B3080E079B0822066704E2
:102C00009A0A62081F080B09F4070509D308C107CF
:102C10002C074E075507C1074B08A5075108310877
:102C20006908E0078508210824081C088D08DC07CE
:102C3000D407DE07E3073708FD07EF071908060882
:102C400003080F08C607E907CE070208D8071308CC
:102C500005080908FC070508FA07FC07FD070C082A
:102C600003080608FF070408F807FF07040805081B
:102C7000F307EE07AB07DD07EE07F107D3072008E0
:102C8000EA0700081408E707F7071D08E1070C0822
:102C9000FF07FB07E6071A081B0803080F080508CB
:102CA000FA07F207F2071708F707FC07EE073108E3
:102CB000F10716080F0808080A08F9070108F307C2
:102CC00005080008FA07F0070B08FC070108FF07D2
:102CD00002080208FD07FF07FF07FF07FF070008BC
:102CE000FD070208FA0700080408430AD1079F07F6
:102CF000DF07FB0F0800FF0F0B00E40FD704F907F5
:102D0000E00EB002EC0F20071C0DA00804075208CB
:102D1000B1075D0AFB0474090D075107B00655069B
:102D20001F098505FA09B1059C0918079E08A70720
:102D3000B907AF08A306390967060E096A0709092A
:102D4000EC074C082B08C9077C086F077C089E0716
:102D50001A08A9071208FC07BC074808C30732086D
:102D6000E1072B08E107FE072A08C9073408DB073B
:102D700011080908FA070B08EA0724080008E50704
:102D800004081308F0072A080E08C6073B08EC07DA
:102D9000250813081508F507FC07FA07E7070808D0
:102DA000E0070308010812080508FC070B08F807EC
:102DB0000108FB071008FF07F1070008FE07FC07E2
:102DC000FE070408FA07FD07EC07F507F4070408F7
:102DD0000E0806080A08E607EC07F107F4070B08D7
:102DE0001C081B081308FF07F807FE071B089507B8
:102DF0002407E3092E045005FE080A08F508FA071F
:102E00000D081B08A008FF061407360941088308AF
:102E10007C082A08D207F607BC07F7076507F10701
:102E20000408DF073D0801086708B80700084108E3
:102E3000B807B4070108EF07F5070D08DD072408F8
:102E4000010800080A08FE07FF0718080008040820
:102E5000F407FF07FB07050804080008FB07FA074B
:102E6000F8070408F707FF070308BF077508850878
:102E70006F04960A2D031909FF0FFF003C0A0E028A
:102E80008804F207F407FF0F500C350B4E060000C4
:102E900003027E044C09BB0E430F210C7C05FB038F
:102EA00024071507AB056B080008B70AD309FC090E
:102EB0000E082005C9049F04F7071D0A160D250BEF
:102EC0001C08E004C004E10669098B093308A40763
:102ED000D90747085B08BE07FB063F073A085309B6
:102EE00053090B0854078906150769084A0991090F
:102EF00041095B09B50A0A00DB0F0C00F70EE40874
:102F0000B905A30310058606CC07BD0EFF0FF40913
:102F10002109000008003C07FC09D70A1D0D720DAD
:102F20005C080A02DF05CE087508BD072E08E50813
:102F3000C50888083B08DE046905B007C1099E0A78
:102F40004709FA093307AB05540523074508860AE4
:102F500071090408270787074B08F1074C07520738
:102F6000A60726086E09A809EC08CB06AB05F306F0
:102F7000550877097809280984078906CC063C0892
:102F8000D3087608C1074F0788079908F408700826
:102F90007E0710074307F707B408E0087F08F20729
:102FA00080074407C507580879082C08B307A70706
:102FB0000C084D0845080908BC07A407D8073708BE
:102FC0003F081C080D08EA07C607CF07F0071008DE
:102FD0003E0846081F08D407B807D007FF071F0898
:102FE00027080A08FA07F10708081708DC08D807B5
:102FF00027074E08E308F2074A0904084507110AA3
:10300000BF065A0731091C09B007C207F907F707BD
:10301000E90701084F08F2073A08B307F407020866
:1030200033081F083E08AF072508C2070A08120820
:10303000C007DB07DA070C082008F50704080708B3
:10304000F5070008F8070D080608F807EB07FE0764
:10305000FB071E0818080508F207EC07F607050825
:103060000D080E08F207FA07F407FC0727082B08DB
:10307000D7070F080008DE074A080308EF07DC0738
:10308000EC07F2070B081208420836081708050873
:103090000D08CB071F08EA07DC0731082A082E08AD
:1030A000E0072F08EC07F8073E08BB071D08F807E4
:1030B0003908ED070C08EE07F207F007EE070608DF
:1030C000FB07FE07FE070308FE0700080208FF07CC
:1030D000FD0702080008FC07FE07000802080208B6
:1030E0000108FD0709080008EF07F2070F07F50FB1
:1030F0001600FF0F0800EE0FBE001709950CCF0653
:103100009A0CB8082D09C605860510069907E60928
:1031100000049C091A071C09B007C307D2096506F9
:103120004F07B504750A13063A08E3050E08B507FC
:103130004B07D1090B075E09B60647094B07C308C1
:1031400086075A0844085F07710880075408C307B8
:103150003C08BE07EC072608DC074308D807280808
:10316000F1073A082308EB070408C007F407E5074E
:1031700031080A081F084C08E007E407C8071708C9
:10318000BF07E807E807FC070008F2072208100855
:103190001708D507F807EE07F60706080108010823
:1031A000FB071E08040813080A0803080B08EC07AD
:1031B0000008FC07FA07F30709080008FF070108E1
:1031C000040805080108FD070708FE07FE07FA07BF
:1031D000F807FE07F807FB07FC07060807080208C0
:1031E000F5070808F507F00700084F09200B030052
:1031F000E30F0000EB0F1C0642087301CD068F059C
:103200002B0A0D0EED0F6409960702002101170A23
:103210002E0A380D340BBB0E05056102C805B7092F
:10322000F20830081C096808DE07130886079103B6
:103230005506DC088C0CDF09C209C608E506110535
:10324000DC05A9074609EB0AC4097C07D4066E070A
:103250005008F906BC06D5072009C209000A300843
:10326000C3067305BA064C08D3099208C80751076C
:10327000EB0787083308CA08C3079F06D406F1077F
:103280004D09B309A5084207ED052B073408B2081C
:10329000B4080A086107920727081B087408870802
:1032A0000E08AF07A0074308C7086F08AF079B07C2
:1032B000AB07F0072B082F080008E307A607EA076B
:1032C0002608EA07420824081808D807EA07BE07B4
:1032D0001008370827084708F207C507C407FD0785
:1032E000E6071208060801085808E1087907A80748
:1032F000B7089B07A90809074F082B09C7073D090D
:1033000077077E063C07DB08A307C8074F08DA07E4
:10331000A4071708A00711077708E6073508A707CD
:103320005B0866072F08C807E707E007CD07DF0738
:103330000908DE0719080A08F4072B08FE07090820
:10334000F9070B080F081B08EA07FC07E307060844
:103350000E081508FB07F407FD07FE0707080B0812
:10336000FC07F807E5071F082508F907F7075A08BB
:10337000B007FF0706081D0813081608F4073608EB
:10338000F607FF0700080008FF07180813080A08D7
:10339000FF0700080608FB070408F707F8071708E7
:1033A0000C080E080308FD07F907F807ED070208E7
:1033B000060800080208FF070108FD070508FB07CB
:1033C000F807F707FD07FD070308000803080208D0
:1033D000030802080108FF07FA07FC07FE070408B4
:1033E000050805080108F907FC0720089C08800467
:1033F0000A062706640932052B0FAC032508E601EF
:10340000B4057207CF0CFC0F180C87083B010000B5
:103410004E05340A340A800DE60C0D0B2602C70453
:10342000ED07420923079208A30843095F089208A1
:103430000D06A4045F071609F20A4109050AED0703
:1034400004061505BF06DA07240AEC0952085207DC
:103450006C070B0841084B0763077407FC07070953
:103460007709360920078C054C06EC0749099009B5
:1034700016091508B906A706DA07C7089F08F7074F
:10348000720754076508F9088708B8071E07190767
:10349000B7078708E208A308090890073F079C07B9
:1034A0003E0886084008CE079F07EC0749085008E9
:1034B0001F08CA07A407CD072408480820081408D5
:1034C000F207CE07CE07E307FF0732084C082B08A8
:1034D000DF07BC07C607F00718082708140801080B
:1034E000EC07FF071F08FC0774013908D001F30E31
:1034F0000700FF0F7900AB0F3D035F07360DB006E5
:103500002E0C39058F0DF30774074207A1063F09FA
:103510008B06CA074F07E006C60768073A09840604
:10352000A009A6059B0973063409E7076F07F6088B
:103530000807230914070A091E07E3088407480837
:103540002808C7076108780754088F0764089C0794
:103550003508F707D5073208E1073F08CF073A08D3
:10356000F407F6070708E0071E08ED07FE07FE0749
:103570001A080F08FD07EB07F4070608B7071E082F
:103580000308E8070A08E6070A081F08FC07E90716
:103590000C08FD07FB07FD07ED070608FC071E08E2
:1035A000EC070D08F5070108FC071008FB07EF07FB
:1035B0001308FB070008FB0707081208100800089B
:1035C000EF07E707F3070F0810081208F707E907E6
:1035D000EC07EE07FA07FE0719080E080F08F007B8
:1035E000F407F4071B0791076B07A7094704A40515
:1035F0006E0A3D087005E609FA0833080309F90761
:103600009B07870729095907CA082D0865089C07E1
:103610006308FA076108D107B3082C084B08D707DD
:1036200028080B08D7070308EC07EC07160803085F
:1036300004081108EC070608E40715080A08FE0745
:10364000FF070A08FF070508030806080408FC0727
:103650000B08FF070708F907FD07F7070508FC0730
:103660000108DB071508150B6A04F50E1000FF0FA3
:1036700066068307B0064B01D307F2054C0DFF0F1A
:103680005C0A5C0B1901010052030F06A20BE00F4C
:10369000490EC809D9030105D80781051707C507D1
:1036A0007A096A0AEA0991097C06FB047B049205FF
:1036B000D9084C0BEE0C130AB4067E045305170808
:1036C000A4092709BA07BD07FC075C0844084E0790
:1036D00000079707AA089909C808C2070007A600AB
:1036E00000000000000000000000000000000000DA
:1036F00000000000000000000000000000000000CA
:1037000000000000000000000000000000000000B9
:1037100000000000000000000000000000000000A9
:103720000000000000000000000000000000000099
:103730000000000000000000000000000000000089
:103740000000000000000000000000000000000079
:103750000000000000000000000000000000000069
:103760000000000000000000000000000000000059
:103770000000000000000000000000000000000049
:103780000000000000000000000000000000000039
:103790000000000000000000000000000000000029
:1037A0000000000000000000000000000000000019
:1037B0000000000000000000000000000000000009
:1037C00000000000000000000000000000000000F9
:1037D00000000000000000000000000000000000E9
:1037E00000000000000000000000000000000000D9
:1037F00000000000000000000000000000000000C9
:1038000000000000000000000000000000000000B8
:1038100000000000000000000000000000000000A8
:103820000000000000000000000000000000000098
:103830000000000000000000000000000000000088
:103840000000000000000000000000000000000078
:103850000000000000000000000000000000000068
:103860000000000000000000000000000000000058
:103870000000000000000000000000000000000048
:103880000000000000000000000000000000000038
:103890000000000000000000000000000000000028
:1038A0000000000000000000000000000000000018
:1038B0000000000000000000000000000000000008
:1038C00000000000000000000000000000000000F8
:1038D00000000000000000000000000000000000E8
:1038E00000000000000000000000000000000000D8
:1038F00000000000000000000000000000000000C8
:1039000000000000000000000000000000000000B7
:1039100000000000000000000000000000000000A7
:103920000000000000000000000000000000000097
:103930000000000000000000000000000000000087
:103940000000000000000000000000000000000077
:103950000000000000000000000000000000000067
:103960000000000000000000000000000000000057
:103970000000000000000000000000000000000047
:103980000000000000000000000000000000000037
:103990000000000000000000000000000000000027
:1039A0000000000000000000000000000000000017
:1039B0000000000000000000000000000000000007
:1039C00000000000000000000000000000000000F7
:1039D00000000000000000000000000000000000E7
:1039E00000000000000000000000000000000000D7
:1039F00000000000000000000000000000000000C7
:103A000000000000000000000000000000000000B6
:103A100000000000000000000000000000000000A6
:103A20000000000000000000000000000000000096
:103A30000000000000000000000000000000000086
:103A40000000000000000000000000000000000076
:103A50000000000000000000000000000000000066
:103A60000000000000000000000000000000000056
:103A70000000000000000000000000000000000046
:103A80000000000000000000000000000000000036
:103A90000000000000000000000000000000000026
:103AA0000000000000000000000000000000000016
:103AB0000000000000000000000000000000000006
:103AC00000000000000000000000000000000000F6
:103AD00000000000000000000000000000000000E6
:103AE00000000000000000000000000000000000D6
:103AF00000000000000000000000000000000000C6
:103B000000000000000000000000000000000000B5
:103B100000000000000000000000000000000000A5
:103B20000000000000000000000000000000000095
:103B30000000000000000000000000000000000085
:103B40000000000000000000000000000000000075
:103B50000000000000000000000000000000000065
:103B60000000000000000000000000000000000055
:103B70000000000000000000000000000000000045
:103B80000000000000000000000000000000000035
:103B90000000000000000000000000000000000025
:103BA0000000000000000000000000000000000015
:103BB0000000000000000000000000000000000005
:103BC00000000000000000000000000000000000F5
:103BD00000000000000000000000000000000000E5
:103BE00000000000000000000000000000000000D5
:103BF00000000000000000000000000000000000C5
:103C000000000000000000000000000000000000B4
:103C100000000000000000000000000000000000A4
:103C20000000000000000000000000000000000094
:103C30000000000000000000000000000000000084
:103C40000000000000000000000000000000000074
:103C50000000000000000000000000000000000064
:103C60000000000000000000000000000000000054
:103C70000000000000000000000000000000000044
:103C80000000000000000000000000000000000034
:103C90000000000000000000000000000000000024
:103CA0000000000000000000000000000000000014
:103CB0000000000000000000000000000000000004
:103CC00000000000000000000000000000000000F4
:103CD00000000000000000000000000000000000E4
:103CE00000000000000000000000000000000000D4
:103CF00000000000000000000000000000000000C4
:103D000000000000000000000000000000000000B3
:103D100000000000000000000000000000000000A3
:103D20000000000000000000000000000000000093
:103D30000000000000000000000000000000000083
:103D40000000000000000000000000000000000073
:103D50000000000000000000000000000000000063
:103D60000000000000000000000000000000000053
:103D70000000000000000000000000000000000043
:103D80000000000000000000000000000000000033
:103D90000000000000000000000000000000000023
:103DA0000000000000000000000000000000000013
:103DB0000000000000000000000000000000000003
:103DC00000000000000000000000000000000000F3
:103DD00000000000000000000000000000000000E3
:103DE00000000000000000000000000000000000D3
:103DF00000000000000000000000000000000000C3
:103E000000000000000000000000000000000000B2
:103E100000000000000000000000000000000000A2
:103E20000000000000000000000000000000000092
:103E30000000000000000000000000000000000082
:103E40000000000000000000000000000000000072
:103E50000000000000000000000000000000000062
:103E60000000000000000000000000000000000052
:103E70000000000000000000000000000000000042
:103E80000000000000000000000000000000000032
:103E90000000000000000000000000000000000022
:103EA0000000000000000000000000000000000012
:103EB0000000000000000000000000000000000002
:103EC00000000000000000000000000000000000F2
:103ED00000000000000000000000000000000000E2
:103EE00000000000000000000000000000000000D2
:103EF00000000000000000000000000000000000C2
:103F000000000000000000000000000000000000B1
:103F100000000000000000000000000000000000A1
:103F20000000000000000000000000000000000091
:103F30000000000000000000000000000000000081
:103F40000000000000000000000000000000000071
:103F50000000000000000000000000000000000061
:103F60000000000000000000000000000000000051
:103F70000000000000000000000000000000000041
:103F80000000000000000000000000000000000031
:103F90000000000000000000000000000000000021
:103FA0000000000000000000000000000000000011
:103FB0000000000000000000000000000000000001
:103FC00000000000000000000000000000000000F1
:103FD00000000000000000000000000000000000E1
:103FE00000000000000000000000000000000000D1
:103FF00000000000000000000000000000000000C1
:1040000000000000000000000000000000000000B0
:1040100000000000000000000000000000000000A0
:104020000000000000000000000000000000000090
:104030000000000000000000000000000000000080
:104040000000000000000000000000000000000070
:104050000000000000000000000000000000000060
:104060000000000000000000000000000000000050
:104070000000000000000000000000000000000040
:104080000000000000000000000000000000000030
:104090000000000000000000000000000000000020
:1040A0000000000000000000000000000000000010
:1040B0000000000000000000000000000000000000
:1040C00000000000000000000000000000000000F0
:1040D00000000000000000000000000000000000E0
:1040E00000000000000000000000000000000000D0
:1040F00000000000000000000000000000000000C0
:1041000000000000000000000000000000000000AF
:10411000000000000000000000000000000000009F
:10412000000000000000000000000000000000008F
:10413000000000000000000000000000000000007F
:10414000000000000000000000000000000000006F
:10415000000000000000000000000000000000005F
:10416000000000000000000000000000000000004F
:10417000000000000000000000000000000000003F
:10418000000000000000000000000000000000002F
:10419000000000000000000000000000000000001F
:1041A000000000000000000000000000000000000F
:1041B00000000000000000000000000000000000FF
:1041C00000000000000000000000000000000000EF
:1041D00000000000000000000000000000000000DF
:1041E00000000000000000000000000000000000CF
:1041F00000000000000000000000000000000000BF
:1042000000000000000000000000000000000000AE
:10421000000000000000000000000000000000009E
:10422000000000000000000000000000000000008E
:10423000000000000000000000000000000000007E
:10424000000000000000000000000000000000006E
:10425000000000000000000000000000000000005E
:10426000000000000000000000000000000000004E
:10427000000000000000000000000000000000003E
:10428000000000000000000000000000000000002E
:10429000000000000000000000000000000000001E
:1042A000000000000000000000000000000000000E
:1042B00000000000000000000000000000000000FE
:1042C00000000000000000000000000000000000EE
:1042D00000000000000000000000000000000000DE
:1042E00000000000000000000000000000000000CE
:1042F00000000000000000000000000000000000BE
:1043000000000000000000000000000000000000AD
:10431000000000000000000000000000000000009D
:10432000000000000000000000000000000000008D
:10433000000000000000000000000000000000007D
:10434000000000000000000000000000000000006D
:10435000000000000000000000000000000000005D
:10436000000000000000000000000000000000004D
:10437000000000000000000000000000000000003D
:10438000000000000000000000000000000000002D
:10439000000000000000000000000000000000001D
:1043A000000000000000000000000000000000000D
:1043B00000000000000000000000000000000000FD
:1043C00000000000000000000000000000000000ED
:1043D00000000000000000000000000000000000DD
:1043E00000000000000000000000000000000000CD
:1043F00000000000000000000000000000000000BD
:1044000000000000000000000000000000000000AC
:10441000000000000000000000000000000000009C
:10442000000000000000000000000000000000008C
:10443000000000000000000000000000000000007C
:10444000000000000000000000000000000000006C
:10445000000000000000000000000000000000005C
:10446000000000000000000000000000000000004C
:10447000000000000000000000000000000000003C
:10448000000000000000000000000000000000002C
:10449000000000000000000000000000000000001C
:1044A000000000000000000000000000000000000C
:1044B00000000000000000000000000000000000FC
:1044C00000000000000000000000000000000000EC
:1044D00000000000000000000000000000000000DC
:1044E00000000000000000000000000000000000CC
:1044F00000000000000000000000000000000000BC
:1045000000000000000000000000000000000000AB
:10451000000000000000000000000000000000009B
:10452000000000000000000000000000000000008B
:10453000000000000000000000000000000000007B
:10454000000000000000000000000000000000006B
:10455000000000000000000000000000000000005B
:10456000000000000000000000000000000000004B
:10457000000000000000000000000000000000003B
:10458000000000000000000000000000000000002B
:10459000000000000000000000000000000000001B
:1045A000000000000000000000000000000000000B
:1045B00000000000000000000000000000000000FB
:1045C00000000000000000000000000000000000EB
:1045D00000000000000000000000000000000000DB
:1045E00000000000000000000000000000000000CB
:1045F00000000000000000000000000000000000BB
:1046000000000000000000000000000000000000AA
:10461000000000000000000000000000000000009A
:10462000000000000000000000000000000000008A
:10463000000000000000000000000000000000007A
:10464000000000000000000000000000000000006A
:10465000000000000000000000000000000000005A
:10466000000000000000000000000000000000004A
:10467000000000000000000000000000000000003A
:10468000000000000000000000000000000000002A
:10469000000000000000000000000000000000001A
:1046A000000000000000000000000000000000000A
:1046B00000000000000000000000000000000000FA
:1046C00000000000000000000000000000000000EA
:1046D00000000000000000000000000000000000DA
:1046E000000000000008000800080008000800089A
:1046F000000800080008000800085B082E08EC0706
:104700006E081E07CC08B305E408ED0690089C0768
:1047100015082D098D0805094D08B909C90825098D
:104720005D082C09E007E00813076E08FB06230864
:104730001106E7072B06DD072B06DE073907E8071A
:104740002F080308D50894083209610878096A0817
:104750004F090B0806098B07CF08F6064508A40683
:1047600011084206B4077706C407BC060E085307B3
:1047700046081A089E087608C908E808A508090925
:104780007C08ED0825089E08960756083A07030896
:10479000BC06DB078606BE07AC06D807FA06340857
:1047A000700784081308D9086708D408D108CC0812
:1047B000D10881089D083008550886071108380778
:1047C000CB07C406B907AE06BA07E006F5071D0712
:1047D0006808A007B2081A0801096308F408AF08BE
:1047E000C508A008790862081C0818087207D707CE
:1047F0001D07B307C406B007D206E10703072F0859
:104800003F079C08C307DC0825080F096808E10872
:104810007808CB08A0082608750807087B09520607
:10482000C5075F0775076C07DD063707C50756071D
:10483000B808F0062409D1070D09BA0879087E08DE
:104840001909BB083809470756086B0821080808EA
:104850007806E0079207B207230750070C07AA085B
:104860000F071009F306B9087D08F508C2083508D6
:10487000360876096208B8086D070D0851088307E5
:104880001008AA06260778073F08FD0649051906FD
:1048900018075A035A087E06B50DD1094D0D950724
:1048A0000D0289043409F80B060ADC0AEB047504CE
:1048B0009D04F4089909690A010BEA048503B4050B
:1048C0001C090F0A910770098307B3079E07130994
:1048D000470A840A7E0884061E06F809F3082008A1
:1048E000DF0665065606BB06BA07330A720941079A
:1048F0003A0765049C088F08930AA6080409210852
:10490000E00699078508A8086C08CC071B078B07E9
:1049100010085A080708B507D807C7070E08210866
:1049200051085C080208FE07C607050813082E0890
:104930004208ED07E007A707BB070608F60734089B
:10494000F107DF07B707F507010842083B082D0804
:10495000D907D6070E08240836082508FA070008E4
:10496000C607E307080801082608D707DB07BD07C5
:10497000E9070908FC071008FE07F807E607F4072F
:104980001D081C082C081F080C08F307F9070F085E
:1049900019081E08F307F407D607F507DC070B080C
:1049A000F407F307FB07CA070A08E707F00715082B
:1049B00011083508F4070D080308FC07020825084C
:1049C0001F082A08D207DF07ED07F1071008EF07D5
:1049D0000808D807DC07F907F00702081508F707E9
:1049E0001808EF070D08130803083808F407FB0739
:1049F000090801081A08EE07FC070308CE070A0891
:104A0000C907E7075E08E906AD08EB054009CC07D2
:104A100099089A07E9060E097C07C408F706F90702
:104A20009B08A0072B08A607BA079F085207E707AD
:104A300001085107A8084F07BC08BC0759074108DF
:104A4000C60764083908A40790088807FE076008AD
:104A5000A107FD087C0722080A08A007A8089007FC
:104A600006083608A90775086607D9079308D80706
:104A7000CC083C0795076408E0079908750700080B
:104A80002908D8072508C7070D081708F2072308C3
:104A9000DC07F407FD07F1071A08F5070A08F9070C
:104AA000F0071108F30706080908F6070F08F107D1
:104AB000F6070E08EE071608F20700080808EA07CE
:104AC0001308FC0704080C08F1070908F507FE079E
:104AD0001208F2070D08F007FF070308FA0701089C
:104AE000FE07FB0704080008F9070308F807070892
:104AF000FF07FD07040897080407530BBA06F80AD6
:104B0000B20686099F074F083006E307E707330719
:104B100003083007DF094E07500A5206D5099D06E3
:104B20001109C005BC08C3060C081807E407E00813
:104B3000AB07190AE306F5092F074C0919069F0868
:104B4000F506B807A7076A07F5085C07F609FE0629
:104B5000E409330751094206B408BB06D4073907F4
:104B60007C07760875079E090C07E3096F0769093A
:104B7000A106BC08ED06F3072C078B07570873073F
:104B800086090F07E30969075809B006CC080B0727
:104B9000F4071F078607210856073609E606060AA6
:104BA00059078109B206E8080E0717083307AF074F
:104BB00000087607F2081E07C80975078B09D50695
:104BC0001809F10620083107B30708086B07CE085B
:104BD0001507A2097A076909F4063A09F3063908A4
:104BE0001507BD07FF075907C9081B079009760776
:104BF000480906074E09FF0660080807E207CF07C5
:104C00007D0797082F0798095D076C09F206790957
:104C10001907CF0864073E072E086C076E09E406E3
:104C2000F30801089709D206FB08EC070808750786
:104C3000140841071A08BE086B0648099E07B70802
:104C4000C30691091D07EB078607AD077D07050819
:104C50001808E906CA0976078F08EA076909E30612
:104C6000AF087D07CA0700080B08B307D0077F0904
:104C7000DE064909C10791080107F5075608F4083F
:104C80001A060707990742097807320622094506DE
:104C9000920BA70A790628047409290998084B067B
:104CA000140A7F076206830CED053B074708F908E5
:104CB00095071108E805350872088F08320B36068B
:104CC0008006CA07EF0A640665084D063E078D0890
:104CD00089082408F4065609A00818094A06150987
:104CE000C90592099A088506C90704072D08540AC0
:104CF00015099E059108E207B008D1070D088F0736
:104D0000E0070D08E607E407EF07A908EF07160814
:104D1000AD07F407BA0717082F08F6073608DF07AC
:104D20000F08B90725081A085B08BA07F807A9078A
:104D30000B08270809080108D5073508E807FD070B
:104D4000CD073808E3071D08DF07C7070408040874
:104D5000210805082408D6071208E1072208E607FB
:104D60002008F207F407EF07EE07010825082308DB
:104D7000DB070E08E3071E08F0071108D80717081D
:104D8000EF07FD070408F3070A0816080F08EF07E6
:104D9000FA07F1070A08FD071908F407EE070108EA
:104DA0000E080208FF071208FB070808F107F107C1
:104DB00008082D08DE07FC070A08FD07000812088E
:104DC000F607F8072008ED07FC07FE07FC07E507D4
:104DD0001B080608FD07EF0700081808010810085F
:104DE000E807FD0705080708E5070D08F8070208AA
:104DF0001C08EB07F407010817082D080908E60747
:104E0000E907EA073008F907F906D708B207520799
:104E10008108FA076607B20710082608D30770074B
:104E20009107920845085B07F0074D0800086008E5
:104E3000FF07770770086F08B907EA07AA08E607AF
:104E40006F07C108C407A2077C087C07130879080C
:104E50005607B1072508EF072E08AF07D00711083E
:104E60005308E30798074C083508C9074D0824087C
:104E7000E70715083908ED07E6078B08C907940707
:104E8000C308B1079F076408A907F6073908830715
:104E90000F081408B807EB071908E707FA072608F0
:104EA000EA07FD072008FD07F40707080D080708B3
:104EB000F40708080A08E8070D080108F3070008C6
:104EC0000708FC0700080108F60702080A08FA07A5
:104ED000FA070A08FC07FF07FF07FD07FA070C0897
:104EE000FC07F70703080408FA0701080408F60797
:104EF000010800080808FB07F3072E08E8077207F7
:104F00001F093E07A408CE06E508D4075F078F09EE
:104F10006607920810070A08B50877075A088D0730
:104F20001708A6083507580832086B07ED08D7069A
:104F30007208C107A407D90883074908B407DB072B
:104F4000AC08700706081708A707C6080607430835
:104F50006908C607BC08250747081508CE07880852
:104F6000730734084A089207BB0857071C087508DE
:104F70008A079F0832071F085E08D1076E0872076C
:104F800005086008880767089A07E307760874072A
:104F900063089E07F2078A088A0753089C07C90717
:104FA000A8086D075908D607CA07A7085807600858
:104FB000E507F40787084E075008FD07D1079F084B
:104FC0006C0748080F08BB078708730732081908E1
:104FD000D30761087A0715084008CB075B087B07F1
:104FE00004084108B7076308880708085708A0079E
:104FF0004F08C507E307A30887071808E307C60794
:10500000F7083B07EE07EF07A9076108880768085C
:105010006408A9070E087907810868086D07550814
:105020008B074908E507BF071E092F07D107990716
:1050300033088008AE077908E4079307C70701081B
:1050400030088708BA071008AC07AE076508C00724
:10505000AE08D5078D074408A307C1088E07C2070D
:105060007A0898073D08BF07420853085F072108E0
:10507000EE070008AF08CB07250843078A076C082E
:105080007A08E708CD095B0946059C0A0006630E0D
:10509000D5072B05CC0C1B069B070F0CBE067D0607
:1050A000D4083609C706E506390805082D0798080B
:1050B000910A85040A097E0ADE069808BA05CD0819
:1050C00016093C0834091A06FE07B308C307EC07A3
:1050D000DB06A20770076C07D3084408A306100874
:1050E0005109B50736077E07140945089B074A0A88
:1050F0003507C607C509F306B00799074208B9077F
:105100008507DB085A08C6071E080F08E507E407ED
:10511000AA078D075B084F080D08DD07DA0743086B
:10512000EF07F707E507E5074C08CF07F2072D085B
:10513000DC072108EF071F081008E7071208DE0741
:1051400022080908DB071308E5070D081808E3071C
:105150001908F30704080608E1071A08EF07FE0715
:105160001308E6070608F90701080708F0070D0805
:10517000F00701080508EC071508F1070408000806
:10518000F2070708F307FE070D08D9071908F40707
:1051900001080F08D8071C08F807F9071508F407D5
:1051A0000008FE07F8073D08DE070C081108EA07AB
:1051B0001B08E30703080008F5071108E0070908C2
:1051C000FE07FC071508F2070008F6070208110899
:1051D000EF070A080A08EB0706080208EF070D08A0
:1051E000EE070208FA07F4071B08DB071108FE07A1
:1051F000EA071608E0071508FE0700080A08DA079C
:1052000040081208F207D007DB0732082E0806080C
:10521000F9071908D60793087E07EC0881073608B6
:10522000F607050828088107EC07D20754089107FC
:1052300017088F07DE089C074C08F307FF073E0896
:10524000CF07120872071E0874079C089B0777088F
:105250008F0789086908FA072408A0073F08820712
:1052600019086207590888079A08C6076D080D08CB
:10527000F5076308BB07400865073708710748084A
:105280008B077608B9075F080C0809086C08BA078D
:105290004D08810753086207370890076008B10777
:1052A00053081C0806083A08D7073808CA07240814
:1052B000C4071308E5071108EF0700080908F607F7
:1052C0001208F3070C08F7070F08F9070508FD0790
:1052D000FF070408F5070A08EE070808F2070D089B
:1052E000F1070608FD0707080408FA070A08F60789
:1052F0001308E4070B08D807E107F70876083D090B
:1053000092062F08F0086A07710871073808D40858
:105310009B07630866078C085B08A1078208600783
:10532000CA07A608C1078508BF07BD07B7089207C7
:105330002E08A20705089B0852073408D307E50783
:10534000C50856075408F1077D079B086B074F08EF
:10535000EE07C9079D0868074108F907E507B9087E
:105360003B0717082508BC07B5085F0742083B083C
:10537000B3078508610744082E08B5078E08610742
:105380000E085808BE078C087707EF074A08B007D1
:105390007208750715084F08AC0748089C07F60700
:1053A0007C0892074D08AB07D5077F0887076D0873
:1053B000B507EF07640889074D08D907DD078F088F
:1053C00073074008F107D6079B0868074E08E907EE
:1053D000DD076A0887073F081708D50766088207B0
:1053E00021082E08C1076808750718082308B707A1
:1053F0008A0851078108AC072808ED0639088A0792
:10540000330997085707FA06B306B90904082F08A5
:1054100085086F07BB074B07640918086707190859
:1054200059074A0826086D083908040750078708F5
:1054300030080F092D0894070B073F07AD09B20785
:1054400037083C088507E2075607D8081A08960768
:10545000C807CA07230881086B08E3071D0751071F
:105460001D09ED07A608650840079D070D075909A6
:10547000D1070F087508FC06CF08430765067809B1
:10548000130935072D0895064D05DD093809FA0879
:105490009D07DB0942073607DA07C307DA09E70584
:1054A00049080E086708CB08D2061B08A208D109D4
:1054B0003B083B065B0784063808BA09D409A207F3
:1054C0003B07A10703088B07E2060809ED07270938
:1054D0002E08BF07260812078A08180876072C0826
:1054E0006608BD083207CB07D4077507ED08E40747
:1054F000570898077D06040759078208E408DD0667
:105500000C0A6C07BB0AFE05FD0862066709CF0698
:10551000CF07E006C3077708A0061B095C070D0B41
:1055200078067009DA063809B6060308B406680872
:105530001D084F077208D5074C0AC906B709F506BA
:105540007109C606A307BC06E6070508E706C608F4
:10555000D807F709D3067609BE06EE09EA061C0845
:1055600085061808B007D406AF08C307200A340719
:1055700068090E078609350722080C071308B807C3
:10558000C70649086107E7095A0770091A07BF09E2
:10559000C0064508C90687088107120757082B0768
:1055A0009E091207AB096607E609D8065908C50621
:1055B00068088C073A07530871076D09B8068B090C
:1055C00069079E092C0786080C0730084707400723
:1055D0001108AA0733090207760951079809080735
:1055E000AD083D077F08340745070C08B507D0080C
:1055F0001E079D095F078C09ED06B3088107460861
:105600007F07B20761077907A209D806EF08DD080E
:10561000E9092306D709E207FB07A107FC079D0755
:10562000D7078D096006B0090108A108390792095A
:1056300074061008F507AD0654070408A1076D06A7
:10564000B109BE0672080908B608A806140A3C0784
:105650000207E808C5070208E707B409E606070AD3
:10566000B4074008DE07F408C10604086D08E10627
:1056700044089207950880060009AE05260A3207FD
:105680009903EF08D107000653072C0A2305F107F9
:10569000610B5B082605710AEC07870885067B0805
:1056A0007B06000611081D075D085E077D08C2071E
:1056B00081097D06BC08C8080907DE08D207E30691
:1056C0007E07430766072D0800085A076C07B608CF
:1056D000D008E0075D07D5081209B4076208B900D1
:1056E00000000000000000000000000000000000BA
:1056F00000000000000000000000000000000000AA
:105700000000000000000000000000000000000099
:105710000000000000000000000000000000000089
:105720000000000000000000000000000000000079
:105730000000000000000000000000000000000069
:105740000000000000000000000000000000000059
:105750000000000000000000000000000000000049
:105760000000000000000000000000000000000039
:105770000000000000000000000000000000000029
:105780000000000000000000000000000000000019
:105790000000000000000000000000000000000009
:1057A00000000000000000000000000000000000F9
:1057B00000000000000000000000000000000000E9
:1057C00000000000000000000000000000000000D9
:1057D00000000000000000000000000000000000C9
:1057E00000000000000000000000000000000000B9
:1057F00000000000000000000000000000000000A9
:105800000000000000000000000000000000000098
:105810000000000000000000000000000000000088
:105820000000000000000000000000000000000078
:105830000000000000000000000000000000000068
:105840000000000000000000000000000000000058
:105850000000000000000000000000000000000048
:105860000000000000000000000000000000000038
:105870000000000000000000000000000000000028
:105880000000000000000000000000000000000018
:105890000000000000000000000000000000000008
:1058A00000000000000000000000000000000000F8
:1058B00000000000000000000000000000000000E8
:1058C00000000000000000000000000000000000D8
:1058D00000000000000000000000000000000000C8
:1058E00000000000000000000000000000000000B8
:1058F00000000000000000000000000000000000A8
:105900000000000000000000000000000000000097
:105910000000000000000000000000000000000087
:105920000000000000000000000000000000000077
:105930000000000000000000000000000000000067
:105940000000000000000000000000000000000057
:105950000000000000000000000000000000000047
:105960000000000000000000000000000000000037
:105970000000000000000000000000000000000027
:105980000000000000000000000000000000000017
:105990000000000000000000000000000000000007
:1059A00000000000000000000000000000000000F7
:1059B00000000000000000000000000000000000E7
:1059C00000000000000000000000000000000000D7
:1059D00000000000000000000000000000000000C7
:1059E00000000000000000000000000000000000B7
:1059F00000000000000000000000000000000000A7
:105A00000000000000000000000000000000000096
:105A10000000000000000000000000000000000086
:105A20000000000000000000000000000000000076
:105A30000000000000000000000000000000000066
:105A40000000000000000000000000000000000056
:105A50000000000000000000000000000000000046
:105A60000000000000000000000000000000000036
:105A70000000000000000000000000000000000026
:105A80000000000000000000000000000000000016
:105A90000000000000000000000000000000000006
:105AA00000000000000000000000000000000000F6
:105AB00000000000000000000000000000000000E6
:105AC00000000000000000000000000000000000D6
:105AD00000000000000000000000000000000000C6
:105AE00000000000000000000000000000000000B6
:105AF00000000000000000000000000000000000A6
:105B00000000000000000000000000000000000095
:105B10000000000000000000000000000000000085
:105B20000000000000000000000000000000000075
:105B30000000000000000000000000000000000065
:105B40000000000000000000000000000000000055
:105B50000000000000000000000000000000000045
:105B60000000000000000000000000000000000035
:105B70000000000000000000000000000000000025
:105B80000000000000000000000000000000000015
:105B90000000000000000000000000000000000005
:105BA00000000000000000000000000000000000F5
:105BB00000000000000000000000000000000000E5
:105BC00000000000000000000000000000000000D5
:105BD00000000000000000000000000000000000C5
:105BE00000000000000000000000000000000000B5
:105BF00000000000000000000000000000000000A5
:105C00000000000000000000000000000000000094
:105C10000000000000000000000000000000000084
:105C20000000000000000000000000000000000074
:105C30000000000000000000000000000000000064
:105C40000000000000000000000000000000000054
:105C50000000000000000000000000000000000044
:105C60000000000000000000000000000000000034
:105C70000000000000000000000000000000000024
:105C80000000000000000000000000000000000014
:105C90000000000000000000000000000000000004
:105CA00000000000000000000000000000000000F4
:105CB00000000000000000000000000000000000E4
:105CC00000000000000000000000000000000000D4
:105CD00000000000000000000000000000000000C4
:105CE00000000000000000000000000000000000B4
:105CF00000000000000000000000000000000000A4
:105D00000000000000000000000000000000000093
:105D10000000000000000000000000000000000083
:105D20000000000000000000000000000000000073
:105D30000000000000000000000000000000000063
:105D40000000000000000000000000000000000053
:105D50000000000000000000000000000000000043
:105D60000000000000000000000000000000000033
:105D70000000000000000000000000000000000023
:105D80000000000000000000000000000000000013
:105D90000000000000000000000000000000000003
:105DA00000000000000000000000000000000000F3
:105DB00000000000000000000000000000000000E3
:105DC00000000000000000000000000000000000D3
:105DD00000000000000000000000000000000000C3
:105DE00000000000000000000000000000000000B3
:105DF00000000000000000000000000000000000A3
:105E00000000000000000000000000000000000092
:105E10000000000000000000000000000000000082
:105E20000000000000000000000000000000000072
:105E30000000000000000000000000000000000062
:105E40000000000000000000000000000000000052
:105E50000000000000000000000000000000000042
:105E60000000000000000000000000000000000032
:105E70000000000000000000000000000000000022
:105E80000000000000000000000000000000000012
:105E90000000000000000000000000000000000002
:105EA00000000000000000000000000000000000F2
:105EB00000000000000000000000000000000000E2
:105EC00000000000000000000000000000000000D2
:105ED00000000000000000000000000000000000C2
:105EE00000000000000000000000000000000000B2
:105EF00000000000000000000000000000000000A2
:105F00000000000000000000000000000000000091
:105F10000000000000000000000000000000000081
:105F20000000000000000000000000000000000071
:105F30000000000000000000000000000000000061
:105F40000000000000000000000000000000000051
:105F50000000000000000000000000000000000041
:105F60000000000000000000000000000000000031
:105F70000000000000000000000000000000000021
:105F80000000000000000000000000000000000011
:105F90000000000000000000000000000000000001
:105FA00000000000000000000000000000000000F1
:105FB00000000000000000000000000000000000E1
:105FC00000000000000000000000000000000000D1
:105FD00000000000000000000000000000000000C1
:105FE00000000000000000000000000000000000B1
:105FF00000000000000000000000000000000000A1
:106000000000000000000000000000000000000090
:106010000000000000000000000000000000000080
:106020000000000000000000000000000000000070
:106030000000000000000000000000000000000060
:106040000000000000000000000000000000000050
:106050000000000000000000000000000000000040
:106060000000000000000000000000000000000030
:106070000000000000000000000000000000000020
:106080000000000000000000000000000000000010
:106090000000000000000000000000000000000000
:1060A00000000000000000000000000000000000F0
:1060B00000000000000000000000000000000000E0
:1060C00000000000000000000000000000000000D0
:1060D00000000000000000000000000000000000C0
:1060E00000000000000000000000000000000000B0
:1060F00000000000000000000000000000000000A0
:10610000000000000000000000000000000000008F
:10611000000000000000000000000000000000007F
:10612000000000000000000000000000000000006F
:10613000000000000000000000000000000000005F
:10614000000000000000000000000000000000004F
:10615000000000000000000000000000000000003F
:10616000000000000000000000000000000000002F
:10617000000000000000000000000000000000001F
:10618000000000000000000000000000000000000F
:1061900000000000000000000000000000000000FF
:1061A00000000000000000000000000000000000EF
:1061B00000000000000000000000000000000000DF
:1061C00000000000000000000000000000000000CF
:1061D00000000000000000000000000000000000BF
:1061E00000000000000000000000000000000000AF
:1061F000000000000000000000000000000000009F
:10620000000000000000000000000000000000008E
:10621000000000000000000000000000000000007E
:10622000000000000000000000000000000000006E
:10623000000000000000000000000000000000005E
:10624000000000000000000000000000000000004E
:10625000000000000000000000000000000000003E
:10626000000000000000000000000000000000002E
:10627000000000000000000000000000000000001E
:10628000000000000000000000000000000000000E
:1062900000000000000000000000000000000000FE
:1062A00000000000000000000000000000000000EE
:1062B00000000000000000000000000000000000DE
:1062C00000000000000000000000000000000000CE
:1062D00000000000000000000000000000000000BE
:1062E00000000000000000000000000000000000AE
:1062F000000000000000000000000000000000009E
:10630000000000000000000000000000000000008D
:10631000000000000000000000000000000000007D
:10632000000000000000000000000000000000006D
:10633000000000000000000000000000000000005D
:10634000000000000000000000000000000000004D
:10635000000000000000000000000000000000003D
:10636000000000000000000000000000000000002D
:10637000000000000000000000000000000000001D
:10638000000000000000000000000000000000000D
:1063900000000000000000000000000000000000FD
:1063A00000000000000000000000000000000000ED
:1063B00000000000000000000000000000000000DD
:1063C00000000000000000000000000000000000CD
:1063D00000000000000000000000000000000000BD
:1063E00000000000000000000000000000000000AD
:1063F000000000000000000000000000000000009D
:10640000000000000000000000000000000000008C
:10641000000000000000000000000000000000007C
:10642000000000000000000000000000000000006C
:10643000000000000000000000000000000000005C
:10644000000000000000000000000000000000004C
:10645000000000000000000000000000000000003C
:10646000000000000000000000000000000000002C
:10647000000000000000000000000000000000001C
:10648000000000000000000000000000000000000C
:1064900000000000000000000000000000000000FC
:1064A00000000000000000000000000000000000EC
:1064B00000000000000000000000000000000000DC
:1064C00000000000000000000000000000000000CC
:1064D00000000000000000000000000000000000BC
:1064E00000000000000000000000000000000000AC
:1064F000000000000000000000000000000000009C
:10650000000000000000000000000000000000008B
:10651000000000000000000000000000000000007B
:10652000000000000000000000000000000000006B
:10653000000000000000000000000000000000005B
:10654000000000000000000000000000000000004B
:10655000000000000000000000000000000000003B
:10656000000000000000000000000000000000002B
:10657000000000000000000000000000000000001B
:10658000000000000000000000000000000000000B
:1065900000000000000000000000000000000000FB
:1065A00000000000000000000000000000000000EB
:1065B00000000000000000000000000000000000DB
:1065C00000000000000000000000000000000000CB
:1065D00000000000000000000000000000000000BB
:1065E00000000000000000000000000000000000AB
:1065F000000000000000000000000000000000009B
:10660000000000000000000000000000000000008A
:10661000000000000000000000000000000000007A
:10662000000000000000000000000000000000006A
:10663000000000000000000000000000000000005A
:10664000000000000000000000000000000000004A
:10665000000000000000000000000000000000003A
:10666000000000000000000000000000000000002A
:10667000000000000000000000000000000000001A
:10668000000000000000000000000000000000000A
:1066900000000000000000000000000000000000FA
:1066A00000000000000000000000000000000000EA
:1066B00000000000000000000000000000000000DA
:1066C00000000000000000000000000000000000CA
:1066D00000000000000000000000000000000000BA
:1066E00000000000000800080008FF070008FE077F
:1066F000C704730BC405BB094607CA067A07FA0527
:10670000A0057C07AF04C0096E06AD091C09190875
:10671000750B2E06EA0A4F06DA080808F306430945
:106720001507B2088B081407A409F2050C093806EE
:10673000C1071707390745089F074309260830098D
:106740005C088A080A08F107AC070E089A073F0898
:10675000C8077808E4074208A007F9072807EC07EC
:106760003407F607C20702087508EE07A408F50704
:106770006C08120807082608D9071908FC07DB0768
:106780003C08B9074F0896072708A707FA07D0075C
:10679000F507E807FE070B08FB071F08EE072208AE
:1067A000DC071E08E2070B08F5070B080A080C08AF
:1067B0000208FF07EB07EB07F007FA07F6070B08DD
:1067C00012080B08240803081F08FF070F08F20728
:1067D000EB07F907DB070708F707FA071808E807C8
:1067E0001608DE07FE070408E9070C08E507F207AC
:1067F000FD074F083A08DD074208B40719081D08CD
:10680000D7077708D3075308D607EC07E307B50780
:10681000CE07D007CB072A08DE074808160822084B
:106820004B08D8073708C8071408E707DF07170819
:10683000F907F9071208E0071708CA070508D7077C
:10684000F407F107F607030803081508FD07150804
:10685000FD0709080308FF070D08020811081308BF
:1068600003081308EC07FA07F007EA07EF07F50734
:106870000407F00A520770099B087907AB06610804
:106880005B06280856094E0763098F0758074A0810
:10689000AA086107FA08DE06AC06630849079D09E5
:1068A0005C0987085807FB06FB05FE07E608E208B7
:1068B0007609EA07CC076707B907B207BB08BB0729
:1068C000C60705084F07C00839088D080508C20724
:1068D0001207A707DF075D08C50806081008AF07FD
:1068E0000A08E9073708D807B707E107C9079C0571
:1068F00010093E051609C0070908030AFC07E90A42
:1069000054073D09B607F20713081007D507D80743
:106910004607A9081D075D08E006B2075307BD0733
:10692000DA07CF0755085408F4086608C6081108A6
:106930007B088607660887071908F207C107290838
:10694000CE07B80713082407FB072D07EA07F80747
:10695000CC078808D707E9081A089E082008F4071A
:106960002408C3070908FE07B7072708B007EE0782
:1069700057091307FA07DE07A106D308B007500826
:10698000B50864078E08F3070D08D008BE0759083C
:10699000EF0756078F082A0784083E086707D608BE
:1069A0004807FF073B080F07A2089007CC078E088F
:1069B0000408570810084508A00591083606BF06C8
:1069C000B006E7089F07A907BB080D0A8B07F60961
:1069D0000309DA061C07E4060F088806B0089108C8
:1069E0008707C0074309FC07FC088A08A708ED05CC
:1069F00093071209FB05990776098607BA068608E8
:106A0000DA086C075D08410AFE06DC06B708AD0728
:106A100001077908F5080F078307000941085607A1
:106A200076094D08B0069D07F807D507D206D908A4
:106A3000F6079B073B085E08270897082C08E50720
:106A40009907980720089F074D082708ED07FD07BD
:106A50004E08D7075108CF0722087707D407F30756
:106A6000CD073C081C081808D3071808E2074F0B8D
:106A70006A0BF7084D05B80591067A0818095B09F5
:106A800017090608DA063B078D06500878099B08A7
:106A9000EF08FF0636075F07EB06BC09B008DA0807
:106AA000C2070C06FB076E071E09D10863070D0914
:106AB0007A07AF08B307AE06A90808080E098807C9
:106AC000CC06D808D3072E090608CF06FD07920783
:106AD00035099707200742080808C20802082D0751
:106AE0000D082F08A408FF0742070E08D207180850
:106AF0000D089D07E80747089F08F5077E07580817
:106B0000B807C1074B08DA072F08FC075908C30765
:106B10007F0758083E080C0814082108B107BE0773
:106B2000FB07FD07F8072E081608CA0700080D081E
:106B300018082408F607FB07D407C3070908E0076D
:106B40002108020804081A08EF07F107FA071608D7
:106B500010080008FB07E707050816081708F707DD
:106B6000DF07FE07170812080208F5070B080808D8
:106B70005808F207C9070008D70722082D08480857
:106B800004089E07EE07DB071E0808083A080F08EE
:106B9000E807D507C407E6072B0847082D08E307D1
:106BA000EF07E407FB07F707FB072908120814089B
:106BB000F707DA07F8071C080B08FB07C8070908DE
:106BC000E60707081508E4070F08FC072208F50781
:106BD000E4071408F8072D08ED07E5070B08F00790
:106BE0002508F6070F080C08FF070008D107F30770
:106BF0000E0804082608F507F407100804081A0808
:106C0000F807E4070208F9071208F707F407030872
:106C100003081C08FF07EC07E9070008010815082E
:106C200001080C08FA07F6071208F607F307FF0732
:106C300003081A08FB07FE07F907E3071808DC0733
:106C4000FF07F6070B08F507F3070D080908EF071C
:106C5000220811080108FA07F5070508E4071B08D0
:106C6000FB07F607FB07050804081008D5095E09AD
:106C700066077906760614078F0884096F096F087E
:106C80004E07A006C606DF07D0082609B40810087C
:106C90003007020789073508B808C6085B08A70748
:106CA00052079207E10757088A084D08E707DF07F0
:106CB00022081A0809080808F807F207FD07020861
:106CC000FC07FB07FC07FA07020808081408080875
:106CD000E707EE07F6071F081708FF07EB07E607A9
:106CE0000208050810080608FA07F207FF06A309BC
:106CF0006A0A2106DD08E4079B081C08D904D108AC
:106D00004608600A400964058A078B069909EE085F
:106D1000F2060F094E072C095B0724063B081308EF
:106D20003D0A3A08000794071507EE08D507C8077B
:106D300070081108BF083F071C07ED073C08300921
:106D40000808A1078207B1075D08EB071E0826089F
:106D500016082F08BA07CB07D8071F0867082408AA
:106D60000D08D507E907FC07FF0729084206080DAB
:106D70009C055B06EC072C06DA0CB7071108D9074F
:106D8000DA04DC095307A4080E09D0065C090507DC
:106D90006807C80718074E09E6087308B9075D06B3
:106DA00073073B08A0081B09CA07D207F20781072F
:106DB000B3070508E707F9081B081E088C07180722
:106DC0005508F207B7084D089E07100875073E08DA
:106DD000F407A5075D08F2077F08FB076707F507BB
:106DE000E10797083E088E07FF07C107B9077D072F
:106DF000960ABB0731089704EC0741090909F20814
:106E000073074907A705B3096C09B107F2067808AB
:106E1000CC085606EF08EE07F207C9072F099307BB
:106E20003305A10952095D08F106E4078707A507A4
:106E3000C209B90765076107CB0853082B07530838
:106E4000C9073A08220825086E074407E2087A08AD
:106E50001A085A070408B9071308BD080008BF0735
:106E600096077808F207D707020804086D08D206CB
:106E7000090420075308F808CB0AFB084107A105BD
:106E80009C0703075208E40947094E080706C6078E
:106E9000020723083D09B5085108C90626083E0720
:106EA000A7077C08AE0867086F073708A307E6073F
:106EB00011083C08E50764079608C3073408E5078E
:106EC0002F08D9076D07A008FA070108E207020892
:106ED000D907A20798080D08E40715080B08CF0783
:106EE000B707530830080D08E5075D07A407DB095D
:106EF0006B06A80E4706E10B850755080009C50576
:106F0000E5093D073508D5081B07D3093006C50834
:106F1000A806D4061407BD067307AB079208B1088C
:106F20002A099908E1095307270965070108D007CD
:106F30004F076108CE074B082108A8076B08EB062E
:106F40000808DE066007AF079E07B208D607E1080B
:106F5000F70795083D0840080E080308F70746089C
:106F6000DF075208DF070408E607B107FF07B70786
:106F7000A707CA07C4070A08EF0751082F08EB073D
:106F80003208E3074F08E3073A082C08BA07F1076D
:106F9000B707EE073A0812085E08A307D007C6072E
:106FA000E607430812084F08CE07F1070B080C0844
:106FB000200806081A08E607DC071908FA07090876
:106FC00008081308F007FE070B08F107E907FC079C
:106FD00005081208ED070C08F907000820080B083F
:106FE0001408E407FE07080801086A08DC07F80728
:106FF000A0076B07290859076C0882073E085D083F
:107000000C08A008A6074E08DF0701083008B407DF
:107010005408EF0714082E08C707510897071908E6
:107020009F07E307E707F7071408EC071F080608A0
:1070300037080708FF07E907130808080D08F507D0
:10704000FD07090806080E080308E2070C08D00728
:107050000408CF070B08F607F9072708E7072708F2
:10706000F1071608FF070008F507E2078704D004B8
:107070003507E3067A0ABA069208500475070A072C
:107080006109470A86081609A806F508E307000AF9
:107090003F09D908F107D60681075F07FB072608D5
:1070A0004407FA0777060308E3069E08AE07C307FE
:1070B000DC07C10716095F083709D90736089807A2
:1070C00020087F0855084D0884078F076007800750
:1070D0001A08A80749084507FC07850707084D084F
:1070E0001F087808D3076208DD079D078F07ED06A4
:1070F00031082907350857082808BD07A907A5063C
:10710000FF07E3058608D206FD08B0084408F10928
:1071100054072A0AEC06BD0896076E075F08CB06DF
:107120007508A307A7079608E906C508CE063E0816
:107130006B079D07720891070B09EA07E4085408DA
:1071400043084308E307D00708089C075108D00705
:107150003408FD07CA07D50797079D07AA07A007A8
:107160001408CD073F08370825083E0937084907A6
:1071700081093A072908E208AB06EF086A071F07EA
:107180002009CC06A5081C08B106A208CA06F50706
:10719000E20840072D09D2079D0703092E07E308DF
:1071A0003A089D07B90822072C081808D9071408BF
:1071B000CF07B2070C08FB080309DA0CC3077F07E7
:1071C00023081E0592075306F4090107F3073B083D
:1071D0005508FA070F0A93087F08AB07D0068807FF
:1071E0002206040953072B0824087B0998075D0829
:1071F000DB09CF08B4066D082B089C053808350854
:107200002D084F0756091008C3073E082009F0064D
:10721000D3077608D906CE074208A7087107540895
:10722000A808C10798075409B607B50716083B0711
:10723000FE075A07A4080D08BD076308D9079D0774
:10724000680812081908B207F807020863077A08E5
:107250001C081408F8070C080108E5070908540879
:10726000CC07D10718089D074E019906C4066A0C81
:10727000270A73075F0A6B067A08FF040B05080AE2
:107280000E0A790C06071405BE0633065A0A4B0887
:107290008508F9085307B4080906D3065708CA0831
:1072A000490AD507CD06D006190728092608F90787
:1072B000EA07A20743086A07CC0780072208950857
:1072C0006D0876079D07A6076F08810870082A08D1
:1072D000AE07B307D007C907F007620809085208CC
:1072E000CA07F507BD07ED07B3084108F207D6073F
:1072F0006107CD07FF078C080508B3074E08F9079B
:1073000004080F08E5071808FA076808D5079C075E
:10731000F90716084E080808D107F307D3072D0808
:10732000FB07E5072608F6071008C207DC07E10798
:107330000F0849082708F4070708FE070C08F2079A
:10734000E307F807F2071E08FD07F5070708FC0723
:10735000150814080708F607D607DF070F081808EE
:1073600015080C08150805085B07E6071308DC0775
:10737000950834081F088D07F70629080608CD0868
:1073800064089907110877072508DF07F6077608CC
:1073900003083C08AE078D07F907E8078E081508B3
:1073A0000B08EC07C107FC07E807ED0729080E08E2
:1073B0000B08F307ED070308E50716080D08010899
:1073C0000808EA07F007090806081808FC07070874
:1073D0000F08EE07D3070508F30729080B08010873
:1073E000F707E1071B080608E6070608E1071B0880
:1073F0000B08F1070208E107070813080B08FE074E
:10740000DF07F507FC0704080808FF070E08FA075E
:10741000FF07DF07030816080C08F007EA07FF0755
:1074200008080B080C08FF07FF070108FD07EE0717
:10743000FA07FF071C08FB07FE07FF071708F907F5
:107440001108FD07E6070608EF070E08E8070D0814
:107450000608FA0708080B08FB071008F7070008DA
:10746000F907F5071108E70726073704050C48094F
:10747000F00B0B08E30204076606650BCC091B073B
:1074800041096C06AC08A106910565092F09630B3B
:10749000A8070305C406C2063E0A0B09CC07590813
:1074A00033076208EA06A10671087A089C09FE07FC
:1074B0009E061E07910719099C08C1070008AD0721
:1074C0003608C6077C0713085A08B40825086E0753
:1074D0009707D70726085708160810081D08D3076E
:1074E000E707CF0703085008ED0911089806E807D9
:1074F000B406A5091C0820064A068E084809650836
:10750000BD096A08E6072C07CD07E605E50664090C
:107510009D097E0894073F0826078C089208880773
:1075200024068107FD089708DC08800807081E0765
:10753000F3075E073707EE07EA08BA08C0073E08F8
:10754000B407460802083C08270731075D08810890
:107550009B08340841087A07D2070008E307D107DF
:1075600020084808DD07A107390906082E083C094C
:1075700083063C086607BA07FD0800070509F907F6
:10758000B507BD08E006FA074808D607CC0871071A
:10759000C80782085F07C408CB078907BC08BE0775
:1075A0000D08C80768078D084A082908F407D4079A
:1075B000D4071D080D08CA07FF07440802082D0854
:1075C000B907BE07F207280842080C08F307E607C8
:1075D000DE07F30712080C08F00721080808F00777
:1075E0000E08EA072408C1061F06AC09800B16091D
:1075F00091055E09C60756089F08130827049506DB
:10760000E00AFA088A08AD088E08D5057C08040847
:1076100034061307F3098C090707D4080508420745
:1076200004089D095B0608065608EC08E3084808AC
:10763000B7082207EF07EF077E07EC063E0823098D
:107640002E085308BB07C107A607E908E707E206AB
:1076500067075708A5086608D4089B077507B10790
:107660003C088807A407B207FD08B1095F09FA08BA
:10767000FC06BF06E2061D07260841099809AF0867
:107680008207D906FD069107F108E4088F08D407A0
:1076900012074E07BF07BD08B20895081A087907F8
:1076A0000F0794070108580867082D08F507C90750
:1076B0001708EA07F807E707EF07F307F4070A08D0
:1076C00000081A081E081908F807C207D5071C0881
:1076D00024080F08DD07EF07FF0704082D0813082B
:1076E000000000000000000000000000000000009A
:1076F000000000000000000000000000000000008A
:107700000000000000000000000000000000000079
:107710000000000000000000000000000000000069
:107720000000000000000000000000000000000059
:107730000000000000000000000000000000000049
:107740000000000000000000000000000000000039
:107750000000000000000000000000000000000029
:107760000000000000000000000000000000000019
:107770000000000000000000000000000000000009
:1077800000000000000000000000000000000000F9
:1077900000000000000000000000000000000000E9
:1077A00000000000000000000000000000000000D9
:1077B00000000000000000000000000000000000C9
:1077C00000000000000000000000000000000000B9
:1077D00000000000000000000000000000000000A9
:1077E0000000000000000000000000000000000099
:1077F0000000000000000000000000000000000089
:107800000000000000000000000000000000000078
:107810000000000000000000000000000000000068
:107820000000000000000000000000000000000058
:107830000000000000000000000000000000000048
:107840000000000000000000000000000000000038
:107850000000000000000000000000000000000028
:107860000000000000000000000000000000000018
:107870000000000000000000000000000000000008
:1078800000000000000000000000000000000000F8
:1078900000000000000000000000000000000000E8
:1078A00000000000000000000000000000000000D8
:1078B00000000000000000000000000000000000C8
:1078C00000000000000000000000000000000000B8
:1078D00000000000000000000000000000000000A8
:1078E0000000000000000000000000000000000098
:1078F0000000000000000000000000000000000088
:107900000000000000000000000000000000000077
:107910000000000000000000000000000000000067
:107920000000000000000000000000000000000057
:107930000000000000000000000000000000000047
:107940000000000000000000000000000000000037
:107950000000000000000000000000000000000027
:107960000000000000000000000000000000000017
:107970000000000000000000000000000000000007
:1079800000000000000000000000000000000000F7
:1079900000000000000000000000000000000000E7
:1079A00000000000000000000000000000000000D7
:1079B00000000000000000000000000000000000C7
:1079C00000000000000000000000000000000000B7
:1079D00000000000000000000000000000000000A7
:1079E0000000000000000000000000000000000097
:1079F0000000000000000000000000000000000087
:107A00000000000000000000000000000000000076
:107A10000000000000000000000000000000000066
:107A20000000000000000000000000000000000056
:107A30000000000000000000000000000000000046
:107A40000000000000000000000000000000000036
:107A50000000000000000000000000000000000026
:107A60000000000000000000000000000000000016
:107A70000000000000000000000000000000000006
:107A800000000000000000000000000000000000F6
:107A900000000000000000000000000000000000E6
:107AA00000000000000000000000000000000000D6
:107AB00000000000000000000000000000000000C6
:107AC00000000000000000000000000000000000B6
:107AD00000000000000000000000000000000000A6
:107AE0000000000000000000000000000000000096
:107AF0000000000000000000000000000000000086
:107B00000000000000000000000000000000000075
:107B10000000000000000000000000000000000065
:107B20000000000000000000000000000000000055
:107B30000000000000000000000000000000000045
:107B40000000000000000000000000000000000035
:107B50000000000000000000000000000000000025
:107B60000000000000000000000000000000000015
:107B70000000000000000000000000000000000005
:107B800000000000000000000000000000000000F5
:107B900000000000000000000000000000000000E5
:107BA00000000000000000000000000000000000D5
:107BB00000000000000000000000000000000000C5
:107BC00000000000000000000000000000000000B5
:107BD00000000000000000000000000000000000A5
:107BE0000000000000000000000000000000000095
:107BF0000000000000000000000000000000000085
:107C00000000000000000000000000000000000074
:107C10000000000000000000000000000000000064
:107C20000000000000000000000000000000000054
:107C30000000000000000000000000000000000044
:107C40000000000000000000000000000000000034
:107C50000000000000000000000000000000000024
:107C60000000000000000000000000000000000014
:107C70000000000000000000000000000000000004
:107C800000000000000000000000000000000000F4
:107C900000000000000000000000000000000000E4
:107CA00000000000000000000000000000000000D4
:107CB00000000000000000000000000000000000C4
:107CC00000000000000000000000000000000000B4
:107CD00000000000000000000000000000000000A4
:107CE0000000000000000000000000000000000094
:107CF0000000000000000000000000000000000084
:107D00000000000000000000000000000000000073
:107D10000000000000000000000000000000000063
:107D20000000000000000000000000000000000053
:107D30000000000000000000000000000000000043
:107D40000000000000000000000000000000000033
:107D50000000000000000000000000000000000023
:107D60000000000000000000000000000000000013
:107D70000000000000000000000000000000000003
:107D800000000000000000000000000000000000F3
:107D900000000000000000000000000000000000E3
:107DA00000000000000000000000000000000000D3
:107DB00000000000000000000000000000000000C3
:107DC00000000000000000000000000000000000B3
:107DD00000000000000000000000000000000000A3
:107DE0000000000000000000000000000000000093
:107DF0000000000000000000000000000000000083
:107E00000000000000000000000000000000000072
:107E10000000000000000000000000000000000062
:107E20000000000000000000000000000000000052
:107E30000000000000000000000000000000000042
:107E40000000000000000000000000000000000032
:107E50000000000000000000000000000000000022
:107E60000000000000000000000000000000000012
:107E70000000000000000000000000000000000002
:107E800000000000000000000000000000000000F2
:107E900000000000000000000000000000000000E2
:107EA00000000000000000000000000000000000D2
:107EB00000000000000000000000000000000000C2
:107EC00000000000000000000000000000000000B2
:107ED00000000000000000000000000000000000A2
:107EE0000000000000000000000000000000000092
:107EF0000000000000000000000000000000000082
:107F00000000000000000000000000000000000071
:107F10000000000000000000000000000000000061
:107F20000000000000000000000000000000000051
:107F30000000000000000000000000000000000041
:107F40000000000000000000000000000000000031
:107F50000000000000000000000000000000000021
:107F60000000000000000000000000000000000011
:107F70000000000000000000000000000000000001
:107F800000000000000000000000000000000000F1
:107F900000000000000000000000000000000000E1
:107FA00000000000000000000000000000000000D1
:107FB00000000000000000000000000000000000C1
:107FC00000000000000000000000000000000000B1
:107FD00000000000000000000000000000000000A1
:107FE0000000000000000000000000000000000091
:107FF0000000000000000000000000000000000081
:108000000000000000000000000000000000000070
:108010000000000000000000000000000000000060
:108020000000000000000000000000000000000050
:108030000000000000000000000000000000000040
:108040000000000000000000000000000000000030
:108050000000000000000000000000000000000020
:108060000000000000000000000000000000000010
:108070000000000000000000000000000000000000
:1080800000000000000000000000000000000000F0
:1080900000000000000000000000000000000000E0
:1080A00000000000000000000000000000000000D0
:1080B00000000000000000000000000000000000C0
:1080C00000000000000000000000000000000000B0
:1080D00000000000000000000000000000000000A0
:1080E0000000000000000000000000000000000090
:1080F0000000000000000000000000000000000080
:10810000000000000000000000000000000000006F
:10811000000000000000000000000000000000005F
:10812000000000000000000000000000000000004F
:10813000000000000000000000000000000000003F
:10814000000000000000000000000000000000002F
:10815000000000000000000000000000000000001F
:10816000000000000000000000000000000000000F
:1081700000000000000000000000000000000000FF
:1081800000000000000000000000000000000000EF
:1081900000000000000000000000000000000000DF
:1081A00000000000000000000000000000000000CF
:1081B00000000000000000000000000000000000BF
:1081C00000000000000000000000000000000000AF
:1081D000000000000000000000000000000000009F
:1081E000000000000000000000000000000000008F
:1081F000000000000000000000000000000000007F
:10820000000000000000000000000000000000006E
:10821000000000000000000000000000000000005E
:10822000000000000000000000000000000000004E
:10823000000000000000000000000000000000003E
:10824000000000000000000000000000000000002E
:10825000000000000000000000000000000000001E
:10826000000000000000000000000000000000000E
:1082700000000000000000000000000000000000FE
:1082800000000000000000000000000000000000EE
:1082900000000000000000000000000000000000DE
:1082A00000000000000000000000000000000000CE
:1082B00000000000000000000000000000000000BE
:1082C00000000000000000000000000000000000AE
:1082D000000000000000000000000000000000009E
:1082E000000000000000000000000000000000008E
:1082F000000000000000000000000000000000007E
:10830000000000000000000000000000000000006D
:10831000000000000000000000000000000000005D
:10832000000000000000000000000000000000004D
:10833000000000000000000000000000000000003D
:10834000000000000000000000000000000000002D
:10835000000000000000000000000000000000001D
:10836000000000000000000000000000000000000D
:1083700000000000000000000000000000000000FD
:1083800000000000000000000000000000000000ED
:1083900000000000000000000000000000000000DD
:1083A00000000000000000000000000000000000CD
:1083B00000000000000000000000000000000000BD
:1083C00000000000000000000000000000000000AD
:1083D000000000000000000000000000000000009D
:1083E000000000000000000000000000000000008D
:1083F000000000000000000000000000000000007D
:10840000000000000000000000000000000000006C
:10841000000000000000000000000000000000005C
:10842000000000000000000000000000000000004C
:10843000000000000000000000000000000000003C
:10844000000000000000000000000000000000002C
:10845000000000000000000000000000000000001C
:10846000000000000000000000000000000000000C
:1084700000000000000000000000000000000000FC
:1084800000000000000000000000000000000000EC
:1084900000000000000000000000000000000000DC
:1084A00000000000000000000000000000000000CC
:1084B00000000000000000000000000000000000BC
:1084C00000000000000000000000000000000000AC
:1084D000000000000000000000000000000000009C
:1084E000000000000000000000000000000000008C
:1084F000000000000000000000000000000000007C
:10850000000000000000000000000000000000006B
:10851000000000000000000000000000000000005B
:10852000000000000000000000000000000000004B
:10853000000000000000000000000000000000003B
:10854000000000000000000000000000000000002B
:10855000000000000000000000000000000000001B
:10856000000000000000000000000000000000000B
:1085700000000000000000000000000000000000FB
:1085800000000000000000000000000000000000EB
:1085900000000000000000000000000000000000DB
:1085A00000000000000000000000000000000000CB
:1085B00000000000000000000000000000000000BB
:1085C00000000000000000000000000000000000AB
:1085D000000000000000000000000000000000009B
:1085E000000000000000000000000000000000008B
:1085F000000000000000000000000000000000007B
:10860000000000000000000000000000000000006A
:10861000000000000000000000000000000000005A
:10862000000000000000000000000000000000004A
:10863000000000000000000000000000000000003A
:10864000000000000000000000000000000000002A
:10865000000000000000000000000000000000001A
:10866000000000000000000000000000000000000A
:1086700000000000000000000000000000000000FA
:1086800000000000000000000000000000000000EA
:1086900000000000000000000000000000000000DA
:1086A00000000000000000000000000000000000CA
:1086B00000000000000000000000000000000000BA
:1086C00000000000000000000000000000000000AA
:1086D000000000000000000000000000000000009A
:1086E00000000000000002000400060008000A006C
:1086F0000C000E00100012001400160018001A00E2
:108700001C001E00200022002400260028002A0051
:108710002C002E00300032003400360038003A00C1
:108720003C003E00400042004400460048004A0031
:108730004C004E00500052005400560058005A00A1
:108740005C005E00600062006400660068006A0011
:108750006C006E00700072007400760078007A0081
:108760007C007E00800082008400860088008A00F1
:108770008C008E00900092009400960098009A0061
:108780009C009E00A000A200A400A600A800AA00D1
:10879000AC00AE00B000B200B400B600B800BA0041
:1087A000BC00BE00C000C200C400C600C800CA00B1
:1087B000CC00CE00D000D200D400D600D800DA0021
:1087C000DC00DE00E000E200E400E600E800EA0091
:1087D000EC00EE00F000F200F400F600F800FA0001
:1087E000FC00FE00000102010401060108010A016B
:1087F0000C010E01100112011401160118011A01D9
:108800001C011E01200122012401260128012A0148
:108810002C012E01300132013401360138013A01B8
:108820003C013E01400142014401460148014A0128
:108830004C014E01500152015401560158015A0198
:108840005C015E01600162016401660168016A0108
:108850006C016E01700172017401760178017A0178
:108860007C017E01800182018401860188018A01E8
:108870008C018E01900192019401960198019A0158
:108880009C019E01A001A201A401A601A801AA01C8
:10889000AC01AE01B001B201B401B601B801BA0138
:1088A000BC01BE01C001C201C401C601C801CA01A8
:1088B000CC01CE01D001D201D401D601D801DA0118
:1088C000DC01DE01E001E201E401E601E801EA0188
:1088D000EC01EE01F001F201F401F601F801FA01F8
:1088E000FC01FE01000202020402060208020A0262
:1088F0000C020E02100212021402160218021A02D0
:108900001C021E02200222022402260228022A023F
:108910002C022E02300232023402360238023A02AF
:108920003C023E02400242024402460248024A021F
:108930004C024E02500252025402560258025A028F
:108940005C025E02600262026402660268026A02FF
:108950006C026E02700272027402760278027A026F
:108960007C027E02800282028402860288028A02DF
:108970008C028E02900292029402960298029A024F
:108980009C029E02A002A202A402A602A802AA02BF
:10899000AC02AE02B002B202B402B602B802BA022F
:1089A000BC02BE02C002C202C402C602C802CA029F
:1089B000CC02CE02D002D202D402D602D802DA020F
:1089C000DC02DE02E002E202E402E602E802EA027F
:1089D000EC02EE02F002F202F402F602F802FA02EF
:1089E000FC02FE02000302030403060308030A0359
:1089F0000C030E03100312031403160318031A03C7
:108A00001C031E03200322032403260328032A0336
:108A10002C032E03300332033403360338033A03A6
:108A20003C033E03400342034403460348034A0316
:108A30004C034E03500352035403560358035A0386
:108A40005C035E03600362036403660368036A03F6
:108A50006C036E03700372037403760378037A0366
:108A60007C037E03800382038403860388038A03D6
:108A70008C038E03900392039403960398039A0346
:108A80009C039E03A003A203A403A603A803AA03B6
:108A9000AC03AE03B003B203B403B603B803BA0326
:108AA000BC03BE03C003C203C403C603C803CA0396
:108AB000CC03CE03D003D203D403D603D803DA0306
:108AC000DC03DE03E003E203E403E603E803EA0376
:108AD000EC03EE03F003F203F403F603F803FA03E6
:108AE000FC03FE03000402040404060408040A0450
:108AF0000C040E04100412041404160418041A04BE
:108B00001C041E04200422042404260428042A042D
:108B10002C042E04300432043404360438043A049D
:108B20003C043E04400442044404460448044A040D
:108B30004C044E04500452045404560458045A047D
:108B40005C045E04600462046404660468046A04ED
:108B50006C046E04700472047404760478047A045D
:108B60007C047E04800482048404860488048A04CD
:108B70008C048E04900492049404960498049A043D
:108B80009C049E04A004A204A404A604A804AA04AD
:108B9000AC04AE04B004B204B404B604B804BA041D
:108BA000BC04BE04C004C204C404C604C804CA048D
:108BB000CC04CE04D004D204D404D604D804DA04FD
:108BC000DC04DE04E004E204E404E604E804EA046D
:108BD000EC04EE04F004F204F404F604F804FA04DD
:108BE000FC04FE04000502050405060508050A0547
:108BF0000C050E05100512051405160518051A05B5
:108C00001C051E05200522052405260528052A0524
:108C10002C052E05300532053405360538053A0594
:108C20003C053E05400542054405460548054A0504
:108C30004C054E05500552055505570559055B0570
:108C40005D055F05610563056505670569056B05DC
:108C50006D056F05710573057505770579057B054C
:108C60007D057F05810583058505870589058B05BC
:108C70008D058F05910593059505970599059B052C
:108C80009D059F05A105A305A505A705A905AB059C
:108C9000AD05AF05B105B305B505B705B905BB050C
:108CA000BD05BF05C105C305C505C705C905CB057C
:108CB000CD05CF05D105D305D505D705D905DB05EC
:108CC000DD05DF05E105E305E505E705E905EB055C
:108CD000ED05EF05F105F305F505F705F905FB05CC
:108CE000FD05FF05010603060506070609060B0636
:108CF0000D060F06110613061506170619061B06A4
:108D00001D061F06210623062506270629062B0613
:108D10002D062F06310633063506370639063B0683
:108D20003D063F06410643064506470649064B06F3
:108D30004D064F06510653065506570659065B0663
:108D40005D065F06610663066506670669066B06D3
:108D50006D066F06710673067506770679067B0643
:108D60007D067F06810683068506870689068B06B3
:108D70008D068F06910693069506970699069B0623
:108D80009D069F06A106A306A506A706A906AB0693
:108D9000AD06AF06B106B306B506B706B906BB0603
:108DA000BD06BF06C106C306C506C706C906CB0673
:108DB000CD06CF06D106D306D506D706D906DB06E3
:108DC000DD06DF06E106E306E506E706E906EB0653
:108DD000ED06EF06F106F306F506F706F906FB06C3
:108DE000FD06FF06010703070507070709070B072D
:108DF0000D070F07110713071507170719071B079B
:108E00001D071F07210723072507270729072B070A
:108E10002D072F07310733073507370739073B077A
:108E20003D073F07410743074507470749074B07EA
:108E30004D074F07510753075507570759075B075A
:108E40005D075F07610763076507670769076B07CA
:108E50006D076F07710773077507770779077B073A
:108E60007D077F07810783078507870789078B07AA
:108E70008D078F07910793079507970799079B071A
:108E80009D079F07A107A307A507A707A907AB078A
:108E9000AD07AF07B107B307B507B707B907BB07FA
:108EA000BD07BF07C107C307C507C707C907CB076A
:108EB000CD07CF07D107D307D507D707D907DB07DA
:108EC000DD07DF07E107E307E507E707E907EB074A
:108ED000ED07EF07F107F307F507F707F907FB07BA
:108EE000FD07FF07010803080508070809080B0824
:108EF0000D080F08110813081508170819081B0892
:108F00001D081F08210823082508270829082B0801
:108F10002D082F08310833083508370839083B0871
:108F20003D083F08410843084508470849084B08E1
:108F30004D084F08510853085508570859085B0851
:108F40005D085F08610863086508670869086B08C1
:108F50006D086F08710873087508770879087B0831
:108F60007D087F08810883088508870889088B08A1
:108F70008D088F08910893089508970899089B0811
:108F80009D089F08A108A308A508A708A908AB0881
:108F9000AD08AF08B108B308B508B708B908BB08F1
:108FA000BD08BF08C108C308C508C708C908CB0861
:108FB000CD08CF08D108D308D508D708D908DB08D1
:108FC000DD08DF08E108E308E508E708E908EB0841
:108FD000ED08EF08F108F308F508F708F908FB08B1
:108FE000FD08FF08010903090509070909090B091B
:108FF0000D090F09110913091509170919091B0989
:109000001D091F09210923092509270929092B09F8
:109010002D092F09310933093509370939093B0968
:109020003D093F09410943094509470949094B09D8
:109030004D094F09510953095509570959095B0948
:109040005D095F09610963096509670969096B09B8
:109050006D096F09710973097509770979097B0928
:109060007D097F09810983098509870989098B0998
:109070008D098F09910993099509970999099B0908
:109080009D099F09A109A309A509A709A909AB0978
:10909000AD09AF09B109B309B509B709B909BB09E8
:1090A000BD09BF09C109C309C509C709C909CB0958
:1090B000CD09CF09D109D309D509D709D909DB09C8
:1090C000DD09DF09E109E309E509E709E909EB0938
:1090D000ED09EF09F109F309F509F709F909FB09A8
:1090E000FD09FF09010A030A050A070A090A0B0A12
:1090F0000D0A0F0A110A130A150A170A190A1B0A80
:109100001D0A1F0A210A230A250A270A290A2B0AEF
:109110002D0A2F0A310A330A350A370A390A3B0A5F
:109120003D0A3F0A410A430A450A470A490A4B0ACF
:109130004D0A4F0A510A530A550A570A590A5B0A3F
:109140005D0A5F0A610A630A650A670A690A6B0AAF
:109150006D0A6F0A710A730A750A770A790A7B0A1F
:109160007D0A7F0A810A830A850A870A890A8B0A8F
:109170008D0A8F0A910A930A950A970A990A9B0AFF
:109180009D0A9F0AA10AA30AA50AA70AAA0AAC0A6D
:10919000AE0AB00AB20AB40AB60AB80ABA0ABC0AD7
:1091A000BE0AC00AC20AC40AC60AC80ACA0ACC0A47
:1091B000CE0AD00AD20AD40AD60AD80ADA0ADC0AB7
:1091C000DE0AE00AE20AE40AE60AE80AEA0AEC0A27
:1091D000EE0AF00AF20AF40AF60AF80AFA0AFC0A97
:1091E000FE0A000B020B040B060B080B0A0B0C0B00
:1091F0000E0B100B120B140B160B180B1A0B1C0B6F
:109200001E0B200B220B240B260B280B2A0B2C0BDE
:109210002E0B300B320B340B360B380B3A0B3C0B4E
:109220003E0B400B420B440B460B480B4A0B4C0BBE
:109230004E0B500B520B540B560B580B5A0B5C0B2E
:109240005E0B600B620B640B660B680B6A0B6C0B9E
:109250006E0B700B720B740B760B780B7A0B7C0B0E
:109260007E0B800B820B840B860B880B8A0B8C0B7E
:109270008E0B900B920B940B960B980B9A0B9C0BEE
:109280009E0BA00BA20BA40BA60BA80BAA0BAC0B5E
:10929000AE0BB00BB20BB40BB60BB80BBA0BBC0BCE
:1092A000BE0BC00BC20BC40BC60BC80BCA0BCC0B3E
:1092B000CE0BD00BD20BD40BD60BD80BDA0BDC0BAE
:1092C000DE0BE00BE20BE40BE60BE80BEA0BEC0B1E
:1092D000EE0BF00BF20BF40BF60BF80BFA0BFC0B8E
:1092E000FE0B000C020C040C060C080C0A0C0C0CF7
:1092F0000E0C100C120C140C160C180C1A0C1C0C66
:109300001E0C200C220C240C260C280C2A0C2C0CD5
:109310002E0C300C320C340C360C380C3A0C3C0C45
:109320003E0C400C420C440C460C480C4A0C4C0CB5
:109330004E0C500C520C540C560C580C5A0C5C0C25
:109340005E0C600C620C640C660C680C6A0C6C0C95
:109350006E0C700C720C740C760C780C7A0C7C0C05
:109360007E0C800C820C840C860C880C8A0C8C0C75
:109370008E0C900C920C940C960C980C9A0C9C0CE5
:109380009E0CA00CA20CA40CA60CA80CAA0CAC0C55
:10939000AE0CB00CB20CB40CB60CB80CBA0CBC0CC5
:1093A000BE0CC00CC20CC40CC60CC80CCA0CCC0C35
:1093B000CE0CD00CD20CD40CD60CD80CDA0CDC0CA5
:1093C000DE0CE00CE20CE40CE60CE80CEA0CEC0C15
:1093D000EE0CF00CF20CF40CF60CF80CFA0CFC0C85
:1093E000FE0C000D020D040D060D080D0A0D0C0DEE
:1093F0000E0D100D120D140D160D180D1A0D1C0D5D
:109400001E0D200D220D240D260D280D2A0D2C0DCC
:109410002E0D300D320D340D360D380D3A0D3C0D3C
:109420003E0D400D420D440D460D480D4A0D4C0DAC
:109430004E0D500D520D540D560D580D5A0D5C0D1C
:109440005E0D600D620D640D660D680D6A0D6C0D8C
:109450006E0D700D720D740D760D780D7A0D7C0DFC
:109460007E0D800D820D840D860D880D8A0D8C0D6C
:109470008E0D900D920D940D960D980D9A0D9C0DDC
:109480009E0DA00DA20DA40DA60DA80DAA0DAC0D4C
:10949000AE0DB00DB20DB40DB60DB80DBA0DBC0DBC
:1094A000BE0DC00DC20DC40DC60DC80DCA0DCC0D2C
:1094B000CE0DD00DD20DD40DD60DD80DDA0DDC0D9C
:1094C000DE0DE00DE20DE40DE60DE80DEA0DEC0D0C
:1094D000EE0DF00DF20DF40DF60DF80DFA0DFC0D7C
:1094E000FE0D000E020E040E060E080E0A0E0C0EE5
:1094F0000E0E100E120E140E160E180E1A0E1C0E54
:109500001E0E200E220E240E260E280E2A0E2C0EC3
:109510002E0E300E320E340E360E380E3A0E3C0E33
:109520003E0E400E420E440E460E480E4A0E4C0EA3
:109530004E0E500E520E540E560E580E5A0E5C0E13
:109540005E0E600E620E640E660E680E6A0E6C0E83
:109550006E0E700E720E740E760E780E7A0E7C0EF3
:109560007E0E800E820E840E860E880E8A0E8C0E63
:109570008E0E900E920E940E960E980E9A0E9C0ED3
:109580009E0EA00EA20EA40EA60EA80EAA0EAC0E43
:10959000AE0EB00EB20EB40EB60EB80EBA0EBC0EB3
:1095A000BE0EC00EC20EC40EC60EC80ECA0ECC0E23
:1095B000CE0ED00ED20ED40ED60ED80EDA0EDC0E93
:1095C000DE0EE00EE20EE40EE60EE80EEA0EEC0E03
:1095D000EE0EF00EF20EF40EF60EF80EFA0EFC0E73
:1095E000FE0E000F020F040F060F080F0A0F0C0FDC
:1095F0000E0F100F120F140F160F180F1A0F1C0F4B
:109600001E0F200F220F240F260F280F2A0F2C0FBA
:109610002E0F300F320F340F360F380F3A0F3C0F2A
:109620003E0F400F420F440F460F480F4A0F4C0F9A
:109630004E0F500F520F540F560F580F5A0F5C0F0A
:109640005E0F600F620F640F660F680F6A0F6C0F7A
:109650006E0F700F720F740F760F780F7A0F7C0FEA
:109660007E0F800F820F840F860F880F8A0F8C0F5A
:109670008E0F900F920F940F960F980F9A0F9C0FCA
:109680009E0FA00FA20FA40FA60FA80FAA0FAC0F3A
:10969000AE0FB00FB20FB40FB60FB80FBA0FBC0FAA
:1096A000BE0FC00FC20FC40FC60FC80FCA0FCC0F1A
:1096B000CE0FD00FD20FD40FD60FD80FDA0FDC0F8A
:1096C000DE0FE00FE20FE40FE60FE80FEA0FEC0FFA
:1096D000EE0FF00FF20FF40FF60FF80FFA0FFC0F6A
:1096E000FF0F040000000000000000000000000068
:1096F000000000000000000000000000000000006A
:109700000000000000000000000000000000000059
:109710000000000000000000000000000000000049
:109720000000000000000000000000000000000039
:109730000000000000000000000000000000000029
:109740000000000000000000000000000000000019
:109750000000000000000000000000000000000009
:1097600000000000000000000000000000000000F9
:1097700000000000000000000000000000000000E9
:1097800000000000000000000000000000000000D9
:1097900000000000000000000000000000000000C9
:1097A00000000000000000000000000000000000B9
:1097B00000000000000000000000000000000000A9
:1097C0000000000000000000000000000000000099
:1097D0000000000000000000000000000000000089
:1097E0000000000000000000000000000000000079
:1097F0000000000000000000000000000000000069
:109800000000000000000000000000000000000058
:109810000000000000000000000000000000000048
:109820000000000000000000000000000000000038
:109830000000000000000000000000000000000028
:109840000000000000000000000000000000000018
:109850000000000000000000000000000000000008
:1098600000000000000000000000000000000000F8
:1098700000000000000000000000000000000000E8
:1098800000000000000000000000000000000000D8
:1098900000000000000000000000000000000000C8
:1098A00000000000000000000000000000000000B8
:1098B00000000000000000000000000000000000A8
:1098C0000000000000000000000000000000000098
:1098D0000000000000000000000000000000000088
:1098E0000000000000000000000000000000000078
:1098F0000000000000000000000000000000000068
:109900000000000000000000000000000000000057
:109910000000000000000000000000000000000047
:109920000000000000000000000000000000000037
:109930000000000000000000000000000000000027
:109940000000000000000000000000000000000017
:109950000000000000000000000000000000000007
:1099600000000000000000000000000000000000F7
:1099700000000000000000000000000000000000E7
:1099800000000000000000000000000000000000D7
:1099900000000000000000000000000000000000C7
:1099A00000000000000000000000000000000000B7
:1099B00000000000000000000000000000000000A7
:1099C0000000000000000000000000000000000097
:1099D0000000000000000000000000000000000087
:1099E0000000000000000000000000000000000077
:1099F0000000000000000000000000000000000067
:109A00000000000000000000000000000000000056
:109A10000000000000000000000000000000000046
:109A20000000000000000000000000000000000036
:109A30000000000000000000000000000000000026
:109A40000000000000000000000000000000000016
:109A50000000000000000000000000000000000006
:109A600000000000000000000000000000000000F6
:109A700000000000000000000000000000000000E6
:109A800000000000000000000000000000000000D6
:109A900000000000000000000000000000000000C6
:109AA00000000000000000000000000000000000B6
:109AB00000000000000000000000000000000000A6
:109AC0000000000000000000000000000000000096
:109AD0000000000000000000000000000000000086
:109AE0000000000000000000000000000000000076
:109AF0000000000000000000000000000000000066
:109B00000000000000000000000000000000000055
:109B10000000000000000000000000000000000045
:109B20000000000000000000000000000000000035
:109B30000000000000000000000000000000000025
:109B40000000000000000000000000000000000015
:109B50000000000000000000000000000000000005
:109B600000000000000000000000000000000000F5
:109B700000000000000000000000000000000000E5
:109B800000000000000000000000000000000000D5
:109B900000000000000000000000000000000000C5
:109BA00000000000000000000000000000000000B5
:109BB00000000000000000000000000000000000A5
:109BC0000000000000000000000000000000000095
:109BD0000000000000000000000000000000000085
:109BE0000000000000000000000000000000000075
:109BF0000000000000000000000000000000000065
:109C00000000000000000000000000000000000054
:109C10000000000000000000000000000000000044
:109C20000000000000000000000000000000000034
:109C30000000000000000000000000000000000024
:109C40000000000000000000000000000000000014
:109C50000000000000000000000000000000000004
:109C600000000000000000000000000000000000F4
:109C700000000000000000000000000000000000E4
:109C800000000000000000000000000000000000D4
:109C900000000000000000000000000000000000C4
:109CA00000000000000000000000000000000000B4
:109CB00000000000000000000000000000000000A4
:109CC0000000000000000000000000000000000094
:109CD0000000000000000000000000000000000084
:109CE0000000000000000000000000000000000074
:109CF0000000000000000000000000000000000064
:109D00000000000000000000000000000000000053
:109D10000000000000000000000000000000000043
:109D20000000000000000000000000000000000033
:109D30000000000000000000000000000000000023
:109D40000000000000000000000000000000000013
:109D50000000000000000000000000000000000003
:109D600000000000000000000000000000000000F3
:109D700000000000000000000000000000000000E3
:109D800000000000000000000000000000000000D3
:109D900000000000000000000000000000000000C3
:109DA00000000000000000000000000000000000B3
:109DB00000000000000000000000000000000000A3
:109DC0000000000000000000000000000000000093
:109DD0000000000000000000000000000000000083
:109DE0000000000000000000000000000000000073
:109DF0000000000000000000000000000000000063
:109E00000000000000000000000000000000000052
:109E10000000000000000000000000000000000042
:109E20000000000000000000000000000000000032
:109E30000000000000000000000000000000000022
:109E40000000000000000000000000000000000012
:109E50000000000000000000000000000000000002
:109E600000000000000000000000000000000000F2
:109E700000000000000000000000000000000000E2
:109E800000000000000000000000000000000000D2
:109E900000000000000000000000000000000000C2
:109EA00000000000000000000000000000000000B2
:109EB00000000000000000000000000000000000A2
:109EC0000000000000000000000000000000000092
:109ED0000000000000000000000000000000000082
:109EE0000000000000000000000000000000000072
:109EF0000000000000000000000000000000000062
:109F00000000000000000000000000000000000051
:109F10000000000000000000000000000000000041
:109F20000000000000000000000000000000000031
:109F30000000000000000000000000000000000021
:109F40000000000000000000000000000000000011
:109F50000000000000000000000000000000000001
:109F600000000000000000000000000000000000F1
:109F700000000000000000000000000000000000E1
:109F800000000000000000000000000000000000D1
:109F900000000000000000000000000000000000C1
:109FA00000000000000000000000000000000000B1
:109FB00000000000000000000000000000000000A1
:109FC0000000000000000000000000000000000091
:109FD0000000000000000000000000000000000081
:109FE0000000000000000000000000000000000071
:109FF0000000000000000000000000000000000061
:10A000000000000000000000000000000000000050
:10A010000000000000000000000000000000000040
:10A020000000000000000000000000000000000030
:10A030000000000000000000000000000000000020
:10A040000000000000000000000000000000000010
:10A050000000000000000000000000000000000000
:10A0600000000000000000000000000000000000F0
:10A0700000000000000000000000000000000000E0
:10A0800000000000000000000000000000000000D0
:10A0900000000000000000000000000000000000C0
:10A0A00000000000000000000000000000000000B0
:10A0B00000000000000000000000000000000000A0
:10A0C0000000000000000000000000000000000090
:10A0D0000000000000000000000000000000000080
:10A0E0000000000000000000000000000000000070
:10A0F0000000000000000000000000000000000060
:10A10000000000000000000000000000000000004F
:10A11000000000000000000000000000000000003F
:10A12000000000000000000000000000000000002F
:10A13000000000000000000000000000000000001F
:10A14000000000000000000000000000000000000F
:10A1500000000000000000000000000000000000FF
:10A1600000000000000000000000000000000000EF
:10A1700000000000000000000000000000000000DF
:10A1800000000000000000000000000000000000CF
:10A1900000000000000000000000000000000000BF
:10A1A00000000000000000000000000000000000AF
:10A1B000000000000000000000000000000000009F
:10A1C000000000000000000000000000000000008F
:10A1D000000000000000000000000000000000007F
:10A1E000000000000000000000000000000000006F
:10A1F000000000000000000000000000000000005F
:10A20000000000000000000000000000000000004E
:10A21000000000000000000000000000000000003E
:10A22000000000000000000000000000000000002E
:10A23000000000000000000000000000000000001E
:10A24000000000000000000000000000000000000E
:10A2500000000000000000000000000000000000FE
:10A2600000000000000000000000000000000000EE
:10A2700000000000000000000000000000000000DE
:10A2800000000000000000000000000000000000CE
:10A2900000000000000000000000000000000000BE
:10A2A00000000000000000000000000000000000AE
:10A2B000000000000000000000000000000000009E
:10A2C000000000000000000000000000000000008E
:10A2D000000000000000000000000000000000007E
:10A2E000000000000000000000000000000000006E
:10A2F000000000000000000000000000000000005E
:10A30000000000000000000000000000000000004D
:10A31000000000000000000000000000000000003D
:10A32000000000000000000000000000000000002D
:10A33000000000000000000000000000000000001D
:10A34000000000000000000000000000000000000D
:10A3500000000000000000000000000000000000FD
:10A3600000000000000000000000000000000000ED
:10A3700000000000000000000000000000000000DD
:10A3800000000000000000000000000000000000CD
:10A3900000000000000000000000000000000000BD
:10A3A00000000000000000000000000000000000AD
:10A3B000000000000000000000000000000000009D
:10A3C000000000000000000000000000000000008D
:10A3D000000000000000000000000000000000007D
:10A3E000000000000000000000000000000000006D
:10A3F000000000000000000000000000000000005D
:10A40000000000000000000000000000000000004C
:10A41000000000000000000000000000000000003C
:10A42000000000000000000000000000000000002C
:10A43000000000000000000000000000000000001C
:10A44000000000000000000000000000000000000C
:10A4500000000000000000000000000000000000FC
:10A4600000000000000000000000000000000000EC
:10A4700000000000000000000000000000000000DC
:10A4800000000000000000000000000000000000CC
:10A4900000000000000000000000000000000000BC
:10A4A00000000000000000000000000000000000AC
:10A4B000000000000000000000000000000000009C
:10A4C000000000000000000000000000000000008C
:10A4D000000000000000000000000000000000007C
:10A4E000000000000000000000000000000000006C
:10A4F000000000000000000000000000000000005C
:10A50000000000000000000000000000000000004B
:10A51000000000000000000000000000000000003B
:10A52000000000000000000000000000000000002B
:10A53000000000000000000000000000000000001B
:10A54000000000000000000000000000000000000B
:10A5500000000000000000000000000000000000FB
:10A5600000000000000000000000000000000000EB
:10A5700000000000000000000000000000000000DB
:10A5800000000000000000000000000000000000CB
:10A5900000000000000000000000000000000000BB
:10A5A00000000000000000000000000000000000AB
:10A5B000000000000000000000000000000000009B
:10A5C000000000000000000000000000000000008B
:10A5D000000000000000000000000000000000007B
:10A5E000000000000000000000000000000000006B
:10A5F000000000000000000000000000000000005B
:10A60000000000000000000000000000000000004A
:10A61000000000000000000000000000000000003A
:10A62000000000000000000000000000000000002A
:10A63000000000000000000000000000000000001A
:10A64000000000000000000000000000000000000A
:10A6500000000000000000000000000000000000FA
:10A6600000000000000000000000000000000000EA
:10A6700000000000000000000000000000000000DA
:10A6800000000000000000000000000000000000CA
:10A6900000000000000000000000000000000000BA
:10A6A00000000000000000000000000000000000AA
:10A6B000000000000000000000000000000000009A
:10A6C000000000000000000000000000000000008A
:10A6D000000000000000000000000000000000007A
:10A6E000000000000000010002000300040005005B
:10A6F00006000700080009000A000B000C000D000E
:10A700000E000F00100011001200130014001500BD
:10A7100016001700180019001A001B001C001D006D
:10A720001E001F002000210022002300240025001D
:10A7300026002700280029002A002B002C002D00CD
:10A740002E002F003000310032003300340035007D
:10A7500036003700380039003A003B003C003D002D
:10A760003E003F00400041004200430044004500DD
:10A7700046004700480049004A004B004C004D008D
:10A780004E004F005000510052005300540055003D
:10A7900056005700580059005A005B005C005D00ED
:10A7A0005E005F006000610062006300640065009D
:10A7B00066006700680069006A006B006C006D004D
:10A7C0006E006F00700071007200730074007500FD
:10A7D00076007700780079007A007B007C007D00AD
:10A7E0007E007F008000810082008300840085005D
:10A7F00086008700880089008A008B008C008D000D
:10A800008E008F00900091009200930094009500BC
:10A8100096009700980099009A009B009C009D006C
:10A820009E009F00A000A100A200A300A400A5001C
:10A83000A600A700A800A900AA00AB00AC00AD00CC
:10A84000AE00AF00B000B100B200B300B400B5007C
:10A85000B600B700B800B900BA00BB00BC00BD002C
:10A86000BE00BF00C000C100C200C300C400C500DC
:10A87000C600C700C800C900CA00CB00CC00CD008C
:10A88000CE00CF00D000D100D200D300D400D5003C
:10A89000D600D700D800D900DA00DB00DC00DD00EC
:10A8A000DE00DF00E000E100E200E300E400E5009C
:10A8B000E600E700E800E900EA00EB00EC00ED004C
:10A8C000EE00EF00F000F100F200F300F400F500FC
:10A8D000F600F700F800F900FA00FB00FC00FD00AC
:10A8E000FE00FF0000010101020103010401050156
:10A8F00006010701080109010A010B010C010D0104
:10A900000E010F01100111011201130114011501B3
:10A9100016011701180119011A011B011C011D0163
:10A920001E011F0120012101220123012401250113
:10A9300026012701280129012A012B012C012D01C3
:10A940002E012F0130013101320133013401350173
:10A9500036013701380139013A013B013C013D0123
:10A960003E013F01400141014201430144014501D3
:10A9700046014701480149014A014B014C014D0183
:10A980004E014F0150015101520153015401550133
:10A9900056015701580159015A015B015C015D01E3
:10A9A0005E015F0160016101620163016401650193
:10A9B00066016701680169016A016B016C016D0143
:10A9C0006E016F01700171017201730174017501F3
:10A9D00076017701780179017A017B017C017D01A3
:10A9E0007E017F0180018101820183018401850153
:10A9F00086018701880189018A018B018C018D0103
:10AA00008E018F01900191019201930194019501B2
:10AA100096019701980199019A019B019C019D0162
:10AA20009E019F01A001A101A201A301A401A50112
:10AA3000A601A701A801A901AA01AB01AC01AD01C2
:10AA4000AE01AF01B001B101B201B301B401B50172
:10AA5000B601B701B801B901BA01BB01BC01BD0122
:10AA6000BE01BF01C001C101C201C301C401C501D2
:10AA7000C601C701C801C901CA01CB01CC01CD0182
:10AA8000CE01CF01D001D101D201D301D401D50132
:10AA9000D601D701D801D901DA01DB01DC01DD01E2
:10AAA000DE01DF01E001E101E201E301E401E50192
:10AAB000E601E701E801E901EA01EB01EC01ED0142
:10AAC000EE01EF01F001F101F201F301F401F501F2
:10AAD000F601F701F801F901FA01FB01FC01FD01A2
:10AAE000FE01FF010002010202020302040205024C
:10AAF00006020702080209020A020B020C020D02FA
:10AB00000E020F02100211021202130214021502A9
:10AB100016021702180219021A021B021C021D0259
:10AB20001E021F0220022102220223022402250209
:10AB300026022702280229022A022B022C022D02B9
:10AB40002E022F0230023102320233023402350269
:10AB500036023702380239023A023B023C023D0219
:10AB60003E023F02400241024202430244024502C9
:10AB700046024702480249024A024B024C024D0279
:10AB80004E024F0250025102520253025402550229
:10AB900056025702580259025A025B025C025D02D9
:10ABA0005E025F0260026102620263026402650289
:10ABB00066026702680269026A026B026C026D0239
:10ABC0006E026F02700271027202730274027502E9
:10ABD00076027702780279027A027B027C027D0299
:10ABE0007E027F0280028102820283028402850249
:10ABF00086028702880289028A028B028C028D02F9
:10AC00008E028F02900291029202930294029502A8
:10AC100096029702980299029A029B029C029D0258
:10AC20009E029F02A002A102A202A302A402A50208
:10AC3000A602A702A802A902AA02AB02AC02AD02B8
:10AC4000AE02AF02B002B102B202B302B402B50268
:10AC5000B602B702B802B902BA02BB02BC02BD0218
:10AC6000BE02BF02C002C102C202C302C402C502C8
:10AC7000C602C702C802C902CA02CB02CC02CD0278
:10AC8000CE02CF02D002D102D202D302D402D50228
:10AC9000D602D702D802D902DA02DB02DC02DD02D8
:10ACA000DE02DF02E002E102E202E302E402E50288
:10ACB000E602E702E802E902EA02EB02EC02ED0238
:10ACC000EE02EF02F002F102F202F302F402F502E8
:10ACD000F602F702F802F902FA02FB02FC02FD0298
:10ACE000FE02FF0200030103020303030403050342
:10ACF00006030703080309030A030B030C030D03F0
:10AD00000E030F031003110312031303140315039F
:10AD100016031703180319031A031B031C031D034F
:10AD20001E031F03200321032203230324032503FF
:10AD300026032703280329032A032B032C032D03AF
:10AD40002E032F033003310332033303340335035F
:10AD500036033703380339033A033B033C033D030F
:10AD60003E033F03400341034203430344034503BF
:10AD700046034703480349034A034B034C034D036F
:10AD80004E034F035003510352035303540355031F
:10AD900056035703580359035A035B035C035D03CF
:10ADA0005E035F036003610362036303640365037F
:10ADB00066036703680369036A036B036C036D032F
:10ADC0006E036F03700371037203730374037503DF
:10ADD00076037703780379037A037B037C037D038F
:10ADE0007E037F038003810382038303840385033F
:10ADF00086038703880389038A038B038C038D03EF
:10AE00008E038F039003910392039303940395039E
:10AE100096039703980399039A039B039C039D034E
:10AE20009E039F03A003A103A203A303A403A503FE
:10AE3000A603A703A803A903AA03AB03AC03AD03AE
:10AE4000AE03AF03B003B103B203B303B403B5035E
:10AE5000B603B703B803B903BA03BB03BC03BD030E
:10AE6000BE03BF03C003C103C203C303C403C503BE
:10AE7000C603C703C803C903CA03CB03CC03CD036E
:10AE8000CE03CF03D003D103D203D303D403D5031E
:10AE9000D603D703D803D903DA03DB03DC03DD03CE
:10AEA000DE03DF03E003E103E203E303E403E5037E
:10AEB000E603E703E803E903EA03EB03EC03ED032E
:10AEC000EE03EF03F003F103F203F303F403F503DE
:10AED000F603F703F803F903FA03FB03FC03FD038E
:10AEE000FE03FF0300040104020403040404050438
:10AEF00006040704080409040A040B040C040D04E6
:10AF00000E040F0410041104120413041404150495
:10AF100016041704180419041A041B041C041D0445
:10AF20001E041F04200421042204230424042504F5
:10AF300026042704280429042A042B042C042D04A5
:10AF40002E042F0430043104320433043404350455
:10AF500036043704380439043A043B043C043D0405
:10AF60003E043F04400441044204430444044504B5
:10AF700046044704480449044A044B044C044D0465
:10AF80004E044F0450045104520453045404550415
:10AF900056045704580459045A045B045C045D04C5
:10AFA0005E045F0460046104620463046404650475
:10AFB00066046704680469046A046B046C046D0425
:10AFC0006E046F04700471047204730474047504D5
:10AFD00076047704780479047A047B047C047D0485
:10AFE0007E047F0480048104820483048404850435
:10AFF00086048704880489048A048B048C048D04E5
:10B000008E048F0490049104920493049404950494
:10B0100096049704980499049A049B049C049D0444
:10B020009E049F04A004A104A204A304A404A504F4
:10B03000A604A704A804A904AA04AB04AC04AD04A4
:10B04000AE04AF04B004B104B204B304B404B50454
:10B05000B604B704B804B904BA04BB04BC04BD0404
:10B06000BE04BF04C004C104C204C304C404C504B4
:10B07000C604C704C804C904CA04CB04CC04CD0464
:10B08000CE04CF04D004D104D204D304D404D50414
:10B09000D604D704D804D904DA04DB04DC04DD04C4
:10B0A000DE04DF04E004E104E204E304E404E50474
:10B0B000E604E704E804E904EA04EB04EC04ED0424
:10B0C000EE04EF04F004F104F204F304F404F504D4
:10B0D000F604F704F804F904FA04FB04FC04FD0484
:10B0E000FE04FF040005010502050305040505052E
:10B0F00006050705080509050A050B050C050D05DC
:10B100000E050F051005110512051305140515058B
:10B1100016051705180519051A051B051C051D053B
:10B120001E051F05200521052205230524052505EB
:10B1300026052705280529052A052B052C052D059B
:10B140002E052F053005310532053305340535054B
:10B1500036053705380539053A053B053C053D05FB
:10B160003E053F05400541054205430544054505AB
:10B1700046054705480549054A054B054C054D055B
:10B180004E054F055005510552055305540555050B
:10B1900056055705580559055A055B055C055D05BB
:10B1A0005E055F056005610562056305640565056B
:10B1B00066056705680569056A056B056C056D051B
:10B1C0006E056F05700571057205730574057505CB
:10B1D00076057705780579057A057B057C057D057B
:10B1E0007E057F058005810582058305840585052B
:10B1F00086058705880589058A058B058C058D05DB
:10B200008E058F059005910592059305940595058A
:10B2100096059705980599059A059B059C059D053A
:10B220009E059F05A005A105A205A305A405A505EA
:10B23000A605A705A805A905AA05AB05AC05AD059A
:10B24000AE05AF05B005B105B205B305B405B5054A
:10B25000B605B705B805B905BA05BB05BC05BD05FA
:10B26000BE05BF05C005C105C205C305C405C505AA
:10B27000C605C705C805C905CA05CB05CC05CD055A
:10B28000CE05CF05D005D105D205D305D405D5050A
:10B29000D605D705D805D905DA05DB05DC05DD05BA
:10B2A000DE05DF05E005E105E205E305E405E5056A
:10B2B000E605E705E805E905EA05EB05EC05ED051A
:10B2C000EE05EF05F005F105F205F305F405F505CA
:10B2D000F605F705F805F905FA05FB05FC05FD057A
:10B2E000FE05FF0500060106020603060406050624
:10B2F00006060706080609060A060B060C060D06D2
:10B300000E060F0610061106120613061406150681
:10B3100016061706180619061A061B061C061D0631
:10B320001E061F06200621062206230624062506E1
:10B3300026062706280629062A062B062C062D0691
:10B340002E062F0630063106320633063406350641
:10B3500036063706380639063A063B063C063D06F1
:10B360003E063F06400641064206430644064506A1
:10B3700046064706480649064A064B064C064D0651
:10B380004E064F0650065106520653065406550601
:10B3900056065706580659065A065B065C065D06B1
:10B3A0005E065F0660066106620663066406650661
:10B3B00066066706680669066A066B066C066D0611
:10B3C0006E066F06700671067206730674067506C1
:10B3D00076067706780679067A067B067C067D0671
:10B3E0007E067F0680068106820683068406850621
:10B3F00086068706880689068A068B068C068D06D1
:10B400008E068F0690069106920693069406950680
:10B4100096069706980699069A069B069C069D0630
:10B420009E069F06A006A106A206A306A406A506E0
:10B43000A606A706A806A906AA06AB06AC06AD0690
:10B44000AE06AF06B006B106B206B306B406B50640
:10B45000B606B706B806B906BA06BB06BC06BD06F0
:10B46000BE06BF06C006C106C206C306C406C506A0
:10B47000C606C706C806C906CA06CB06CC06CD0650
:10B48000CE06CF06D006D106D206D306D406D50600
:10B49000D606D706D806D906DA06DB06DC06DD06B0
:10B4A000DE06DF06E006E106E206E306E406E50660
:10B4B000E606E706E806E906EA06EB06EC06ED0610
:10B4C000EE06EF06F006F106F206F306F406F506C0
:10B4D000F606F706F806F906FA06FB06FC06FD0670
:10B4E000FE06FF060007010702070307040705071A
:10B4F00006070707080709070A070B070C070D07C8
:10B500000E070F0710071107120713071407150777
:10B5100016071707180719071A071B071C071D0727
:10B520001E071F07200721072207230724072507D7
:10B5300026072707280729072A072B072C072D0787
:10B540002E072F0730073107320733073407350737
:10B5500036073707380739073A073B073C073D07E7
:10B560003E073F0740074107420743074407450797
:10B5700046074707480749074A074B074C074D0747
:10B580004E074F07500751075207530754075507F7
:10B5900056075707580759075A075B075C075D07A7
:10B5A0005E075F0760076107620763076407650757
:10B5B00066076707680769076A076B076C076D0707
:10B5C0006E076F07700771077207730774077507B7
:10B5D00076077707780779077A077B077C077D0767
:10B5E0007E077F0780078107820783078407850717
:10B5F00086078707880789078A078B078C078D07C7
:10B600008E078F0790079107920793079407950776
:10B6100096079707980799079A079B079C079D0726
:10B620009E079F07A007A107A207A307A407A507D6
:10B63000A607A707A807A907AA07AB07AC07AD0786
:10B64000AE07AF07B007B107B207B307B407B50736
:10B65000B607B707B807B907BA07BB07BC07BD07E6
:10B66000BE07BF07C007C107C207C307C407C50796
:10B67000C607C707C807C907CA07CB07CC07CD0746
:10B68000CE07CF07D007D107D207D307D407D507F6
:10B69000D607D707D807D907DA07DB07DC07DD07A6
:10B6A000DE07DF07E007E107E207E307E407E50756
:10B6B000E607E707E807E907EA07EB07EC07ED0706
:10B6C000EE07EF07F007F107F207F307F407F507B6
:10B6D000F607F707F807F907FA07FB07FC07FD0766
:10B6E000FE07FF0700080108020803080408050810
:10B6F00006080708080809080A080B080C080D08BE
:10B700000E080F081008110812081308140815086D
:10B7100016081708180819081A081B081C081D081D
:10B720001E081F08200821082208230824082508CD
:10B7300026082708280829082A082B082C082D087D
:10B740002E082F083008310832083308340835082D
:10B7500036083708380839083A083B083C083D08DD
:10B760003E083F084008410842084308440845088D
:10B7700046084708480849084A084B084C084D083D
:10B780004E084F08500851085208530854085508ED
:10B7900056085708580859085A085B080000000066
:10B7A0000000000000000000000000000000000099
:10B7B0000000000000000000000000000000000089
:10B7C0000000000000000000000000000000000079
:10B7D0000000000000000000000000000000000069
:10B7E0000000000000000000000000000000000059
:10B7F0000000000000000000000000000000000049
:10B800000000000000000000000000000000000038
:10B810000000000000000000000000000000000028
:10B820000000000000000000000000000000000018
:10B830000000000000000000000000000000000008
:10B8400000000000000000000000000000000000F8
:10B8500000000000000000000000000000000000E8
:10B8600000000000000000000000000000000000D8
:10B8700000000000000000000000000000000000C8
:10B8800000000000000000000000000000000000B8
:10B8900000000000000000000000000000000000A8
:10B8A0000000000000000000000000000000000098
:10B8B0000000000000000000000000000000000088
:10B8C0000000000000000000000000000000000078
:10B8D0000000000000000000000000000000000068
:10B8E0000000000000000000000000000000000058
:10B8F0000000000000000000000000000000000048
:10B900000000000000000000000000000000000037
:10B910000000000000000000000000000000000027
:10B920000000000000000000000000000000000017
:10B930000000000000000000000000000000000007
:10B9400000000000000000000000000000000000F7
:10B9500000000000000000000000000000000000E7
:10B9600000000000000000000000000000000000D7
:10B9700000000000000000000000000000000000C7
:10B9800000000000000000000000000000000000B7
:10B9900000000000000000000000000000000000A7
:10B9A0000000000000000000000000000000000097
:10B9B0000000000000000000000000000000000087
:10B9C0000000000000000000000000000000000077
:10B9D0000000000000000000000000000000000067
:10B9E0000000000000000000000000000000000057
:10B9F0000000000000000000000000000000000047
:10BA00000000000000000000000000000000000036
:10BA10000000000000000000000000000000000026
:10BA20000000000000000000000000000000000016
:10BA30000000000000000000000000000000000006
:10BA400000000000000000000000000000000000F6
:10BA500000000000000000000000000000000000E6
:10BA600000000000000000000000000000000000D6
:10BA700000000000000000000000000000000000C6
:10BA800000000000000000000000000000000000B6
:10BA900000000000000000000000000000000000A6
:10BAA0000000000000000000000000000000000096
:10BAB0000000000000000000000000000000000086
:10BAC0000000000000000000000000000000000076
:10BAD0000000000000000000000000000000000066
:10BAE0000000000000000000000000000000000056
:10BAF0000000000000000000000000000000000046
:10BB00000000000000000000000000000000000035
:10BB10000000000000000000000000000000000025
:10BB20000000000000000000000000000000000015
:10BB30000000000000000000000000000000000005
:10BB400000000000000000000000000000000000F5
:10BB500000000000000000000000000000000000E5
:10BB600000000000000000000000000000000000D5
:10BB700000000000000000000000000000000000C5
:10BB800000000000000000000000000000000000B5
:10BB900000000000000000000000000000000000A5
:10BBA0000000000000000000000000000000000095
:10BBB0000000000000000000000000000000000085
:10BBC0000000000000000000000000000000000075
:10BBD0000000000000000000000000000000000065
:10BBE0000000000000000000000000000000000055
:10BBF0000000000000000000000000000000000045
:10BC00000000000000000000000000000000000034
:10BC10000000000000000000000000000000000024
:10BC20000000000000000000000000000000000014
:10BC30000000000000000000000000000000000004
:10BC400000000000000000000000000000000000F4
:10BC500000000000000000000000000000000000E4
:10BC600000000000000000000000000000000000D4
:10BC700000000000000000000000000000000000C4
:10BC800000000000000000000000000000000000B4
:10BC900000000000000000000000000000000000A4
:10BCA0000000000000000000000000000000000094
:10BCB0000000000000000000000000000000000084
:10BCC0000000000000000000000000000000000074
:10BCD0000000000000000000000000000000000064
:10BCE0000000000000000000000000000000000054
:10BCF0000000000000000000000000000000000044
:10BD00000000000000000000000000000000000033
:10BD10000000000000000000000000000000000023
:10BD20000000000000000000000000000000000013
:10BD30000000000000000000000000000000000003
:10BD400000000000000000000000000000000000F3
:10BD500000000000000000000000000000000000E3
:10BD600000000000000000000000000000000000D3
:10BD700000000000000000000000000000000000C3
:10BD800000000000000000000000000000000000B3
:10BD900000000000000000000000000000000000A3
:10BDA0000000000000000000000000000000000093
:10BDB0000000000000000000000000000000000083
:10BDC0000000000000000000000000000000000073
:10BDD0000000000000000000000000000000000063
:10BDE0000000000000000000000000000000000053
:10BDF0000000000000000000000000000000000043
:10BE00000000000000000000000000000000000032
:10BE10000000000000000000000000000000000022
:10BE20000000000000000000000000000000000012
:10BE30000000000000000000000000000000000002
:10BE400000000000000000000000000000000000F2
:10BE500000000000000000000000000000000000E2
:10BE600000000000000000000000000000000000D2
:10BE700000000000000000000000000000000000C2
:10BE800000000000000000000000000000000000B2
:10BE900000000000000000000000000000000000A2
:10BEA0000000000000000000000000000000000092
:10BEB0000000000000000000000000000000000082
:10BEC0000000000000000000000000000000000072
:10BED0000000000000000000000000000000000062
:10BEE0000000000000000000000000000000000052
:10BEF0000000000000000000000000000000000042
:10BF00000000000000000000000000000000000031
:10BF10000000000000000000000000000000000021
:10BF20000000000000000000000000000000000011
:10BF30000000000000000000000000000000000001
:10BF400000000000000000000000000000000000F1
:10BF500000000000000000000000000000000000E1
:10BF600000000000000000000000000000000000D1
:10BF700000000000000000000000000000000000C1
:10BF800000000000000000000000000000000000B1
:10BF900000000000000000000000000000000000A1
:10BFA0000000000000000000000000000000000091
:10BFB0000000000000000000000000000000000081
:10BFC0000000000000000000000000000000000071
:10BFD0000000000000000000000000000000000061
:10BFE0000000000000000000000000000000000051
:10BFF0000000000000000000000000000000000041
:10C000000000000000000000000000000000000030
:10C010000000000000000000000000000000000020
:10C020000000000000000000000000000000000010
:10C030000000000000000000000000000000000000
:10C0400000000000000000000000000000000000F0
:10C0500000000000000000000000000000000000E0
:10C0600000000000000000000000000000000000D0
:10C0700000000000000000000000000000000000C0
:10C0800000000000000000000000000000000000B0
:10C0900000000000000000000000000000000000A0
:10C0A0000000000000000000000000000000000090
:10C0B0000000000000000000000000000000000080
:10C0C0000000000000000000000000000000000070
:10C0D0000000000000000000000000000000000060
:10C0E0000000000000000000000000000000000050
:10C0F0000000000000000000000000000000000040
:10C10000000000000000000000000000000000002F
:10C11000000000000000000000000000000000001F
:10C12000000000000000000000000000000000000F
:10C1300000000000000000000000000000000000FF
:10C1400000000000000000000000000000000000EF
:10C1500000000000000000000000000000000000DF
:10C1600000000000000000000000000000000000CF
:10C1700000000000000000000000000000000000BF
:10C1800000000000000000000000000000000000AF
:10C19000000000000000000000000000000000009F
:10C1A000000000000000000000000000000000008F
:10C1B000000000000000000000000000000000007F
:10C1C000000000000000000000000000000000006F
:10C1D000000000000000000000000000000000005F
:10C1E000000000000000000000000000000000004F
:10C1F000000000000000000000000000000000003F
:10C20000000000000000000000000000000000002E
:10C21000000000000000000000000000000000001E
:10C22000000000000000000000000000000000000E
:10C2300000000000000000000000000000000000FE
:10C2400000000000000000000000000000000000EE
:10C2500000000000000000000000000000000000DE
:10C2600000000000000000000000000000000000CE
:10C2700000000000000000000000000000000000BE
:10C2800000000000000000000000000000000000AE
:10C29000000000000000000000000000000000009E
:10C2A000000000000000000000000000000000008E
:10C2B000000000000000000000000000000000007E
:10C2C000000000000000000000000000000000006E
:10C2D000000000000000000000000000000000005E
:10C2E000000000000000000000000000000000004E
:10C2F000000000000000000000000000000000003E
:10C30000000000000000000000000000000000002D
:10C31000000000000000000000000000000000001D
:10C32000000000000000000000000000000000000D
:10C3300000000000000000000000000000000000FD
:10C3400000000000000000000000000000000000ED
:10C3500000000000000000000000000000000000DD
:10C3600000000000000000000000000000000000CD
:10C3700000000000000000000000000000000000BD
:10C3800000000000000000000000000000000000AD
:10C39000000000000000000000000000000000009D
:10C3A000000000000000000000000000000000008D
:10C3B000000000000000000000000000000000007D
:10C3C000000000000000000000000000000000006D
:10C3D000000000000000000000000000000000005D
:10C3E000000000000000000000000000000000004D
:10C3F000000000000000000000000000000000003D
:10C40000000000000000000000000000000000002C
:10C41000000000000000000000000000000000001C
:10C42000000000000000000000000000000000000C
:10C4300000000000000000000000000000000000FC
:10C4400000000000000000000000000000000000EC
:10C4500000000000000000000000000000000000DC
:10C4600000000000000000000000000000000000CC
:10C4700000000000000000000000000000000000BC
:10C4800000000000000000000000000000000000AC
:10C49000000000000000000000000000000000009C
:10C4A000000000000000000000000000000000008C
:10C4B000000000000000000000000000000000007C
:10C4C000000000000000000000000000000000006C
:10C4D000000000000000000000000000000000005C
:10C4E000000000000000000000000000000000004C
:10C4F000000000000000000000000000000000003C
:10C50000000000000000000000000000000000002B
:10C51000000000000000000000000000000000001B
:10C52000000000000000000000000000000000000B
:10C5300000000000000000000000000000000000FB
:10C5400000000000000000000000000000000000EB
:10C5500000000000000000000000000000000000DB
:10C5600000000000000000000000000000000000CB
:10C5700000000000000000000000000000000000BB
:10C5800000000000000000000000000000000000AB
:10C59000000000000000000000000000000000009B
:10C5A000000000000000000000000000000000008B
:10C5B000000000000000000000000000000000007B
:10C5C000000000000000000000000000000000006B
:10C5D000000000000000000000000000000000005B
:10C5E000000000000000000000000000000000004B
:10C5F000000000000000000000000000000000003B
:10C60000000000000000000000000000000000002A
:10C61000000000000000000000000000000000001A
:10C62000000000000000000000000000000000000A
:10C6300000000000000000000000000000000000FA
:10C6400000000000000000000000000000000000EA
:10C6500000000000000000000000000000000000DA
:10C6600000000000000000000000000000000000CA
:10C6700000000000000000000000000000000000BA
:10C6800000000000000000000000000000000000AA
:10C69000000000000000000000000000000000009A
:10C6A000000000000000000000000000000000008A
:10C6B000000000000000000000000000000000007A
:10C6C000000000000000000000000000000000006A
:10C6D000000000000000000000000000000000005A
:10C6E0000000000000080308060809080C080F08ED
:10C6F0001208150819081C081F0822082508280810
:10C700002B082F083208350838083B083E08410836
:10C71000450848084B084E085108540857085B085C
:10C720005E086108640867086A086D087108740883
:10C7300077087A087D088008830886088A088D08AB
:10C7400090089308960899089C08A008A308A608D2
:10C75000A908AC08AF08B208B508B908BC08BF08FA
:10C76000C208C508C808CB08CE08D208D508D80822
:10C77000DB08DE08E108E408E708EB08EE08F1084A
:10C78000F408F708FA08FD080009030907090A096F
:10C790000D0910091309160919091C091F09230994
:10C7A000260929092C092F093209350938093B09BD
:10C7B0003F094209450948094B094E0951095409E5
:10C7C00057095A095E096109640967096A096D090F
:10C7D00070097309760979097C098009830986093A
:10C7E00089098C098F099209950998099B099E0965
:10C7F000A109A409A809AB09AE09B109B409B7098F
:10C80000BA09BD09C009C309C609C909CC09CF09BC
:10C81000D209D609D909DC09DF09E209E509E809E5
:10C82000EB09EE09F109F409F709FA09FD09000A13
:10C83000030A060A090A0C0A0F0A120A150A190A3B
:10C840001C0A1F0A220A250A280A2B0A2E0A310A64
:10C85000340A370A3A0A3D0A400A430A460A490A94
:10C860004C0A4F0A520A550A580A5B0A5E0A610AC4
:10C87000640A670A6A0A6D0A700A730A760A790AF4
:10C880007C0A7F0A820A850A880A8B0A8E0A910A24
:10C89000940A970A9A0A9D0AA00AA20AA50AA80A57
:10C8A000AB0AAE0AB10AB40AB70ABA0ABD0AC00A8C
:10C8B000C30AC60AC90ACC0ACF0AD20AD50AD80ABC
:10C8C000DB0ADD0AE00AE30AE60AE90AEC0AEF0AF3
:10C8D000F20AF50AF80AFB0AFE0A010B030B060B23
:10C8E000090B0C0B0F0B120B150B180B1B0B1E0B54
:10C8F000200B230B260B290B2C0B2F0B320B350B8C
:10C90000370B3A0B3D0B400B430B460B490B4C0BC3
:10C910004E0B510B540B570B5A0B5D0B600B620BFC
:10C92000650B680B6B0B6E0B710B730B760B790B36
:10C930007C0B7F0B820B840B870B8A0B8D0B900B70
:10C94000920B950B980B9B0B9E0BA00BA30BA60BAE
:10C95000A90BAC0BAE0BB10BB40BB70BBA0BBC0BEA
:10C96000BF0BC20BC50BC70BCA0BCD0BD00BD20B29
:10C97000D50BD80BDB0BDE0BE00BE30BE60BE80B68
:10C98000EB0BEE0BF10BF30BF60BF90BFC0BFE0BA9
:10C99000010C040C060C090C0C0C0F0C110C140CE3
:10C9A000170C190C1C0C1F0C210C240C270C2A0C26
:10C9B0002C0C2F0C320C340C370C3A0C3C0C3F0C6A
:10C9C000420C440C470C4A0C4C0C4F0C510C540CB0
:10C9D000570C590C5C0C5F0C610C640C670C690CF7
:10C9E0006C0C6E0C710C740C760C790C7B0C7E0C40
:10C9F000810C830C860C880C8B0C8E0C900C930C89
:10CA0000950C980C9A0C9D0CA00CA20CA50CA70CD4
:10CA1000AA0CAC0CAF0CB10CB40CB70CB90CBC0C20
:10CA2000BE0CC10CC30CC60CC80CCB0CCD0CD00C6E
:10CA3000D20CD50CD70CDA0CDC0CDF0CE10CE40CBE
:10CA4000E60CE90CEB0CEE0CF00CF30CF50CF70C0F
:10CA5000FA0CFC0CFF0C010D040D060D090D0B0D5D
:10CA60000E0D100D120D150D170D1A0D1C0D1E0DAE
:10CA7000210D230D260D280D2A0D2D0D2F0D320D04
:10CA8000340D360D390D3B0D3E0D400D420D450D5B
:10CA9000470D490D4C0D4E0D500D530D550D570DB5
:10CAA0005A0D5C0D5E0D610D630D650D680D6A0D0F
:10CAB0006C0D6F0D710D730D760D780D7A0D7C0D6B
:10CAC0007F0D810D830D860D880D8A0D8C0D8F0DC8
:10CAD000910D930D950D980D9A0D9C0D9E0DA10D28
:10CAE000A30DA50DA70DA90DAC0DAE0DB00DB20D8A
:10CAF000B40DB70DB90DBB0DBD0DBF0DC20DC40DED
:10CB0000C60DC80DCA0DCC0DCF0DD10DD30DD50D51
:10CB1000D70DD90DDC0DDE0DE00DE20DE40DE60DB7
:10CB2000E80DEA0DED0DEF0DF10DF30DF50DF70D1F
:10CB3000F90DFB0DFD0DFF0D010E030E060E080E87
:10CB40000A0E0C0E0E0E100E120E140E160E180EED
:10CB50001A0E1C0E1E0E200E220E240E260E280E5D
:10CB60002A0E2C0E2E0E300E320E340E360E380ECD
:10CB70003A0E3C0E3E0E400E420E440E460E480E3D
:10CB80004A0E4C0E4E0E4F0E510E530E550E570EB2
:10CB9000590E5B0E5D0E5F0E610E630E640E660E27
:10CBA000680E6A0E6C0E6E0E700E720E730E750E9F
:10CBB000770E790E7B0E7D0E7E0E800E820E840E19
:10CBC000860E880E890E8B0E8D0E8F0E910E920E94
:10CBD000940E960E980E990E9B0E9D0E9F0EA10E12
:10CBE000A20EA40EA60EA80EA90EAB0EAD0EAE0E92
:10CBF000B00EB20EB40EB50EB70EB90EBA0EBC0E14
:10CC0000BE0EC00EC10EC30EC50EC60EC80ECA0E95
:10CC1000CB0ECD0ECE0ED00ED20ED30ED50ED70E1D
:10CC2000D80EDA0EDC0EDD0EDF0EE00EE20EE40EA4
:10CC3000E50EE70EE80EEA0EEB0EED0EEF0EF00E2F
:10CC4000F20EF30EF50EF60EF80EF90EFB0EFD0EBB
:10CC5000FE0E000F010F030F040F060F070F090F41
:10CC60000A0F0C0F0D0F0F0F100F110F130F140FD2
:10CC7000160F170F190F1A0F1C0F1D0F1E0F200F65
:10CC8000210F230F240F260F270F280F2A0F2B0FFA
:10CC90002D0F2E0F2F0F310F320F330F350F360F91
:10CCA000380F390F3A0F3C0F3D0F3E0F400F410F29
:10CCB000420F430F450F460F470F490F4A0F4B0FC7
:10CCC0004D0F4E0F4F0F500F520F530F540F550F64
:10CCD000570F580F590F5A0F5C0F5D0F5E0F5F0F04
:10CCE000600F620F630F640F650F660F680F690FA7
:10CCF0006A0F6B0F6C0F6E0F6F0F700F710F720F4B
:10CD0000730F740F760F770F780F790F7A0F7B0FF1
:10CD10007C0F7D0F7E0F800F810F820F830F840F9A
:10CD2000850F860F870F880F890F8A0F8B0F8C0F47
:10CD30008D0F8E0F8F0F900F910F920F930F940FF7
:10CD4000950F960F970F980F990F9A0F9B0F9C0FA7
:10CD50009D0F9E0F9F0FA00FA10FA20FA30FA40F57
:10CD6000A50FA60FA70FA70FA80FA90FAA0FAB0F0C
:10CD7000AC0FAD0FAE0FAF0FAF0FB00FB10FB20FC3
:10CD8000B30FB40FB50FB50FB60FB70FB80FB90F7C
:10CD9000B90FBA0FBB0FBC0FBD0FBD0FBE0FBF0F3A
:10CDA000C00FC10FC10FC20FC30FC40FC40FC50FF7
:10CDB000C60FC70FC70FC80FC90FC90FCA0FCB0FB8
:10CDC000CC0FCC0FCD0FCE0FCE0FCF0FD00FD00F7B
:10CDD000D10FD20FD20FD30FD40FD40FD50FD50F41
:10CDE000D60FD70FD70FD80FD90FD90FDA0FDA0F09
:10CDF000DB0FDB0FDC0FDD0FDD0FDE0FDE0FDF0FD4
:10CE0000DF0FE00FE00FE10FE20FE20FE30FE30FA0
:10CE1000E40FE40FE50FE50FE60FE60FE70FE70F6E
:10CE2000E80FE80FE80FE90FE90FEA0FEA0FEB0F41
:10CE3000EB0FEC0FEC0FEC0FED0FED0FEE0FEE0F15
:10CE4000EE0FEF0FEF0FF00FF00FF00FF10FF10FEC
:10CE5000F10FF20FF20FF20FF30FF30FF30FF40FC6
:10CE6000F40FF40FF50FF50FF50FF60FF60FF60FA1
:10CE7000F60FF70FF70FF70FF80FF80FF80FF80F7F
:10CE8000F90FF90FF90FF90FF90FFA0FFA0FFA0F5F
:10CE9000FA0FFB0FFB0FFB0FFB0FFB0FFB0FFC0F42
:10CEA000FC0FFC0FFC0FFC0FFC0FFD0FFD0FFD0F27
:10CEB000FD0FFD0FFD0FFD0FFD0FFD0FFE0FFE0F10
:10CEC000FE0FFE0FFE0FFE0FFE0FFE0FFE0FFE0FFA
:10CED000FE0FFE0FFE0FFE0FFE0FFE0FFE0FFE0FEA
:10CEE000FE0FFE0FFE0FFE0FFE0FFE0FFE0FFE0FDA
:10CEF000FE0FFE0FFE0FFE0FFE0FFE0FFE0FFE0FCA
:10CF0000FE0FFE0FFE0FFE0FFE0FFE0FFE0FFD0FBA
:10CF1000FD0FFD0FFD0FFD0FFD0FFD0FFD0FFC0FB2
:10CF2000FC0FFC0FFC0FFC0FFC0FFC0FFB0FFB0FAB
:10CF3000FB0FFB0FFB0FFA0FFA0FFA0FFA0FFA0FA6
:10CF4000F90FF90FF90FF90FF80FF80FF80FF80FA5
:10CF5000F70FF70FF70FF70FF60FF60FF60FF50FA6
:10CF6000F50FF50FF50FF40FF40FF40FF30FF30FA8
:10CF7000F30FF20FF20FF20FF10FF10FF10FF00FAD
:10CF8000F00FEF0FEF0FEF0FEE0FEE0FED0FED0FB6
:10CF9000ED0FEC0FEC0FEB0FEB0FEA0FEA0FEA0FC0
:10CFA000E90FE90FE80FE80FE70FE70FE60FE60FCD
:10CFB000E50FE50FE40FE40FE30FE30FE20FE20FDD
:10CFC000E10FE10FE00FE00FDF0FDF0FDE0FDD0FEE
:10CFD000DD0FDC0FDC0FDB0FDB0FDA0FD90FD90F02
:10CFE000D80FD80FD70FD60FD60FD50FD50FD40F18
:10CFF000D30FD30FD20FD10FD10FD00FCF0FCF0F31
:10D00000CE0FCD0FCD0FCC0FCB0FCA0FCA0FC90F4C
:10D01000C80FC80FC70FC60FC50FC50FC40FC30F6A
:10D02000C20FC20FC10FC00FBF0FBF0FBE0FBD0F8A
:10D03000BC0FBB0FBB0FBA0FB90FB80FB70FB70FAD
:10D04000B60FB50FB40FB30FB20FB20FB10FB00FD1
:10D05000AF0FAE0FAD0FAC0FAB0FAB0FAA0FA90FF9
:10D06000A80FA70FA60FA50FA40FA30FA20FA10F24
:10D07000A10FA00F9F0F9E0F9D0F9C0F9B0F9A0F4C
:10D08000990F980F970F960F950F940F930F920F7C
:10D09000910F900F8F0F8E0F8D0F8C0F8B0F8A0FAC
:10D0A000890F880F870F850F840F830F820F810FE1
:10D0B000800F7F0F7E0F7D0F7C0F7B0F790F780F16
:10D0C000770F760F750F740F730F720F700F6F0F4E
:10D0D0006E0F6D0F6C0F6B0F690F680F670F660F88
:10D0E000650F640F620F610F600F5F0F5D0F5C0FC4
:10D0F0005B0F5A0F590F570F560F550F540F520F02
:10D10000510F500F4E0F4D0F4C0F4B0F490F480F43
:10D11000470F450F440F430F420F400F3F0F3E0F85
:10D120003C0F3B0F3A0F380F370F350F340F330FCB
:10D13000310F300F2F0F2D0F2C0F2A0F290F280F13
:10D14000260F250F230F220F210F1F0F1E0F1C0F5D
:10D150001B0F190F180F170F150F140F120F110FA8
:10D160000F0F0E0F0C0F0B0F090F080F060F050FF7
:10D17000030F020F000FFF0EFD0EFC0EFA0EF90E4C
:10D18000F70EF60EF40EF30EF10EEF0EEE0EEC0EA1
:10D19000EB0EE90EE80EE60EE40EE30EE10EE00EF5
:10D1A000DE0EDC0EDB0ED90ED70ED60ED40ED30E4D
:10D1B000D10ECF0ECE0ECC0ECA0EC90EC70EC50EA6
:10D1C000C40EC20EC00EBF0EBD0EBB0EBA0EB80E00
:10D1D000B60EB40EB30EB10EAF0EAE0EAC0EAA0E5E
:10D1E000A80EA70EA50EA30EA10EA00E9E0E9C0EBD
:10D1F0009A0E990E970E950E930E910E900E8E0E1E
:10D200008C0E8A0E880E870E850E830E810E7F0E81
:10D210007E0E7C0E7A0E780E760E740E720E710EE5
:10D220006F0E6D0E6B0E690E670E650E630E620E4D
:10D23000600E5E0E5C0E5A0E580E560E540E520EB6
:10D24000500E4E0E4D0E4B0E490E470E450E430E20
:10D25000410E3F0E3D0E3B0E390E370E350E330E8E
:10D26000310E2F0E2D0E2B0E290E270E250E230EFE
:10D27000210E1F0E1D0E1B0E190E170E150E130E6E
:10D28000110E0F0E0D0E0B0E090E070E050E020EDF
:10D29000000EFE0DFC0DFA0DF80DF60DF40DF20D5D
:10D2A000F00DEE0DEB0DE90DE70DE50DE30DE10DD4
:10D2B000DF0DDD0DDA0DD80DD60DD40DD20DD00D4C
:10D2C000CE0DCB0DC90DC70DC50DC30DC10DBE0DC6
:10D2D000BC0DBA0DB80DB60DB30DB10DAF0DAD0D42
:10D2E000AB0DA80DA60DA40DA20D9F0D9D0D9B0DC0
:10D2F000990D960D940D920D900D8D0D8B0D890D40
:10D30000870D840D820D800D7E0D7B0D790D770DBF
:10D31000740D720D700D6E0D6B0D690D670D640D42
:10D32000620D600D5D0D5B0D590D560D540D520DC6
:10D330004F0D4D0D4B0D480D460D430D410D3F0D4D
:10D340003C0D3A0D380D350D330D300D2E0D2C0DD5
:10D35000290D270D240D220D200D1D0D1B0D180D5F
:10D36000160D140D110D0F0D0C0D0A0D070D050DE9
:10D37000030D000DFE0CFB0CF90CF60CF40CF10C7B
:10D38000EF0CEC0CEA0CE70CE50CE20CE00CDD0C0D
:10D39000DB0CD80CD60CD30CD10CCE0CCC0CC90C9D
:10D3A000C70CC40CC20CBF0CBD0CBA0CB80CB50C2D
:10D3B000B30CB00CAE0CAB0CA90CA60CA30CA10CBE
:10D3C0009E0C9C0C990C970C940C910C8F0C8C0C53
:10D3D0008A0C870C850C820C7F0C7D0C7A0C780CE7
:10D3E000750C720C700C6D0C6A0C680C650C630C7F
:10D3F000600C5D0C5B0C580C550C530C500C4E0C17
:10D400004B0C480C460C430C400C3E0C3B0C380CAF
:10D41000360C330C300C2E0C2B0C280C260C230C49
:10D42000200C1D0C1B0C180C150C130C100C0D0CE7
:10D430000B0C080C050C020C000CFD0BFA0BF80B86
:10D44000F50BF20BEF0BED0BEA0BE70BE40BE20B2A
:10D45000DF0BDC0BD90BD70BD40BD10BCE0BCC0BCA
:10D46000C90BC60BC30BC10BBE0BBB0BB80BB50B6B
:10D47000B30BB00BAD0BAA0BA70BA50BA20B9F0B0D
:10D480009C0B990B970B940B910B8E0B8B0B890BB1
:10D49000860B830B800B7D0B7A0B780B750B720B55
:10D4A0006F0B6C0B690B670B640B610B5E0B5B0BFB
:10D4B000580B560B530B500B4D0B4A0B470B440BA1
:10D4C000420B3F0B3C0B390B360B330B300B2D0B48
:10D4D0002B0B280B250B220B1F0B1C0B190B160BF0
:10D4E000130B100B0E0B0B0B080B050B020BFF0A9B
:10D4F000FC0AF90AF60AF30AF00AEE0AEB0AE80A4D
:10D50000E50AE20ADF0ADC0AD90AD60AD30AD00AF7
:10D51000CD0ACA0AC70AC40AC20ABF0ABC0AB90AA3
:10D52000B60AB30AB00AAD0AAA0AA70AA40AA10A4F
:10D530009E0A9B0A980A950A920A8F0A8C0A890AFF
:10D54000860A830A800A7D0A7A0A770A740A710AAF
:10D550006E0A6B0A680A650A620A5F0A5C0A590A5F
:10D56000560A530A500A4D0A4A0A470A440A410A0F
:10D570003E0A3B0A380A350A320A2F0A2C0A290ABF
:10D58000260A230A200A1D0A1A0A170A140A110A6F
:10D590000E0A0B0A080A050A020AFF09FC09F90922
:10D5A000F609F309EF09EC09E909000000000000A1
:10D5B000000000000000000000000000000000006B
:10D5C000000000000000000000000000000000005B
:10D5D000000000000000000000000000000000004B
:10D5E000000000000000000000000000000000003B
:10D5F000000000000000000000000000000000002B
:10D60000000000000000000000000000000000001A
:10D61000000000000000000000000000000000000A
:10D6200000000000000000000000000000000000FA
:10D6300000000000000000000000000000000000EA
:10D6400000000000000000000000000000000000DA
:10D6500000000000000000000000000000000000CA
:10D6600000000000000000000000000000000000BA
:10D6700000000000000000000000000000000000AA
:10D68000000000000000000000000000000000009A
:10D69000000000000000000000000000000000008A
:10D6A000000000000000000000000000000000007A
:10D6B000000000000000000000000000000000006A
:10D6C000000000000000000000000000000000005A
:10D6D000000000000000000000000000000000004A
:10D6E000000000000000000000000000000000003A
:10D6F000000000000000000000000000000000002A
:10D700000000000000000000000000000000000019
:10D710000000000000000000000000000000000009
:10D7200000000000000000000000000000000000F9
:10D7300000000000000000000000000000000000E9
:10D7400000000000000000000000000000000000D9
:10D7500000000000000000000000000000000000C9
:10D7600000000000000000000000000000000000B9
:10D7700000000000000000000000000000000000A9
:10D780000000000000000000000000000000000099
:10D790000000000000000000000000000000000089
:10D7A0000000000000000000000000000000000079
:10D7B0000000000000000000000000000000000069
:10D7C0000000000000000000000000000000000059
:10D7D0000000000000000000000000000000000049
:10D7E0000000000000000000000000000000000039
:10D7F0000000000000000000000000000000000029
:10D800000000000000000000000000000000000018
:10D810000000000000000000000000000000000008
:10D8200000000000000000000000000000000000F8
:10D8300000000000000000000000000000000000E8
:10D8400000000000000000000000000000000000D8
:10D8500000000000000000000000000000000000C8
:10D8600000000000000000000000000000000000B8
:10D8700000000000000000000000000000000000A8
:10D880000000000000000000000000000000000098
:10D890000000000000000000000000000000000088
:10D8A0000000000000000000000000000000000078
:10D8B0000000000000000000000000000000000068
:10D8C0000000000000000000000000000000000058
:10D8D0000000000000000000000000000000000048
:10D8E0000000000000000000000000000000000038
:10D8F0000000000000000000000000000000000028
:10D900000000000000000000000000000000000017
:10D910000000000000000000000000000000000007
:10D9200000000000000000000000000000000000F7
:10D9300000000000000000000000000000000000E7
:10D9400000000000000000000000000000000000D7
:10D9500000000000000000000000000000000000C7
:10D9600000000000000000000000000000000000B7
:10D9700000000000000000000000000000000000A7
:10D980000000000000000000000000000000000097
:10D990000000000000000000000000000000000087
:10D9A0000000000000000000000000000000000077
:10D9B0000000000000000000000000000000000067
:10D9C0000000000000000000000000000000000057
:10D9D0000000000000000000000000000000000047
:10D9E0000000000000000000000000000000000037
:10D9F0000000000000000000000000000000000027
:10DA00000000000000000000000000000000000016
:10DA10000000000000000000000000000000000006
:10DA200000000000000000000000000000000000F6
:10DA300000000000000000000000000000000000E6
:10DA400000000000000000000000000000000000D6
:10DA500000000000000000000000000000000000C6
:10DA600000000000000000000000000000000000B6
:10DA700000000000000000000000000000000000A6
:10DA80000000000000000000000000000000000096
:10DA90000000000000000000000000000000000086
:10DAA0000000000000000000000000000000000076
:10DAB0000000000000000000000000000000000066
:10DAC0000000000000000000000000000000000056
:10DAD0000000000000000000000000000000000046
:10DAE0000000000000000000000000000000000036
:10DAF0000000000000000000000000000000000026
:10DB00000000000000000000000000000000000015
:10DB10000000000000000000000000000000000005
:10DB200000000000000000000000000000000000F5
:10DB300000000000000000000000000000000000E5
:10DB400000000000000000000000000000000000D5
:10DB500000000000000000000000000000000000C5
:10DB600000000000000000000000000000000000B5
:10DB700000000000000000000000000000000000A5
:10DB80000000000000000000000000000000000095
:10DB90000000000000000000000000000000000085
:10DBA0000000000000000000000000000000000075
:10DBB0000000000000000000000000000000000065
:10DBC0000000000000000000000000000000000055
:10DBD0000000000000000000000000000000000045
:10DBE0000000000000000000000000000000000035
:10DBF0000000000000000000000000000000000025
:10DC00000000000000000000000000000000000014
:10DC10000000000000000000000000000000000004
:10DC200000000000000000000000000000000000F4
:10DC300000000000000000000000000000000000E4
:10DC400000000000000000000000000000000000D4
:10DC500000000000000000000000000000000000C4
:10DC600000000000000000000000000000000000B4
:10DC700000000000000000000000000000000000A4
:10DC80000000000000000000000000000000000094
:10DC90000000000000000000000000000000000084
:10DCA0000000000000000000000000000000000074
:10DCB0000000000000000000000000000000000064
:10DCC0000000000000000000000000000000000054
:10DCD0000000000000000000000000000000000044
:10DCE0000000000000000000000000000000000034
:10DCF0000000000000000000000000000000000024
:10DD00000000000000000000000000000000000013
:10DD10000000000000000000000000000000000003
:10DD200000000000000000000000000000000000F3
:10DD300000000000000000000000000000000000E3
:10DD400000000000000000000000000000000000D3
:10DD500000000000000000000000000000000000C3
:10DD600000000000000000000000000000000000B3
:10DD700000000000000000000000000000000000A3
:10DD80000000000000000000000000000000000093
:10DD90000000000000000000000000000000000083
:10DDA0000000000000000000000000000000000073
:10DDB0000000000000000000000000000000000063
:10DDC0000000000000000000000000000000000053
:10DDD0000000000000000000000000000000000043
:10DDE0000000000000000000000000000000000033
:10DDF0000000000000000000000000000000000023
:10DE00000000000000000000000000000000000012
:10DE10000000000000000000000000000000000002
:10DE200000000000000000000000000000000000F2
:10DE300000000000000000000000000000000000E2
:10DE400000000000000000000000000000000000D2
:10DE500000000000000000000000000000000000C2
:10DE600000000000000000000000000000000000B2
:10DE700000000000000000000000000000000000A2
:10DE80000000000000000000000000000000000092
:10DE90000000000000000000000000000000000082
:10DEA0000000000000000000000000000000000072
:10DEB0000000000000000000000000000000000062
:10DEC0000000000000000000000000000000000052
:10DED0000000000000000000000000000000000042
:10DEE0000000000000000000000000000000000032
:10DEF0000000000000000000000000000000000022
:10DF00000000000000000000000000000000000011
:10DF10000000000000000000000000000000000001
:10DF200000000000000000000000000000000000F1
:10DF300000000000000000000000000000000000E1
:10DF400000000000000000000000000000000000D1
:10DF500000000000000000000000000000000000C1
:10DF600000000000000000000000000000000000B1
:10DF700000000000000000000000000000000000A1
:10DF80000000000000000000000000000000000091
:10DF90000000000000000000000000000000000081
:10DFA0000000000000000000000000000000000071
:10DFB0000000000000000000000000000000000061
:10DFC0000000000000000000000000000000000051
:10DFD0000000000000000000000000000000000041
:10DFE0000000000000000000000000000000000031
:10DFF0000000000000000000000000000000000021
:10E000000000000000000000000000000000000010
:10E010000000000000000000000000000000000000
:10E0200000000000000000000000000000000000F0
:10E0300000000000000000000000000000000000E0
:10E0400000000000000000000000000000000000D0
:10E0500000000000000000000000000000000000C0
:10E0600000000000000000000000000000000000B0
:10E0700000000000000000000000000000000000A0
:10E080000000000000000000000000000000000090
:10E090000000000000000000000000000000000080
:10E0A0000000000000000000000000000000000070
:10E0B0000000000000000000000000000000000060
:10E0C0000000000000000000000000000000000050
:10E0D0000000000000000000000000000000000040
:10E0E0000000000000000000000000000000000030
:10E0F0000000000000000000000000000000000020
:10E10000000000000000000000000000000000000F
:10E1100000000000000000000000000000000000FF
:10E1200000000000000000000000000000000000EF
:10E1300000000000000000000000000000000000DF
:10E1400000000000000000000000000000000000CF
:10E1500000000000000000000000000000000000BF
:10E1600000000000000000000000000000000000AF
:10E17000000000000000000000000000000000009F
:10E18000000000000000000000000000000000008F
:10E19000000000000000000000000000000000007F
:10E1A000000000000000000000000000000000006F
:10E1B000000000000000000000000000000000005F
:10E1C000000000000000000000000000000000004F
:10E1D000000000000000000000000000000000003F
:10E1E000000000000000000000000000000000002F
:10E1F000000000000000000000000000000000001F
:10E20000000000000000000000000000000000000E
:10E2100000000000000000000000000000000000FE
:10E2200000000000000000000000000000000000EE
:10E2300000000000000000000000000000000000DE
:10E2400000000000000000000000000000000000CE
:10E2500000000000000000000000000000000000BE
:10E2600000000000000000000000000000000000AE
:10E27000000000000000000000000000000000009E
:10E28000000000000000000000000000000000008E
:10E29000000000000000000000000000000000007E
:10E2A000000000000000000000000000000000006E
:10E2B000000000000000000000000000000000005E
:10E2C000000000000000000000000000000000004E
:10E2D000000000000000000000000000000000003E
:10E2E000000000000000000000000000000000002E
:10E2F000000000000000000000000000000000001E
:10E30000000000000000000000000000000000000D
:10E3100000000000000000000000000000000000FD
:10E3200000000000000000000000000000000000ED
:10E3300000000000000000000000000000000000DD
:10E3400000000000000000000000000000000000CD
:10E3500000000000000000000000000000000000BD
:10E3600000000000000000000000000000000000AD
:10E37000000000000000000000000000000000009D
:10E38000000000000000000000000000000000008D
:10E39000000000000000000000000000000000007D
:10E3A000000000000000000000000000000000006D
:10E3B000000000000000000000000000000000005D
:10E3C000000000000000000000000000000000004D
:10E3D000000000000000000000000000000000003D
:10E3E000000000000000000000000000000000002D
:10E3F000000000000000000000000000000000001D
:10E40000000000000000000000000000000000000C
:10E4100000000000000000000000000000000000FC
:10E4200000000000000000000000000000000000EC
:10E4300000000000000000000000000000000000DC
:10E4400000000000000000000000000000000000CC
:10E4500000000000000000000000000000000000BC
:10E4600000000000000000000000000000000000AC
:10E47000000000000000000000000000000000009C
:10E48000000000000000000000000000000000008C
:10E49000000000000000000000000000000000007C
:10E4A000000000000000000000000000000000006C
:10E4B000000000000000000000000000000000005C
:10E4C000000000000000000000000000000000004C
:10E4D000000000000000000000000000000000003C
:10E4E000000000000000000000000000000000002C
:10E4F000000000000000000000000000000000001C
:10E50000000000000000000000000000000000000B
:10E5100000000000000000000000000000000000FB
:10E5200000000000000000000000000000000000EB
:10E5300000000000000000000000000000000000DB
:10E5400000000000000000000000000000000000CB
:10E5500000000000000000000000000000000000BB
:10E5600000000000000000000000000000000000AB
:10E57000000000000000000000000000000000009B
:10E58000000000000000000000000000000000008B
:10E59000000000000000000000000000000000007B
:10E5A000000000000000000000000000000000006B
:10E5B000000000000000000000000000000000005B
:10E5C000000000000000000000000000000000004B
:10E5D000000000000000000000000000000000003B
:10E5E000000000000000000000000000000000002B
:10E5F000000000000000000000000000000000001B
:10E60000000000000000000000000000000000000A
:10E6100000000000000000000000000000000000FA
:10E6200000000000000000000000000000000000EA
:10E6300000000000000000000000000000000000DA
:10E6400000000000000000000000000000000000CA
:10E6500000000000000000000000000000000000BA
:10E6600000000000000000000000000000000000AA
:10E67000000000000000000000000000000000009A
:10E68000000000000000000000000000000000008A
:10E69000000000000000000000000000000000007A
:10E6A000000000000000000000000000000000006A
:10E6B000000000000000000000000000000000005A
:10E6C000000000000000000000000000000000004A
:10E6D000000000000000000000000000000000003A
:10E6E0000000000080260008882600089426000804
:10E6F000A0260008A8260008B02600080100000097
:08E70000100000000024F400E9
:04000005080025BD0D
:00000001FF
